UNLOCODE,Alternative UNLOCODE,Terminal Code,Terminal Facility Name,Terminal Company Name,Last Change,Valid From,Valid Until,Terminal Website,Terminal Address,Remarks,Coordinates
AEAJM,,HAJT,HUTCHISON AJMAN INTERNATIONAL TERMINAL (HAJT),HUTCHISON PORTS AJMAN,,2022-01-19,,https://www.hutchisonportsajman.com/,"PO Box 388, Ajman, U.A.E.",,"25.421667, 55.452778"
AEFJR,,FJR,PORT OF FUJAIRAH,FUJAIRAH TERMINALS,,2023-10-17,,https://www.fujairahterminals.ae/,"E99 Street, PO BOX 3334, Fujairah, U.A.E.",,"25.176944, 56.358333"
AEJEA,,DPWJA,DP WORLD JEBEL ALI - CT1,DP WORLD JEBEL ALI,,2012-10-05,,https://www.dpworld.com/en/uae/ports-and-terminals/jebel-ali-port,"PO Box 17000, Dubai, U.A.E.",,"24.992222, 55.066111"
AEJEA,,DPWJ2,DP WORLD JEBEL ALI - CT2,DP WORLD JEBEL ALI,,2015-02-05,,https://www.dpworld.com/en/uae/ports-and-terminals/jebel-ali-port,"PO Box 17000, Dubai, U.A.E.",,"25.022222, 55.061667"
AEJEA,,DPWJ3,DP WORLD JEBEL ALI - CT3,DP WORLD JEBEL ALI,2020-01-03,2015-02-05,,https://www.dpworld.com/en/uae/ports-and-terminals/jebel-ali-port,"PO Box 17000, Dubai, U.A.E.",,"24.989167, 55.050833"
AEJEA,,DPWJ4,DP WORLD JEBEL ALI - CT4,DP WORLD JEBEL ALI,,2019-06-04,,https://www.dpworld.com/en/uae/ports-and-terminals/jebel-ali-port,"PO Box 17000, Dubai, U.A.E.",,"25.0325, 55.051667"
AEKHL,,CMAT,CMA TERMINALS KHALIFA PORT,CMA TERMINALS KHALIFA PORT,,2024-09-27,,https://www.adports.ae/ports-terminals/terminals/cma-terminals-khalifa-port/,"AI Warqa Street, Khalifa Port, Abu Dhabi, U.A.E.",,"24.829167, 54.658611"
AEKHL,,CSP,CSP ABU DHABI TERMINAL,COSCO SHIPPING PORTS ABU DHABI TERMINAL LLC,2021-03-01,2020-12-01,,https://www.cspadt.ae,"CSP Abu Dhabi Terminal LLC, P.O Box 25530, Khalifa Port, Abu Dhabi, U.A.E.","Berths B07,B08,B09.","24.816944, 54.662222"
AEKHL,,ADT,KHALIFA PORT CONTAINER TERMINAL,ABU DHABI TERMINALS,2021-03-01,2015-05-03,,https://www.adterminals.ae,"Khalifa Port Container Terminal Building 70 Taweelah, Khalifa Port, Abu Dhabi, U.A.E.",,"24.8075, 54.649444"
AEKLF,,KCTKLF,KHORFAKKAN CONTAINER TERMINAL,KHORFAKKAN CONTAINER TERMINAL,,2015-11-05,,https://www.gulftainer.com/terminals/uae/khorfakkan-container-terminal/,"P.O. Box 10326, Khorfakkan, U.A.E.",,"25.378333, 56.375278"
AEQIW,,UAQ,AHMED BIN RASHID PORT,HUTCHISON PORTS UAQ,,2024-08-20,,https://www.hutchisonportsuaq.com/,"Al Rass Area, Corniche Road, Umm Al Quwain, U.A.E.",,"25.589722, 55.581944"
AERKT,,SAQR,MINA SAQR CONTAINER TERMINAL,"HUTCHISON PORTS RAK, LTD.",,2023-01-01,,https://hutchisonportsrak.com,"Mina Saqr, Ghalilah, Ras al Khaimah, U.A.E.",,"25.980556, 56.055"
AESHJ,,SHJSCT,SHARJAH CONTAINER TERMINAL,GULFTAINER CO LTD - SHARJAH,,2019-03-19,,https://www.gulftainer.com/terminals/uae/sharjah-container-terminal/,"Port Khalid, P.O. Box 225, Sharjah, U.A.E.",,"25.358172, 55.370769"
AGSJO,,PSJO,PORT OF ST. JOHN'S ANTIGUA,ANTIGUA & BARBUDA PORT AUTHORITY (ABPA),,2025-02-25,,https://anuport.com/,"Deepwater Harbour, St. Johns, Antigua, Antigua and Barbuda",,"17.125278, -61.856111"
ALDRZ,,DCT,DURRES CONTAINER TERMINAL,DURRES CONTAINER TERMINAL SH.A.,,2022-01-19,,https://www.dct.al/,"Lagjia nr 1, Rruga Tregtare, Durrës, Albania",,"41.310833, 19.451111"
AOCAB,,CABT,CABINDA TERMINAL,EMPRESA PORTUARIA DE CABINDA,,2025-02-10,,,"Rua do comercio 11, Cabinda, Angola",,"-5.547778, 12.193056"
AOLAD,,BOA,BOAVISTA TERMINAL,SOCIEDADE GESTORA DE TERMINALS S.A. (SOGESTER),,2021-10-24,,https://www.sogester.co.ao/about-us/main-terminal/,"Rua da Cercania do Porto de Luanda S/N C.P. 2538, Estrada da Boavista, Luanda, Angola",Partner with APM Terminals,"-8.799861, 13.252056"
AOLAD,,MPT,TERMINAL MULTIUSO,"DP WORLD MPL SERVICOS, S.A.",,2021-10-24,,https://www.dpworld.com/angola,"Multipurpose Terminal (MPT), Luanda, Angola",Formerly TERMINAL 5M - SOPORTOS (SOPO). DP World as of 2021-03-01,"-8.788611, 13.271667"
AOLOB,,LOBT,LOBITO TERMINAL,PORTO DO LOBITO,,2022-01-19,,https://portodolobito.co.ao/,"Rua 1 de Dezembro, Lobito, Angola",3 Piers with 330m LOA,"-12.349167, 13.549444"
AOMSZ,,NAMIBE,NAMIBE TERMINAL,SOCIEDADE GESTORA DE TERMINALS S.A. (SOGESTER),,2021-10-24,,https://www.sogester.co.ao/about-us/namibe-terminal/,"Rua da Marginal do Namibe, Porto Namibe, Namibe, Angola",Partner with APM Terminals,"-15.190556, 12.130833"
AOSZA,,SZA,PORTO DO SOYO,KWANDA LDA,,2023-12-12,,https://portodosoyo.co.ao/,"Cais Comercial do Porto do Soyo, Soyo, Angola",,"-6.125556, 12.321389"
ARBHI,,TBB,TERMINAL BAHIA BLANCA,TERMINAL BAHIA BLANCA,,2004-05-31,,https://www.patagonia-norte.com.ar/bhi.html,"Av. de las Colectividades s/n, Puerto Ingeniero White, B8103 Bahía Blanca, Provincia de Buenos Aires, Argentina",,"-38.789444, -62.276944"
ARBUE,,TERM4,APM TERMINALS BUENOS AIRES T4,TERMINAL 4 S.A. / APM TERMINALS,2020-08-01,2004-05-31,,https://www.apmterminals.com/en/buenos-aires,"Terminal 4, Calle 8 y Av. Edison S/N, Puerto Nuevo, C1104BCA Buenos Aires, C.A.B.A., Argentina",Terminal 4,"-34.580278, -58.368056"
ARBUE,,EXOL,EXOLGAN CONTAINER TERMINAL BUENOS AIRES,EXOLGAN S.A.,2020-08-01,2004-05-31,,https://www.exolgan.com/,"Manuel Alberti 1780, Dock Sud, B1871ESF Avellaneda, Provincia de Buenos Aires, Argentina",,"-34.64, -58.346667"
ARBUE,,TRP,TERMINALES RIO DE LA PLATA (TRP),TERMINALES RIO DE LA PLATA S.A. / DP WORLD,,2005-09-19,,https://www.trp.com.ar/,"Av. Ramón Castillo and Av. Comodoro Py, Puerto Nuevo, C1104BCA Buenos Aires, C.A.B.A., Argentina","Terminals 1,2,3","-34.584722, -58.363056"
ARLPG,,PLP,LA PLATA TERMINAL DE CONTENEDORES (TECPLATA),TECPLATA SA / ICTSI,,2025-02-25,,https://www.tecplata.com/,"Rio de Janeiro Oeste 5071, Puerto La Plata, B1923 Berisso, Provincia de Buenos Aires, Argentina",,"-34.855, -57.888889"
ARLPS,,LPMOL,LAS PALMAS MOLCA,TERMINAL LAS PALMAS MOLCA,,2004-05-31,,https://terminallaspalmas.com/,"Río Paraná, 2800 Zárate, Provincia de Buenos Aires, Argentina",,"-34.021111, -59.1275"
ARMDQ,,COOTR,TC2 MAR DEL PLATA,TC2 MAR DEL PLATA SA,2025-02-25,2004-05-31,,https://www.tc2mdp.com/,"Terminal 2, sección 8va., 7600 Mar del Plata, Provincia de Buenos Aires, Argentina",,"-38.046944, -57.536389"
ARPMY,,PUPUB,PUERTO MADRYN,PUERTO PUBLICO & LOGINTER,2024-12-21,2004-05-31,,https://www.appm.com.ar/,"Almirante Storni Dock, 9120 Puerto Madryn, Provincia de Chubut, Argentina",,"-42.736111, -65.038611"
ARPUD,,PUDES,PUERTO DESEADO,UNIDAD EJECUTORA PORTUARIA DE SANTA CRUZ (UNEPOSC),2023-02-06,2004-05-31,,https://uneposc.com.ar/web/ptodeseado.php,"España s/n, 9050 Puerto Deseado, Provincia de Santa Cruz, Argentina",,"-47.753611, -65.911111"
ARROS,,TROSA,TERMINAL PUERTO ROSARIO,TERMINAL PUERTO ROSARIO S.A.,,2004-05-31,,https://www.tpr.com.ar/,"Av. Belgrano 2015, 2000 Rosario, Provincia de Santa Fe, Argentina",,"-32.976667, -60.618056"
ARSAE,,TSP,TERMINAL SAN ANTONIO ESTE,PATAGONIA NORTE SA TERMINAL DE SERVICIOS PORTUARIOS (TSP),2020-12-01,2004-05-31,,https://www.patagonia-norte.com.ar/sae.html,"Prefectura Naval Argentina, 8521 Puerto San Antonio Este, Provincia de Río Negro, Argentina",,"-40.799167, -64.8825"
ARUSH,,PLS,PATAGONIA LOGISTIC SOLUTIONS SA,PATAGONIA LOGISTIC SOLUTIONS SA,,2004-05-31,,https://www.dpp.gob.ar/web/,"Av. Maipu 510, 9410 Ushuaia, Provincia de Tierra del Fuego, Argentina",,"-54.808889, -68.303333"
ARZAE,,TZARA,TERMINAL ZARATE,TZ TERMINALES PORTUARIAS,,2004-05-31,,https://www.terminalzarate.com.ar/,"Dr. Félix Pagola 2671, B2800DDX Zárate, Provincia de Buenos Aires, Argentina",,"-34.067778, -59.035"
ASPPG,,PAGO,PORT OF PAGO-PAGO,PORT OF PAGO PAGO,,2004-05-31,,https://portadministration.as.gov/seaports/port-of-pago-pago,"Rte 1, Eastern District, Fagatogo, AS 96799, American Samoa",,"-14.276667, -170.684722"
AUADL,,FLACT,FLINDERS ADELAIDE CONTAINER TERMINAL,FLINDERS ADELAIDE CONTAINER TERMINAL,,2004-05-31,,https://www.flindersadelaidecontainerterminal.com.au/,"6 Coghlan Road, Outer Harbor SA 5018, Australia","Outer Harbor Berths 6,7.","-34.769444, 138.490556"
AUBEL,,CONBE,QUBE PORTS BELL BAY,QUBE PORTS (NO.1) PTY LTD,,2014-04-17,,https://qube.com.au/about/locations/,"1 Mobil Road, Bell Bay TAS 7253, Australia",Berths 5-6. Code provided by 1-STOP (https://www.1-stop.biz/).,"-41.139444, 146.854722"
AUBNE,,AATFI,AAT BRISBANE FISHERMAN ISLANDS CARGO TERMINAL,AUSTRALIAN AMALGAMATED TERMINALS,2019-11-18,2014-04-17,,https://www.aaterminals.com.au/location-fisherman/,"Berth 3, Port Drive, Port of Brisbane QLD 4178, Australia",Wharves 1-3. Code provided by 1-STOP (https://www.1-stop.biz/).,"-27.378889, 153.166389"
AUBNE,,DPBNE,DP WORLD BRISBANE FISHERMAN ISLANDS,DP WORLD (AUSTRALIA),2019-11-18,2014-03-14,,https://www.dpworld.com/australia/ports-and-terminals/dp-world-brisbane,"Wharf 4, Port Drive, Fisherman Islands, Port of Brisbane QLD 4178, Australia",Wharves 4-7. Code provided by 1-STOP (https://www.1-stop.biz/).,"-27.373056, 153.170556"
AUBNE,,HPAFI,HUTCHISON BRISBANE CONTAINER TERMINALS (BCT),BRISBANE CONTAINER TERMINALS PTY LTD (BCT) / HUTCHISON PORTS BRISBANE,2019-11-18,2015-03-10,,https://www.hutchisonports.com.au/hutchisonports-brisbane/,"Berth 11, Peregrine Drive, Port of Brisbane QLD 4178, Australia",Wharves 11-12. Code provided by 1-STOP (https://www.1-stop.biz/).,"-27.36, 153.18"
AUBNE,,PTFIT,PATRICK BRISBANE AUTOSTRAD TERMINAL,PATRICK,2019-11-18,2001-06-26,,https://patrick.com.au/locations/brisbane/,"Berth 10, Curlew St, Port of Brisbane QLD 4178, Australia","Berths 8,9,10. Code provided by 1-STOP (https://www.1-stop.biz/).","-27.366111, 153.175833"
AUDRW,,CONDW,DARWIN EAST ARM WHARF,DARWIN PORT OPERATIONS PTY LTD,2024-09-27,2014-04-17,,https://www.darwinport.com.au/,"880 Berrimah Road, East Arm NT 0822, Australia",Code provided by 1-STOP (https://www.1-stop.biz/).,"-12.49, 130.880556"
AUEPR,,QBESP,QUBE PORTS ESPERANCE,QUBE PORTS PTY LTD,,2023-01-01,,https://www.southernports.com.au/esperance,"Bower Avenue, Esperance WA 6450, Australia",Code provided by 1-STOP (https://www.1-stop.biz/).,"-33.872222, 121.9"
AUFRE,,CONFR,DP WORLD FREMANTLE,DP WORLD (AUSTRALIA),2019-11-18,2014-04-17,,https://www.dpworld.com/australia/ports-and-terminals/dp-world-fremantle,"Berths 4/5/6 North Quay, Rudderham Drive, North Fremantle WA 6159, Australia","Berths CT1,CT2. Code provided by 1-STOP (https://www.1-stop.biz/).","-32.046944, 115.741667"
AUFRE,,ASLFR,PATRICK FREMANTLE CONTAINER TERMINAL,PATRICK,2019-11-18,2004-05-31,,https://patrick.com.au/locations/patrick-terminals-fremantle/,"Berth 7, Port Beach Rd, North Fremantle WA 6159, Australia","Berths CT3,CT4. Code provided by 1-STOP (https://www.1-stop.biz/).","-32.043056, 115.745278"
AUFRE,,POPFRB,QUBE PORTS FREMANTLE,QUBE PORTS PTY LTD,,2020-08-01,,https://qube.com.au/about/locations/,"Gate 4, Berths 11/12, Napier Road, North Fremantle WA 6159, Australia","Berths 11,12. Code provided by 1-STOP (https://www.1-stop.biz/).","-32.039722, 115.750833"
AUMEL,,AATAD,AAT MELBOURNE APPLETON DOCK,AUSTRALIAN AMALGAMATED TERMINALS,,2020-08-01,,https://www.aaterminals.com.au/location-appleton/,"Shed D, Appleton Dock Road, West Melbourne VIC 3003, Australia","Berths B,C,D,E. Code provided by 1-STOP (https://www.1-stop.biz/).","-37.816944, 144.921389"
AUMEL,,CONWS,DP WORLD WEST SWANSON DOCK TERMINAL,DP WORLD (AUSTRALIA),2019-11-18,2014-04-17,,https://www.dpworld.com/australia/ports-and-terminals/dp-world-melbourne,"Mackenzie Rd, West Melbourne VIC 3003, Australia","Berths 1,2,3 West. Code provided by 1-STOP (https://www.1-stop.biz/).","-37.813889, 144.911944"
AUMEL,,ASES1,PATRICK EAST SWANSON DOCK TERMINAL,PATRICK,2020-01-03,2004-05-31,,https://patrick.com.au/locations/patrick-terminals-melbourne/,"2 Phillipps Road, West Melbourne VIC 3003, Australia","Berths 1,2,3 East. Code provided by 1-STOP (https://www.1-stop.biz/).","-37.813889, 144.915278"
AUMEL,,VICTM,VICT WEBB DOCK EAST,VICTORIA INTERNATIONAL CONTAINER TERMINAL,2019-11-18,2017-04-26,,https://www.vict.com.au/,"78 Webb Dock Dr, Port Melbourne VIC 3207, Australia",Code provided by 1-STOP (https://www.1-stop.biz/).,"-37.846944, 144.910833"
AUPKL,,AATPK,AAT PORT KEMBLA,AUSTRALIAN AMALGAMATED TERMINALS,,2004-05-31,,https://www.aaterminals.com.au/location-portkembla/,"Yampi Way (Off Tom Thumb Road), Port Kembla NSW 2505, Australia","Berths 103,105,106,107. Code provided by 1-STOP (https://www.1-stop.biz/).","-34.454722, 150.888611"
AUSYD,,CTLPB,DP WORLD SYDNEY,DP WORLD (AUSTRALIA),2019-12-13,2004-05-31,,https://www.dpworld.com/australia/ports-and-terminals/dp-world-sydney,"42 Friendship Rd, Port Botany NSW 2036, Australia",Code provided by 1-STOP (https://www.1-stop.biz/).,"-33.970833, 151.216389"
AUSYD,,HPAPB,HUTCHISON SYDNEY INTERNATIONAL CONTAINER TERMINAL (SICTL),SYDNEY INTERNATIONAL CONTAINER TERMINALS PTY LTD (SICTL) / HUTCHISON PORTS SYDNEY,2019-12-13,2015-03-10,,https://www.hutchisonports.com.au/hutchisonports-sydney/,"Gates B150-160 Foreshore Road, Botany NSW 2019, Australia",Code provided by 1-STOP (https://www.1-stop.biz/).,"-33.963611, 151.200556"
AUSYD,,ASLPB,PATRICK SYDNEY AUTOSTRAD TERMINAL,PATRICK,2019-12-13,2004-05-31,,https://patrick.com.au/locations/sydney/,"Gate B110 Penrhyn Road, Port Botany NSW 2036, Australia","Berths 6,7,8,9. Code provided by 1-STOP (https://www.1-stop.biz/).","-33.968889, 151.210556"
AWORJ,,AWBAR,BARCADERA CONTAINER TERMINAL,ARUBA STEVEDORING COMPANY (ASTEC) N.V.,2020-02-29,2016-09-19,,https://www.arubaports.com/main/barcadera/,"Barcadera, Oranjestad, Aruba",,"12.479722, -69.997222"
AWORJ,,ASTEC,PORT OF ORANJESTAD,ARUBA PORTS AUTHORITY N.V.,2020-02-29,2004-05-31,,https://www.arubaports.com/main/oranjestad/,"L.G. Smith Boulevard 23, Oranjestad, Aruba",Container operations moved to Barcadera in 2016.,"12.5225, -70.046389"
BBBGI,,BPI,BRIDGETOWN PORT TERMINAL (BPI),BARBADOS PORT INC. (BPI),,2022-01-19,,https://www.barbadosport.com/,"University Row, Bridgetown, St. Michael BB 11142, Barbados","Berths 2,4,5","13.106111, -59.629444"
BDCGP,,CCT,CHITTAGONG CONTAINER TERMINALS (CCT),SAIF POWERTEC LTD,,2025-09-16,,https://www.saifpowertecltd.com/port_cct.php,"Port Link Road, Chittagong 4100, Bangladesh","Total quay length 450 m. Berths CCT-1, CCT-2, CCT-3.","22.3, 91.795556"
BDCGP,,GCB,GENERAL CARGO BERTH (GCB),A&J TRADERS/FQ KAHN/FAZLI &SONS/EVEREST SERVICES LTD/BASHIR AHMED/MH CHY,,2025-09-16,,,"Port Link Road, Chittagong 4100, Bangladesh","6 container berths (GCB-8, GCB-9, GCB-10, GCB-11, GCB-12, GCB-13).","22.308333, 91.801389"
BDCGP,,NCT,NEW MOORING CONTAINER TERMINAL (NCT),CHITTAGONG DRY DOCK LIMITED (CDDL),,2025-09-16,,https://www.saifpowertecltd.com/port_nct.php,"Port Link Road, Chittagong 4100, Bangladesh","Total quay length 1000 m. Berths NCT-1 (dedicated for Pangaon vessels), NCT-2, NCT-3, NCT-4, NCT-5","22.293333, 91.793611"
BDCGP,,PCT,PATENGA CONTAINER TERMINAL,RED SEA GATEWAY TERMINAL BANGLADESH LTD,,2024-09-27,,https://www.linkedin.com/company/rsgt-bangladesh/,"Airport Road, Patenga, Chittagong 4100, Bangladesh",,"22.2675, 91.824722"
BDMGL,,MPA,MONGLA TERMINAL,MONGLA PORT AUTHORITY,,2022-08-01,,https://mpa.gov.bd/,"Mongla Sea Port, Mongla 9351, Bangladesh",,"22.49, 89.590833"
BDMUN,,SAPLRT,SAPL INLAND WATER CONTAINER TERMINAL,SUMMIT ALLIANCE PORT LIMITED,,2019-12-06,,https://www.saplbd.com,"West Muktarpur, Panchashar, Munshiganj 1500, Bangladesh",,"23.5743, 90.512075"
BEANR,,ACOT,ANTWERP CONTAINER TERMINAL (K730),SEA-INVEST ANTWERP CONTAINER TERMINAL (ACOT),,2019-07-05,,https://www.sea-invest.com,"Antwerpsebaan 57, Haven 730, 2040 Antwerp, Belgium",,"51.324167, 4.346389"
BEANR,,AET,ANTWERP EUROTERMINAL (K1329-K1347),ANTWERP EUROTERMINAL NV,2022-06-01,2016-07-26,,https://aet.be/,"Blikken, Haven 1333, 9130 Verrebroek, Belgium",,"51.277222, 4.215833"
BEANR,,1700,ANTWERP GATEWAY TERMINAL (K1700-K1710),DP WORLD (ANTWERP),2020-01-03,2014-04-17,,https://www.dpworld.com/en/antwerp/services/antwerpgateway,"Molenweg, Haven 1950, 9130 Doel, Belgium",,"51.291944, 4.265556"
BEANR,,K400,ASSOCIATED TERMINAL OPERATORS (K400),ASSOCIATED TERMINAL OPERATORS (ATO),,2022-06-01,,https://ato-antwerp.com/,"Zandvoort 2, Haven 400, 2030 Antwerp, Belgium",K346-K408,"51.278056, 4.351667"
BEANR,,BNFW,BELGIAN NEW FRUIT WHARF (K184-K238),SEA-INVEST FRUIT AND FOOD DIVISION,2022-06-01,2015-10-30,,https://www.sea-invest.com,"Rostockweg 1, Haven 184-238, 2030 Antwerp, Belgium",,"51.261667, 4.378333"
BEANR,,K420,CHURCHILL TERMINAL (K416-K430),NOVA NATIE NV,2022-06-01,2014-07-14,,https://www.nova.be/,"Wilmarsstraat 416, Haven 416-430, 2030 Antwerp, Belgium",K416-K430,"51.278889, 4.365278"
BEANR,,K524,EUROPORTS CONTAINERS (K524),EUROPORTS CONTAINERS Q524 NV,,2022-06-01,,https://www.euroports.com/terminal/empty-container-depot-t524-antwerp-belgium/,"Muisbroeklaan 61, Haven 524, 2030 Antwerp, Belgium","K522-K524. Empty container depot, but also used as feeder terminal.","51.299167, 4.3325"
BEANR,,K1718,MPET DEURGANCK DOCK EAST (K1718),MSC PSA EUROPEAN TERMINAL,2022-06-01,2021-04-01,,https://www.mpet.be/,"Sint-Antoniusweg, Haven 1742 Zone 1, 9130 Doel, Belgium",K1742 has 2 separate zones (east and west) at each side of the dock with separate gates.,"51.283333, 4.256111"
BEANR,,K1742,MPET DEURGANCK DOCK WEST (K1742),MSC PSA EUROPEAN TERMINAL,2022-06-01,2014-07-14,,https://www.mpet.be/,"Sint-Antoniusweg, Haven 1742 Zone 2, 9130 Doel, Belgium",K1742 has 2 separate zones (east and west) at each side of the dock with separate gates.,"51.292778, 4.2575"
BEANR,,K869,PSA EUROPA TERMINAL (K869),PSA ANTWERP,2020-01-03,2014-07-14,,https://www.psa-antwerp.be/en/terminals/europa-terminal,"Scheldelaan 495, Haven 851-869, 2040 Antwerp, Belgium",K851-K869,"51.338333, 4.276111"
BEANR,,K913,PSA NOORDZEE TERMINAL (K913),PSA ANTWERP,2020-01-03,2014-07-14,,https://www.psa-antwerp.be/en/terminals/noordzee-terminal,"Scheldelaan 601, Haven 901-913, 2040 Antwerp, Belgium",K901-K913,"51.350833, 4.265278"
BEZEE,,CSPZ,CSP ZEEBRUGGE TERMINAL,CSP ZEEBRUGGE TERMINAL NV,,2021-03-01,,https://cspterminals.be/,"Leopold II-Dam, Kaai 120-122, 8380 Zeebrugge, Belgium",,"51.3475, 3.188889"
BEZEE,,PSAZ,PSA ZEEBRUGGE TERMINAL,PSA ZEEBRUGGE NV,,2021-04-01,,https://www.psa-zeebrugge.be/,"Caxtonweg, Kaai 140-144, 8380 Zeebrugge, Belgium","Berths 140,141,142,143,144","51.354722, 3.18"
BGBOJ,,ACT,ADVANCE CONTAINER TERMINAL BURGAS,BMF PORT BURGAS JSC,,2020-12-01,,https://www.actburgas.bg/,"Knyaz Alexander Batenberg Str. 1, Harbour complex, 8000 Burgas, Bulgaria",Terminal West,"42.485556, 27.458611"
BGVAR,,EPT,VARNA EAST PORT TERMINAL,PORT OF VARNA EAD,,2022-02-01,,https://www.port-varna.bg/,"1 Slaveikov Square, 9000 Varna, Bulgaria",,"43.196389, 27.9125"
BGVAR,,WPT,VARNA WEST PORT CONTAINER TERMINAL,PORT OF VARNA EAD,,2022-02-01,,https://www.port-varna.bg/,"Devnya Industrial Area, 9160 Varna, Bulgaria",,"43.19, 27.646111"
BHAHD,BHKBS,POSU,APM TERMINALS BAHRAIN,APM TERMINALS BAHRAIN B.S.C. (C),2021-04-01,2015-09-21,,https://www.apmterminals.com/en/bahrain,"Khalifa Bin Salman Port, PO Box 50490, Hidd, Kingdom of Bahrain",,"26.185, 50.713333"
BJCOO,,BTER,BENIN TERMINAL,PORT AUTONOME DE COTONOU / BOLLORE PORTS / APM TERMINALS,2020-05-01,2015-09-22,,https://portdecotonou.bj/,"Port Autonome de Cotonou, Boulevard de la Marina Littoral, BP 927, Cotonou, Benin",,"6.346667, 2.418889"
BLSBH,,GUST,PORT DE GUSTAVIA,PORT DE GUSTAVIA,,2025-02-01,,http://www.portdegustavia.fr/,"Port de Gustavia, BP 695, 97099 Gustavia, Saint Barthélemy",,"17.902222, -62.853333"
BNMUA,,MCT,MUARA CONTAINER TERMINAL,MUARA PORT COMPANY SDN BHD,,2022-01-19,,https://www.muaraportcompany.com.bn/,"Jalan Perusahaan Muara, Muara BT1728, Brunei Darussalam",,"5.023333, 115.07"
BRFOR,,CMAT,CMA TERMINALS FORTALEZA,CMA TERMINALS DO BRASIL LTDA,,2025-05-01,,https://www.cmat-fortaleza.com/,"Av. Vicente de Castro, 6101, Fortaleza - CE, 60180-410, Brazil",2 berths,"-3.706667, -38.473056"
BRFOR,,TOT,TERMACO OCEAN TERMINAL,TERMACO TERMINAIS MAR DE CONTAINERS E SERV ACES LTDA,2020-02-29,2004-05-31,,https://www.termaco.com.br/,"Av. Vicente de Castro S/N, Salas 01 e 02 - Mucuripe, Fortaleza - CE, 60180-422, Brazil",,"-3.710833, -38.474444"
BRIBB,,TECIB,TECON IMBITUBA SA,TECON IMBITUBA SA,,2004-05-31,,https://www.santosbrasil.com.br/,"Centro, Imbituba - SC, 88780-000, Brazil",,"-28.229722, -48.65"
BRIOA,,ITP,ITAPOA TERMINAIS PORTUARIOS S/A,ITAPOA TERMINAIS PORTUARIOS S/A,,2004-05-31,,https://www.portoitapoa.com/,"Av. Beira Mar 5, 2900, Itapoá - SC, 89249-000, Brazil",,"-26.182222, -48.605278"
BRITJ,,JBST,JBS TERMINAIS ITAJAI,SEARA OPERACOES PORTUARIAS LTDA,,2024-10-11,,https://jbsterminais.com.br/,"Av. Coronel Eugenio Muller 300, Itajai - SC, 88301-120, Brazil",JBS took over terminal operations from APMT in 2024.,"-26.901389, -48.664444"
BRMAO,,CHINC,CHIBATAO NAVEGACAO E COMERCIO LTDA,CHIBATAO NAVEGACAO E COMERCIO LTDA,,2004-05-31,,https://www.grupochibatao.com.br/,"Rua Zebu 201 - Colônia Oliveira Machado, Manaus - AM, 69073-670, Brazil",,"-3.156667, -59.99"
BRMAO,,SUPER,SUPER TERMINAIS,SUPER TERMINAIS COM E IND LTDA,,2004-05-31,,https://superterminais.com.br/,"R. Ponta Grossa 256 - Colônia Oliveira Machado, Manaus - AM, 69074-190, Brazil",,"-3.149722, -59.998333"
BRNVT,,PTP,PORTONAVE SA TERMINAIS PORTUARIOS,PORTONAVE SA TERMINAIS PORTUARIOS,,2004-05-31,,https://www.portonave.com.br/en/,"Av. Portuária Vicente Honorato Coelho 1 - São Domingos, Navegantes - SC, 88370-904, Brazil",,"-26.896389, -48.662778"
BRPEC,,BRAPEC,APM TERMINALS PECEM,APM TERMINALS PECEM OPERACOES PORTUARIAS LTDA,,2015-10-13,,https://www.apmterminals.com/en/pecem,"Rua SDO27 Number 10 S / N - Block B - Room 4, São Gonçalo do Amarante - CE, 60310-240, Brazil",,"-3.548611, -38.810833"
BRPNG,,TCP,TCP DE CONTEINERES DE PARANAGUA SA,TCP DE CONTEINERES DE PARANAGUA SA,,2004-05-31,,https://www.tcp.com.br/,"Av. Portuaria s/n - Dom Pedro II, Paranaguá - PR, 83221-570, Brazil",,"-25.502778, -48.501944"
BRRIG,,TECRG,TECON RIO GRANDE,WILSON SONS TERMINALS,2024-12-21,2004-05-31,,https://www.wilsonsons.com.br/en/rio-grande-container-terminal/,"Av. Almirante Maximiano da Fonseca 201 4ª Seção da Barra, Rio Grande - RS, 96204-040, Brazil",Superporto area.,"-32.125833, -52.103889"
BRRIO,,LIBRJ,ICTSI RIO BRASIL TERMINAL 1,ICTSI RIO BRASIL TERMINAL,2022-06-01,2004-05-31,,https://riobrasilterminal.com/,"Rua General Gurjão 105 - Caju, Rio de Janeiro - RJ, 20931-040, Brazil",Formerly Libra Terminais. Libra Group went bankrupt in 2019 and the terminal was bought by ICTSI.,"-22.874167, -43.204444"
BRRIO,,MROP,MULTI RIO OPERACOES PORTUARIA SA,MULTI RIO OPERACOES PORTUARIA SA,,2004-05-31,,https://www.multirio.com.br/,"Av. Rio de Janeiro 4031 - Caju, Rio de Janeiro - RJ, 20931-675, Brazil",,"-22.878611, -43.208611"
BRSFS,,TESC,TESC TERMINAL SANTA CATARINA SA,TESC TERMINAL SANTA CATARINA SA,,2004-05-31,,https://www.terminalsc.com.br/,"Av. Engenheiro Leite Ribeiro 99 - Centro, São Francisco do Sul - SC, 89240-000, Brazil",,"-26.234722, -48.635278"
BRSPB,,TECSE,SEPETIBA TECON SA,SEPETIBA TECON SA,,2004-05-31,,https://www.csn.com.br/en/about-us/csn-group/sepetiba-tecon/,"Estrada Prefeito Wilson Pedro Francisco s/n - Ilha da Madeira, Itaguaí - RJ, 23826-600, Brazil",,"-22.930556, -43.838333"
BRSSA,,TECSV,TECON SALVADOR SA,TECON SALVADOR SA,,2004-05-31,,https://www.wilsonsons.com.br/en/salvador-container-terminal/,"Av. Engenheiro Oscar Pontes, Comercio Salvador - BA, 40460-130, Brazil",,"-12.957778, -38.506944"
BRSSZ,,BTP,BRASIL TERMINAL PORTUARIO (BTP),BRASIL TERMINAL PORTUARIO S.A. (APM TERMINALS / TIL),,2014-07-22,,https://www.btp.com.br/en/,"Av. Eng. Augusto Barata s/n - Porto Alemoa, Santos - SP, 11095-907, Brazil",,"-23.921944, -46.352778"
BRSSZ,,EMBRA,DP WORLD SANTOS,DP WORLD BRAZIL,2025-04-01,2004-05-31,,https://www.dpworld.com/en/santos,"Ilha Barnabé, Santos - SP, 11095-700, Brazil",,"-23.924722, -46.317222"
BRSSZ,,ECOS,ECOPORTO SANTOS,ECOPORTO SANTOS,,2014-07-22,,https://www.ecoportosantos.com.br/,"Av. Eng. Antônio Alves Freire s/n - Saboó, Santos - SP, 11010-230, Brazil",,"-23.927778, -46.335278"
BRSSZ,,RODRI,RODRIMAR SA TRANSP EQUIP INDUSTRIAL,RODRIMAR SA TRANSP EQUIP INDUSTRIAL,,2004-05-31,,http://www.rodrimar.com.br/,"Av. Eng. Antônio Alves Freire - Porto Saboó, Santos - SP, 11010-906, Brazil",,"-23.926389, -46.341111"
BRSSZ,,SSA,SANTOS BRASIL SA,SANTOS BRASIL SA,,2004-05-31,,https://www.santosbrasil.com.br/,"Praça Yara Santini 1223 - Vicente de Carvalho, Guarujá - SP, 11460-004, Brazil",,"-23.9625, -46.293333"
BRSUA,,TECSU,TECON SUAPE SA,TECON SUAPE SA,,2004-05-31,,https://www.teconsuape.com/,"Avenida Portuária s/n, Porto de Suape, Ipojuca - PE, 55590-000, Brazil",,"-8.393056, -34.9675"
BRVDC,,CONVI,CONVICON,CONVICON CONTEINERES DE VILA DO CONDE S/A,2019-04-01,2004-05-31,,https://www.santosbrasil.com.br/,"Rodovia PA 481 Vila do conde, Barcarena - PA, 68447-000, Brazil",,"-1.539444, -48.754167"
BRVIX,,TDVV,TERMINAL DE VILA VELHA SA,TERMINAL DE VILA VELHA SA,,2004-05-31,,https://www.loginlogistica.com.br/,"Av. Cavalieri 2000 - Ilha das Flores, Vila Velha - ES, 29115-486, Brazil",,"-20.324444, -40.328889"
BSFPO,,FCP,FREEPORT CONTAINER PORT,FREEPORT CONTAINER PORT (FCP) / HUTCHISON PORTS,,2022-01-19,,https://hutchisonportsfcp.com/,"Freeport Container Port, P.O. Box F-42465, Freeport, City of Freeport, Bahamas",,"26.530556, -78.764444"
BSNAS,,NCP,NASSAU CONTAINER PORT,NASSAU CONTAINER PORT (NCP),,2022-01-19,,https://www.nassaucontainerport.com/,"Arawak Cay, P.O. Box SP-63958, Nassau, New Providence, Bahamas",3 container berths.,"25.083889, -77.358056"
BZBGK,,PBGK,PORT OF BIG CREEK,PORT OF BIG CREEK,,2025-02-01,,https://portofbigcreek.com/,"3 Port Road, Big Creek, Independence Village, Stann Creek District, Belize C.A.",,"16.515, -88.404722"
BZBZE,,POB,PORT OF BELIZE,PORT OF BELIZE LTD.,,2022-01-19,,https://portauthority.bz/port-facilities/port-of-belize-limited/,"Caesar Ridge Road, Belize City, Belize, Belize C.A.",,"17.481111, -88.203889"
CACBK,,CBT,CORNER BROOK TERMINAL,CORNER BROOK PORT CORPORATION,,2022-01-19,,https://www.cornerbrookport.com/,"11 Riverside Drive, Corner Brook, NL A2H 2N2, Canada",,"48.96, -57.941667"
CAHAL,,FCOVE,FAIRVIEW COVE CONTAINER TERMINAL,CERES HALIFAX INC.,2020-01-24,2015-01-29,,https://www.ceresglobal.com/locations/halifax.html,"6708 Bayne Street, Halifax, NS B3K 5M6, Canada",,"44.667778, -63.627222"
CAHAL,,HAFXT,SOUTH END CONTAINER TERMINAL,PSA HALIFAX,2020-01-24,2013-06-05,,https://www.porthalifax.ca/facilities/hpa-facilities/psa-halifax-south-end-container-terminal/,"577 Marginal Rd, Halifax, NS B3H 4P6, Canada",,"44.628333, -63.5625"
CAMTR,,MGTCAS,CAST TERMINAL (SECTION 77),MONTREAL GATEWAY TERMINALS,2020-01-24,2015-02-19,,https://www.mtrtml.com/maps/index.php,"305 Rue Curatteau, Montréal, QC H1L 6R6, Canada",3 berths.,"45.586944, -73.504444"
CAMTR,,TMTMAI,MAISONNEUVE TERMINAL (SECTION 68),TERMONT TERMINAL INC,2020-01-24,2015-02-19,,https://www.termont.com/,"450 Rue De Boucherville, Montréal, QC H1N 0C6, Canada",3 berths.,"45.573889, -73.511389"
CAMTR,,MGTRAC,RACINE TERMINAL (SECTION 62),MONTREAL GATEWAY TERMINALS,2020-01-24,2015-02-19,,https://www.mtrtml.com/maps/index.php,"305 Rue Curatteau, Montréal, QC H1L 6R6, Canada",3 berths.,"45.565833, -73.518611"
CAMTR,,VIAU,VIAU TERMINAL (SECTION 52),TERMONT TERMINAL INC,,2022-01-19,,https://www.termont.com/,"450 Rue De Boucherville, Montréal, QC H1N 0C6, Canada",2 berths.,"45.551944, -73.526667"
CAPRR,,FCTPRR,FAIRVIEW CONTAINER TERMINAL,DP WORLD,2020-01-24,2018-03-07,,https://www.rupertport.com/terminal_details/fairview-container-terminal/,"Scott Rd, Prince Rupert, BC V8J 4B1, Canada",,"54.286389, -130.360278"
CASJB,,DPWSJB,DP WORLD SAINT JOHN,DP WORLD SAINT JOHN,,2021-10-24,,https://www.dpworld.com/canada/supply-chain-solutions/ports-and-terminals,"10 King St W, Saint John, NB E2M 7Y5, Canada",Rodney Container Terminal,"45.265278, -66.067222"
CAVAN,,CTM,CENTENNIAL TERMINAL (CENTERM),DP WORLD VANCOUVER,2020-01-24,2016-08-12,,https://www.dpworld.com/canada/supply-chain-solutions/ports-and-terminals,"777 Centennial Road, Vancouver, BC V6A 1A3, Canada",,"49.288889, -123.095833"
CAVAN,,FSD,FRASER SURREY DOCKS,FRASER SURREY DOCKS LIMITED PARTNERSHIP,2020-01-24,2004-05-31,,https://www.dpworld.com/canada/supply-chain-solutions/ports-and-terminals,"11060 Elevator Rd, Surrey, BC V3V 2R7, Canada",,"49.185833, -122.913333"
CAVAN,CADEL,DLT,GCT DELTAPORT,GCT GLOBAL CONTAINER TERMINALS INC.,2026-06-09,2006-08-28,,https://globalterminals.com/contact-us/locations/,"2 Roberts Bank Way, Delta, BC V4M 4G5, Canada",,"49.020556, -123.151389"
CAVAN,,VTM,GCT VANTERM,GCT GLOBAL CONTAINER TERMINALS INC.,2026-06-09,2006-08-28,,https://globalterminals.com/contact-us/locations/,"1300 Stewart Street, Vancouver, BC V5L 4X5, Canada",,"49.288611, -123.073889"
CDBOA,,BOA,BOMA PORT,SOCIÉTÉ COMMERCIALE DES TRANSPORTS ET DES PORTS (SCTP),,2023-12-12,,https://sctp-sa-rdc.online/,"Quai Des Commerces, Boma, Congo-Kinshasa",,"-5.859444, 13.053889"
CDMAT,,MGT,MATADI GATEWAY TERMINAL (MGT),MGT/ICTSI DR CONGO SA,,2021-10-24,,https://www.mgt.cd/en,"Av/mienzi kiaku 2 cellule OEBK, Ville Haute, N1, Matadi, Congo-Kinshasa",,"-5.834167, 13.431667"
CDMAT,,SCTP,PORT OF MATADI SCTP,PORT OF MATADI SCTP,,2023-01-01,,https://sctp-sa-rdc.online/lesnavires/,"Société Commerciale des Transports et des ports (SCTP), Boulevard du 30 Juin, Matadi, Congo-Kinshasa","Matadi wharf (berths 1-4), Fuka-Fuka wharf (container cargo, berths 5-7), Ngkala-Ngkala wharf (berths 8-10).","-5.823333, 13.452222"
CGPNR,,CTPN,CONGO TERMINAL POINTE NOIRE,CONGO TERMINAL POINTE NOIRE / BOLLORE PORTS,,2016-05-13,,https://congo-terminal.net/,"Enceinte portuaire, Pointe-Noire, Republic of the Congo",,"-4.778056, 11.828056"
CIABJ,,CIT,COTE D'IVOIRE TERMINAL,COTE D'IVOIRE TERMINAL,,2023-09-07,,https://cotedivoireterminal.com,"Treichville PC6, Zone portuaire, 18 BP 1467, Abidjan 18, Ivory Coast",,"5.281111, -4.017222"
CIABJ,,SETV1,VRIDI TERMINAL ABIDJAN,SOCIETE EXPLOITATION TERMINAL DE VRIDI (SETV) / BOLLORE PORTS / APM TERMINALS,2020-01-24,2015-10-09,,https://www.abidjan-terminal.com/,"SETV, immeuble du port, Terminal à conteneurs de Vridi, 05 BP 3352, Abidjan 05, Ivory Coast",,"5.273611, -4.013333"
CISPY,,TCSP,SAN-PEDRO CONTAINER TERMINAL,PORT AUTONOME DE SAN-PEDRO (PASP),,2022-06-01,,https://www.sanpedro-portci.com/site/,"Boulevard De La Republique 1, San-Pédro, Ivory Coast",,"4.739722, -6.619167"
CLANF,,ATI,ATI ANTOFAGASTA,ANTOFAGASTA TERMINAL INTERNACIONAL S.A.,,2004-05-31,,https://www.atiport.cl/,"Av. Grecia S/N, costado recinto portuario, Antofagasta, Antofagasta Region, Chile",,"-23.65, -70.408056"
CLANF,,EPA,EPA ANTOFAGASTA,EMPRESA PORTUARIA ANTOFAGASTA,,2004-05-31,,https://www.anfport.cl/,"Av. Grecia S/N, Antofagasta, Antofagasta Region, Chile",,"-23.65, -70.404722"
CLARI,,TPA,TERMINAL PACIFICO ARICA,TERMINAL PUERTO ARICA S.A.,,2004-05-31,,https://portal.tpa.cl/,"Av. Máximo Lira 389, Arica, Arica y Parinacota Region, Chile",,"-18.473056, -70.328333"
CLCNL,,CPC,PUERTO CORONEL,PUERTO DE CORONEL S.A.,,2016-09-01,,https://www.puertocoronel.cl,"Av. Carlos Prats 40, Coronel, Biobío Region, Chile",,"-37.033889, -73.152778"
CLCQQ,,TPC,TERMINAL PUERTO COQUIMBO,EMPRESA PORTUARIA COQUIMBO,,2025-02-01,,https://puertocoquimbo.cl/,"Juan Melgarejo 676-678, Coquimbo 1780003, Coquimbo Region, Chile",,"-29.966667, -71.333333"
CLIQQ,,ITI,ITI IQUIQUE,IQUIQUE TERMINAL INTERNACIONAL S.A.,2021-03-01,2004-05-31,,https://www.iti.cl/,"Jorge Barrera, Iquique, Tarapacá Region, Chile",,"-20.204444, -70.156389"
CLLQN,,PLIRQ,PUERTO LIRQUEN,PUERTO DE LIRQUEN S.A.,,2004-05-31,,https://www.dpworld.com/en/lirquen,"Recinto Portuario S/N, Lirquén, Biobío Region, Chile",,"-36.707778, -72.989722"
CLPAG,,PANGA,PUERTO ANGAMOS,COMPANIA PORTUARIA MEJILLONES S.A.,,2004-05-31,,https://www.puertoangamos.cl/en/,"Av. Longitudinal 5500, Barrio Industrial, Mejillones, Antofagasta Region, Chile",,"-23.066667, -70.386667"
CLPUQ,,SMA,TERMINAL SANTOS MARDONES,EPAUSTRAL,2020-01-24,2016-01-25,,https://www.epaustral.cl,"Libertador Bernardo O'Higgins No. 1385, Punta Arenas, Magallanes Region, Chile",,"-53.125556, -70.858611"
CLSAI,,PCE,PUERTO CENTRAL SAN ANTONIO,PUERTO CENTRAL S.A.,,2016-09-16,,https://www.dpworld.com/en/san-antonio,"Alan Macowan 240, San Antonio, Valparaíso Region, Chile",,"-33.591667, -71.616667"
CLSAI,,STI,STI SAN ANTONIO,SAN ANTONIO TERMINAL INTERNACIONAL S.A.,,2004-05-31,,https://www.stiport.com/,"Av. Ramón Barros Luco 1613, Piso 13, San Antonio 2662756, Valparaíso Region, Chile",,"-33.589167, -71.621944"
CLSVE,,SVTI,SVTI SAN VICENTE OCEAN TERMINAL,SAN VICENTE TERMINAL INTERNACIONAL,,2004-05-31,,https://www.svti.cl/,"Av. Latorre 1590, Talcahuano, Biobío Region, Chile",,"-36.730833, -73.137778"
CLVAP,,EPV,EPV VALPARAISO,EMPRESA PORTUARIA DE VALPARAISO,,2004-05-31,,https://www.puertovalparaiso.cl/,"Av. Errázuriz 755, Valparaíso, Valparaíso Region, Chile","Terminal 2, berths 6-8. Operator is ""Terminal Cerros de Valparaíso, S.A. (TCVAL)"".","-33.036944, -71.625833"
CLVAP,,TPS,TPS VALPARAISO,TERMINAL PACIFICO SUR VALPARAISO S.A.,,2004-05-31,,https://www.tps.cl/,"Antonio Varas 2, Valparaíso, Valparaíso Region, Chile","Terminal 1, berths 1-5.","-33.031667, -71.627222"
CMDLA,,RTC,RTC CONTAINER TERMINAL DOUALA,REGIE DU TERMINAL A CONTENEURS (RTC),,2022-03-01,,https://rtcdouala.cm/,"P.O. Box 2686, Bonanjo Centre Des Affaires Maritimes, Douala, Cameroon",3 berths,"4.041944, 9.678611"
CMKBI,,KCT,KRIBI CONTAINER TERMINAL,KRIBI CONTAINER TERMINAL,,2023-09-07,,https://kribi-conteneurs-terminal.com,"BP 132, Kribi, Cameroon",,"2.725833, 9.860278"
CNCGS,,CXCT,CHANGSHU XINGHUA CONTAINER TERMINAL,CHANGSHU XINGHUA PORT CO LTD,,2023-01-01,,http://www.xinghuaport.com/cn/,"No. 1, Xinghuagangqu Road, Changshu, Jiangsu Province, China",,"31.763889, 120.945278"
CNCOZ,,CZP,CHAOZHOU PORT FREIGHT TERMINAL,"CHAOZHOU PORT DEVELOPMENT CO., LTD",,2025-04-01,,http://www.czgwfz.com/,"No. 1, Shugang Avenue, Jingzhou Town, Raoping County, Chaozhou City, Guangdong Province, China",,"23.611111, 116.972222"
CNCQI,CNCHQ,CUNTAN,CUNTAN TERMINAL,"CHONGQING INTERNATIONAL CONTAINER TERMINAL CO., LTD.",,2020-07-01,,http://www.cqgj.com.cn/,"No. 306, Hai'er Road, Jiangbei District, Chongqing, Chongqing Municipality, China",,"29.618056, 106.591667"
CNCZX,,CCT,CHANGZHOU CONTAINER TERMINAL,"CHANGZHOU LUANZHOU YANGTZE RIVER TERMINAL CO., LTD.",,2024-12-21,,http://www.czlazport.com/webs/default.aspx,"No. 18, Luanzhou Road, Xinbei District, Changzhou, Jiangsu Province, 213033, China",,"31.994167, 119.977222"
CNDAL,CNDAG,DPCT,DALIAN CONTAINER TERMINAL,"DALIAN CONTAINER TERMINAL CO., LTD.",,2020-08-01,,https://www.globalpsa.com/global-network/#ports,"Dayao Bay, Jinzhou District, Dalian, Liaoning Province, 116601, China",,"39.008889, 121.873611"
CNDCB,,DACHAN,DA CHAN BAY TERMINAL ONE,"SHENZHEN DA CHAN BAY MODERN PORT DEVELOPMENT CO., LTD.",,2015-09-21,,https://www.dcbterminals.com/en/,"DaChan Bay Terminals, Xi Xiang, Bao An District, Shenzhen, Guangdong Province, China",,"22.533333, 113.855556"
CNDFG,,DHP,DAFENG HARBOR PORT,"JIANGSU YANCHENG PORT HOLDING GROUP CO., LTD.",,2024-09-02,,https://www.jsycport.com/,"Haijiang Road, Dafeng District, Yancheng, Jiangsu Province, China",,"33.29, 120.819444"
CNFZH,,FICT,FUZHOU INTERNATIONAL CONTAINER TERMINAL,FUZHOU INTERNATIONAL CONTAINER TERMINAL,,2020-07-01,,https://www.fct-fuzhou.com.cn/,"Xin Jiang Road, Jiangyin, Fuqing, Fujian Province, 350309, China",Also referred to as Fujian Jiangyin International Container Terminal,"25.416667, 119.285833"
CNFZH,,FMP,FUZHOU QINGZHOU CONTAINER TERMINAL,"FUZHOU QINGZHOU CONTAINER TERMINAL CO., LTD",,2020-07-01,,https://www.fct-fuzhou.com.cn/,"No. 113, Luoxing Road Mawei, Fuzhou, Fujian Province, 350015, China",,"26.005, 119.478056"
CNGON,,ZICTG,ZHUHAI INTERNATIONAL CONTAINER TERMINAL (GAOLAN),"ZHUHAI INTERNATIONAL CONTAINER TERMINAL (GAOLAN) CO., LTD.",,2021-10-24,,http://www.zictg.com.cn/,"Gaolan Port, Rongshuwan, Gaolan Port Economic Zone, Zhuhai, Guangdong Province, China",,"21.932778, 113.221944"
CNHKO,,HXCT,HAIKOU XIUYING CONTAINER TERMINAL,"HAIKOU PORT CONTAINER TERMINAL CO., LTD.",,2025-09-16,,,"Lijing Road, Xiuying District, Haikou City, Hainan Province, 570105, China",,"20.036667, 110.281667"
CNHMN,,DCT,DONGGUAN INTERNATIONAL CONTAINER TERMINAL,DONGGUAN PORT GROUP,,2023-04-13,,https://www.dgportgroup.com/,"No. 27, Port Gangqian Road, Shatian Town, Dongguan City, Guangdong Province, China",Berths 5-10 for container vessels.,"22.868333, 113.5725"
CNHUI,,HICT,HUIZHOU INTERNATIONAL CONTAINER TERMINAL (HICT),"HUIZHOU INTERNATIONAL CONTAINER TERMINALS CO., LTD.",,2024-08-20,,https://www.hict.com.cn/,"No. 69, Shugang Road, Tsuen Wan Integrated Port Area, Daya Bay, Huizhou City, Guangdong Province, China",,"22.696667, 114.555278"
CNJIA,,JSIT,JIANGYIN SUNAN INTERNATIONAL TERMINAL,"JIANGYIN SUNAN INTERNATIONAL CONTAINER TERMINAL CO., LTD",,2024-08-20,,https://www.jysct.com.cn,"No. 8, Sugang Road, Lingang Development Zone, Jiangyin City, Jiangsu Province, 214442, China",Pier 3 of New Port Area of ??Jiangyin Port Development Zone,"31.921667, 120.174444"
CNJMN,,JMCT,JIANGMEN INTERNATIONAL CONTAINER TERMINAL GAOSHA,"JIANGMEN INTERNATIONAL CONTAINER TERMINAL CO., LTD.",,2024-08-20,,https://www.jmct.com.cn/,"Gaosha Wei, Baishi Administration Zone, Jiangmen, Guangdong Province, 529030, China",,"22.623889, 113.099444"
CNJMN,,JMNP,JIANGMEN NEW PORT TERMINAL,"JIANGMEN NEW PORT DEVELOPMENT CO., LTD",,2021-10-24,,,"No. 433, Lianhai Road, Jianghai District, Jiangmen, Guangdong Province, China",,"22.541389, 113.173611"
CNJNZ,,JNACT,JINZHOU NEW AGE CONTAINER TERMINAL,"JINZHOU NEW AGE CONTAINER TERMINAL CO., LTD. / COSCO SHIPPING",,2025-09-16,,https://ports.coscoshipping.com/,"No. 1-1-27, Jingang Street, Taihe District, Jinzhou City, Liaoning Province, 121007, China","Berths 207B, 208B.","40.806111, 121.055"
CNJNZ,,JPCT,JINZHOU PORT CONTAINER TERMINAL,"JINZHOU PORT CO., LTD.",,2025-09-16,,https://www.jinzhouport.com/,"No. 1, Section 1, Jingang Avenue, Binhai New Area, Taihe District, Jinzhou City, Liaoning Province, 121007, China","Berths 209B, 210B.","40.801111, 121.058056"
CNLYG,,LNOCT,LIANYUNGANG NEW ORIENTAL INTERNATIONAL CONTAINER TERMINAL,LIANYUNGANG NEW ORIENTAL INTERNATIONAL CONTAINER TERMINAL,2020-04-01,2019-01-17,,http://www.lnoct.com,"Miaoling Port, Lianyun District, Lianyungang, Jiangsu Province, China",,"34.745278, 119.427778"
CNLYG,,LPCT,LYG-PSA CONTAINER TERMINAL,"LYG-PSA CONTAINER TERMINAL CO., LTD.",2020-04-01,2019-01-17,,https://www.lyg-psa.com/,"Miaoling Port, Lianyun District, Lianyungang, Jiangsu Province, China",,"34.747778, 119.436667"
CNNBO,CNNBG,BLCT1,NINGBO BEILUN INTERNATIONAL CONTAINER TERMINAL (NBCT),"NINGBO BEILUN INTERNATIONAL CONTAINER TERMINAL CO., LTD.",2020-08-01,2004-05-31,,https://www.nbct.com.cn/,"No. 178, North Pole Star Road, Beilun District, Ningbo, Zhejiang Province, China",Ningbo Beilun Phase 2,"29.936111, 121.866667"
CNNBO,CNNBG,BLCT2,NINGBO BEILUN SECOND CONTAINER TERMINAL (NBSCT),"NINGBO BEILUN SECOND CONTAINER TERMINAL CO., LTD",2020-08-01,2004-05-31,,https://www.nbport.com.cn/nbsct/,"No. 227, Yingbin Road, Beilun District, Ningbo, Zhejiang Province, China",Ningbo Beilun Phase 3,"29.945, 121.836667"
CNNBO,CNNBG,BLGAN,NINGBO BEILUN THIRD CT - GANGJI TERMINAL,"NINGBO GANGJI CONTAINER TERMINAL CO., LTD.",,2024-08-20,,https://www.nbport.com.cn/bltct/,"Chuanshan Port, Beilun District, Ningbo, Zhejiang Province, China","Ningbo Beilun Phase 4 (Third Container Terminal), berths 2,3,4.","29.89, 122.035833"
CNNBO,CNNBG,BLYIN,NINGBO BEILUN THIRD CT - YINING TERMINAL,"NINGBO YINING CONTAINER TERMINAL CO., LTD.",,2024-08-20,,https://www.nbport.com.cn/bltct/,"Chuanshan Port, Beilun District, Ningbo, Zhejiang Province, China","Ningbo Beilun Phase 4 (Third Container Terminal), berths 5,6.","29.887778, 122.043611"
CNNBO,CNNBG,BLYUA,NINGBO BEILUN THIRD CT - YUANDONG TERMINAL,"NINGBO YUANDONG CONTAINER TERMINAL CO., LTD.",,2024-08-20,,https://www.nbport.com.cn/bltct/,"Chuanshan Port, Beilun District, Ningbo, Zhejiang Province, China","Ningbo Beilun Phase 4 (Third Container Terminal), berths 7,8,9.","29.886944, 122.0525"
CNNBO,CNNBG,BLTCT,NINGBO BEILUN THIRD CT (NBTCT),"NINGBO BEILUN PORT GROUP THIRD CONTAINER TERMINAL CO., LTD.",2024-08-20,2020-08-01,,https://www.nbport.com.cn/bltct/,"Chuanshan Port, Beilun District, Ningbo, Zhejiang Province, China","Ningbo Beilun Phase 4 (Third Container Terminal), berths 10,11.","29.888611, 122.0625"
CNNBO,CNNBG,BLCT5,NINGBO DAXIE CONTAINER TERMINAL (NDCT),"NINGBO DAXIE CONTAINER TERMINALS CO., LTD. (NDCT)",2025-09-16,2004-05-31,,,"Port District D, Daxie Development Zone, Ningbo, Zhejiang Province, China",,"29.935278, 121.9275"
CNNBO,CNNBG,NDXYT,NINGBO DAXIE XINYE TERMINAL (NDXYT),"NINGBO DAXIE XINYE TERMINALS CO., LTD. (NDXYT)",,2025-09-16,,,"Building of Port District E, Daxie Development Zone, Ningbo, Zhejiang Province, China",,"29.92, 121.926944"
CNNBO,CNNBG,BLCT6,NINGBO MEISHAN ISLAND INTERNATIONAL CONTAINER TERMINAL (MSICT),"NINGBO MEISHAN ISLAND INTERNATIONAL CONTAINER TERMINAL CO., LTD.",2020-08-01,2004-05-31,,https://www.nbport.com.cn/md/,"Meishan Island, Beilun District, Ningbo, Zhejiang Province, China",,"29.771667, 122.000278"
CNNBO,CNNBG,ZHCT,NINGBO ZHENHAI CONTAINER TERMINAL (ZHCT),"NINGBO ZHENHAI PORT CO, LTD.",,2022-03-01,,https://www.nbport.com.cn/zs/,"No. 111, Weiyuan Road, Zhenhai District, Ningbo, Zhejiang Province, China","Container berths 2,7,8,9.","29.970556, 121.732222"
CNNBO,CNNBG,YZCT7,ZHOUSHAN YONGZHOU CONTAINER TERMINAL (YZCT),"ZHOUSHAN YONGZHOU CONTAINER TERMINALS CO., LTD.",2020-08-01,2004-05-31,,https://www.nbport.com.cn/yzct/,"No. 180, Pukou Road, Dinghai District, Zhoushan, Zhejiang Province, China",,"29.988333, 121.839722"
CNNJI,CNNJG,NJCT,NANJING PORT JIANGBEI CONTAINER TERMINAL,"NANJING PORT JIANGBEI CONTAINER CO., LTD.",,2023-04-13,,http://www.njp.com.cn/,"No. 169, Qiba Road, Pukou District, Nanjing, Jiangsu Province, China",,"31.938611, 118.589722"
CNNJI,CNNJG,NPL,NANJING PORT LONGTAN,"NANJING PORT LONGTAN CONTAINER CO., LTD.",,2020-07-01,,,"Longtan Port, Qixia District, Nanjing, Jiangsu Province, China",,"32.208889, 119.060278"
CNNSA,,NANS,GUANGZHOU SOUTH CHINA OCEANGATE CONTAINER TERMINAL (GOCT),"GUANGZHOU SOUTH CHINA OCEANGATE CONTAINER TERMINAL CO., LTD",2020-04-01,2004-05-31,,http://m.goct.com.cn/web/en/index.html,"Longxue Island, Nansha District, Guangzhou, Guangdong Province, China","Nansha Phase II, berths 5-10, quay length 2100 metres","22.638333, 113.682778"
CNNSA,,NCT1,NANSHA CONTAINER TERMINAL PHASE I,"GUANGZHOU PORT NANSHA STEVEDORING CO.,LTD.",,2021-10-24,,http://www.gnict.com,"Longxue Island, Nansha District, Guangzhou, Guangdong Province, China","Nansha Phase I, berths 1-4, quay length 1400 metres","22.654167, 113.678333"
CNNSA,,NICT,NANSHA INTERNATIONAL CONTAINER TERMINAL (PHASE III),"GUANGZHOU PORT CO., LTD. NANSHA CONTAINER TERMINAL BRANCH COMPANY",,2021-10-24,,https://www.gznict.com/,"Longxue Island, Nansha District, Guangzhou, Guangdong Province, China","Nansha Phase III, berths 11-16, quay length 2218 metres","22.622222, 113.686944"
CNNTG,,NTT,NANTONG TONGHAI TERMINAL,"NANTONG TONGHAI PORT CO., LTD. / CSP COSCO SHIPPING PORTS",,2023-01-01,,http://www.nttonghaiport.com/,"No. 1, Yuanhai Road, Economic and Technology Development Zone Nantong, Nantong, Jiangsu Province, 226000, China",,"31.796944, 121.025"
CNQIN,CNQDG,QQCTN,QINGDAO NEW QIANWAN CONTAINER TERMINAL,"QINGDAO NEW QIANWAN CONTAINER TERMINAL CO., LTD.",,2017-12-12,,https://www.apmterminals.com/en/qingdao/about/qingdao-new-qianwan-container-terminal,"No. 27, Hanjiang Road, Huangdao District, Qingdao, Shandong Province, China",,"36.012222, 120.233333"
CNQIN,CNQDG,QQCTX,QINGDAO QIANWAN CONTAINER TERMINAL,"QINGDAO QIANWAN CONTAINER TERMINAL CO., LTD.",2020-04-01,2004-05-31,,http://en.qqct.com.cn/,"Fenjin 4th Road, Port of Qianwan, Huangdao District, Qingdao, Shandong Province, China",,"36.009167, 120.206389"
CNQIN,CNQDG,QQCTUA,QINGDAO QIANWAN UNITED ADVANCE CONTAINER TERMINAL,"QINGDAO QIANWAN UNITED ADVANCE CONTAINER TERMINAL CO., LTD.",2020-04-01,2015-02-13,,,"No. 567, Tongjiang Road, Qingdao Free Trade Zone, Qingdao, Shandong Province, 266520, China",,"36.009167, 120.227222"
CNQIN,CNQDG,QQCTU,QINGDAO QIANWAN UNITED CONTAINER TERMINAL,"QINGDAO QIANWAN UNITED CONTAINER TERMINAL CO., LTD.",2020-04-01,2015-02-13,,http://www.qqctu.cc/,"No. 567, Tongjiang Road, Huangdao District, Qingdao, Shandong Province, 266520, China",,"35.999444, 120.211667"
CNQZH,,BICT,BEIBU GULF INTERNATIONAL CONTAINER TERMINAL,"GUANGXI BEIBU-GULF INTERNATIONAL CONTAINER TERMINAL CO., LTD.",,2025-02-01,,https://www.bbwport.cn/a/chanpinzhanshi/chanpinfenleiyi/,"Qinzhou Port Bonded Zone, Floor 6-8, Port Group Office Building, Qinzhou, Guangxi Province, 535008, China",Berths 1-6.,"21.677778, 108.640833"
CNQZL,,QSST,QUANZHOU SHISHI SHIHU TERMINAL,"QUANZHOU PACIFIC CONTAINER TERMINAL CO., LTD.",,2025-07-16,,https://www.qpct.com.cn/,"Shihu Port Business Center, 1st Haisi Road, Hanjiang Town, Shishi, Quanzhou City, Fujian Province, 362713, China","Berth #0: 125m, #1:200m, #2:300m, #3:350m, #4:350m, #5:425m, #6:425m","24.816944, 118.723889"
CNRUG,,RSCT,RUGAO SUZHONG INTERNATIONAL CONTAINER TERMINAL,"RUGAO SUZHONG INTERNATIONAL CONTAINER TERMINAL CO., LTD",,2023-01-01,,http://www.rgpct.com/,"No. 38, Shugang Road, Changjiang Town, Rugao, Jiangsu Province, China",,"32.038611, 120.579722"
CNRZH,,XXXXX,RIZHAO PORT,RIZHAO PORT,2020-04-01,2004-05-31,,http://en.rzport.com/,"No. 91, Huanghai Road 1, Rizhao City, Shandong Province, China",,"35.365278, 119.533333"
CNSGH,CNSHG,SECT,SHANGHAI EAST CONTAINER TERMINAL,"SHANGHAI EAST CONTAINER TERMINALS CO., LTD.",2020-12-01,2015-03-17,,https://www.sect.com.cn/,"No. 1, Gangjian Road, Pudong New District, Shanghai, Shanghai Municipality, China",Waigaoqiao Phase 4,"31.339167, 121.650556"
CNSGH,CNSHG,SGICT,SHANGHAI GUANDONG INTERNATIONAL CONTAINER TERMINAL,"SHANGHAI GUANDONG INTERNATIONAL CONTAINER TERMINAL CO., LTD.",2020-12-01,2004-05-31,,https://guandong.portshanghai.com.cn/,"Yangshan Deepwater Port Phase 3, Shanghai, Shanghai Municipality, China",Yangshan Phase 3,"30.613333, 122.075"
CNSGH,CNSHG,SMCT,SHANGHAI MINGDONG CONTAINER TERMINAL,"SHANGHAI MINGDONG CONTAINER TERMINALS CO., LTD.",2020-12-01,2015-03-20,,https://mingdong.portshanghai.com.cn/,"No. 999, Gangjian Road, Pudong New District, Shanghai, Shanghai Municipality, 200137, China",Waigaoqiao Phase 5,"31.33, 121.668611"
CNSGH,CNSHG,SPICT,SHANGHAI PUDONG INTERNATIONAL CONTAINER TERMINAL,"SHANGHAI PUDONG INTERNATIONAL CONTAINER TERMINALS CO., LTD.",2020-12-01,2015-03-17,,https://pudong.portshanghai.com.cn/,"No. 88, Yanggao North Road 1, Pudong New District, Shanghai, Shanghai Municipality, China",Waigaoqiao Phase 1,"31.368333, 121.593056"
CNSGH,CNSHG,SHENG,SHANGHAI SHENGDONG INTERNATIONAL CONTAINER TERMINAL,"SHANGHAI SHENGDONG INTERNATIONAL CONTAINER TERMINAL CO., LTD.",2020-12-01,2004-05-31,,https://shengdong.portshanghai.com.cn/,"Yangshan Deepwater Port Phase 1, Shanghai, Shanghai Municipality, China",Yangshan Phase 1&2,"30.6325, 122.047778"
CNSGH,CNSHG,SIPGSD,SIPG SHANGDONG CONTAINER TERMINAL,"SHANGHAI INTERNATIONAL PORT (GROUP) CO., LTD. SHANGDONG CONTAINER TERMINAL BRANCH",2020-12-01,2018-08-10,,https://shangdong.portshanghai.com.cn/,"Yangshan Deepwater Port Phase 4, Pudong New District, Shanghai, Shanghai Municipality, China",Yangshan Phase 4,"30.652778, 122.024444"
CNSGH,CNSHG,WAIG,SIPG ZHENDONG CONTAINER TERMINAL,"SHANGHAI INTERNATIONAL PORT (GROUP) CO., LTD. ZHENDONG CONTAINER TERMINAL BRANCH",2020-12-01,2004-05-31,,https://zhendong.portshanghai.com.cn/,"No. 1299, Ganghua Road, Shanghai, Shanghai Municipality, 200137, China",Waigaoqiao Phase 2&3,"31.375, 121.579444"
CNSHK,,CCT,CHIWAN CONTAINER TERMINAL (CCT),CHIWAN CONTAINER TERMINAL,2020-02-29,2017-01-01,,https://www.cmport.com.hk/EN/business/Detail.aspx?id=10005316,"Marine Bldg. Chiwan, Shenzhen, Guangdong Province, 518068, China",,"22.466667, 113.875833"
CNSHK,,MCT,MAWAN CONTAINER TERMINAL (MCT),MAWAN CHIWAN CONTAINER TERMINAL,2020-02-29,2017-01-01,,https://www.cmport.com.hk/EN/business/Detail.aspx?id=10005316,"No. 27, Mawan Blvd, Nanshan District, Shenzhen, Guangdong Province, 518066, China",,"22.488056, 113.867222"
CNSHK,,SCT,SHEKOU CONTAINER TERMINAL (SCT),"SHEKOU CONTAINER TERMINALS CO., LTD. (SCT)",2020-02-29,2017-01-01,,https://www.cmport.com.hk/EN/business/Detail.aspx?id=10005254,"Jetty Three, Harbour Road, Shekou, Shenzhen, Guangdong Province, 518069, China",,"22.453611, 113.892222"
CNSHK,,SCMWH,SHENZEN MAWAN HAIXING CONTAINER TERMINAL,SHENZEN HAIXING HARBOUR DEVELOPMENT CO. LTD.,2020-02-29,2015-02-19,,https://www.cmport.com.hk/EN/business/Detail.aspx?id=10005322,"Mawan Port, Nanshan District, Shenzhen, Guangdong Province, 518054, China",,"22.496667, 113.864167"
CNSTG,,SGAT,SHANTOU GUANGAO CONTAINER TERMINAL,"CHINA MERCHANTS PORT GROUP CO., LTD.",,2025-02-25,,https://www.cmport.com.hk/,"Guangda Avenue, Haojiang District, Shantou, Guangdong Province, 515000, China",Phase I (eastern berths) and Phase II (northern berths),"23.2275, 116.771944"
CNTAC,,SMTL,SUZHOU MODERN TERMINALS,SUZHOU MODERN TERMINALS LTD.,,2025-10-01,,,"Tonggang Road, Fuqiao Town, Taicang Port Development Zone, Taicang, Jiangsu Province, China","Berths 5, 6, 7, 8 (Phase 2).","31.6475, 121.216944"
CNTAC,,TIC,TAICANG INTERNATIONAL CONTAINER TERMINAL (TICT),"TAICANG INTERNATIONAL CONTAINER TERMINAL CO., LTD.",2025-10-01,2015-06-24,,http://www.taicangterminals.com/,"No. 1, Beihuan Road, Taicang Port Development Zone, Taicang, Jiangsu Province, 215434, China","Berths 1, 2, 3, 4 (Phase 1). Berths 1+2 mainly for general cargo, 3+4 mainly for containers.","31.641389, 121.225278"
CNTAC,,TPZX,TAICANG PORT ZHENGHE XINGGANG CONTAINER TERMINAL,"TAICANG PORT ZHENGHE XINGGANG CONTAINER TERMINALS CO., LTD.",,2025-10-01,,,"No. 2, Tonggang East Road, Fuqiao Town, Taicang, Jiangsu Province, China","Berths 9, 10 (Phase 3 North).","31.652222, 121.210278"
CNTAC,,TZICT,TAICANG ZHENGHE INTERNATIONAL CONTAINER TERMINAL,"TAICANG ZHENGHE INTERNATIONAL CONTAINER TERMINALS CO., LTD.",,2025-10-01,,,"No. 1, Xinggang Road, Taicang Port Development Zone, Taicang, Jiangsu Province, China","Berths 13, 14 (Phase 3 South) and 4 berths of Phase 4.","31.631944, 121.235833"
CNTNJ,CNTXG,TACT1,TIANJIN PORT ALLIANCE INTERNATIONAL CONTAINER TERMINAL (TACT),"TIANJIN PORT ALLIANCE INTERNATIONAL CONTAINER TERMINAL CO., LTD. (TACT)",2020-09-01,2004-05-31,,https://www.tianjinportdev.com/html/bus_cargo.php,"No. 1068, Linhai Road, Tanggu district, Tianjin, Tianjin Municipality, 300461, China","Berths N3-N6. 4 berths, quay length 1100 m.","38.994722, 117.776389"
CNTNJ,CNTXG,THCC1,TIANJIN PORT CONTAINER TERMINAL (TCT),"TIANJIN PORT CONTAINER TERMINAL CO., LTD. (TCT)",2020-09-01,2004-05-31,,https://www.tianjinportdev.com/html/bus_cargo.php,"No. 3990, Xingang No. 2 Road, Binhai New Area, Tianjin, Tianjin Municipality, 300456, China","Berths G21, G27-G29. TCT absorbed FICT (G35-G38) and TOCT (G30-G34) in July 2019. 13 berths, quay length 3543 m.","38.978611, 117.77"
CNTNJ,CNTXG,TECT1,TIANJIN PORT EUROASIA INTERNATIONAL CONTAINER TERMINAL (TECT),"TIANJIN PORT EUROASIA INTERNATIONAL CONTAINER TERMINAL CO., LTD. (TECT)",2020-09-01,2004-05-31,,https://www.tianjinportdev.com/html/bus_cargo.php,"No. 1698, Linhai Road, Tanggu District, Tianjin, Tianjin Municipality, 300461, China","Berths N7-N9. 3 berths, quay length 1100 m.","39.004444, 117.773611"
CNTNJ,CNTXG,TPCT1,TIANJIN PORT PACIFIC INTERNATIONAL CONTAINER TERMINAL (TPCT),"TIANJIN PORT PACIFIC INTERNATIONAL CONTAINER TERMINAL CO., LTD. (TPCT)",2020-09-01,2004-05-31,,https://www.tianjinportdev.com/html/bus_cargo.php,"No. 3889, Meimei Road, Dongjiang Free Trade Port Zone, Tianjin, Tianjin Municipality, 300463, China","Berths D1-D6. 6 berths, quay length 2200 m.","38.999722, 117.791389"
CNTNJ,CNTXG,TSCT,TIANJIN PORT SECOND CONTAINER TERMINAL (TSCT),"TIANJIN PORT SECOND CONTAINER TERMINAL CO., LTD.",,2022-03-01,,https://www.tptsct.com/,"No. 1772, Linhai Road, Binhai New Area, Tianjin, Tianjin Municipality, 300461, China",Berths N10-N12.,"39.013889, 117.770556"
CNTZO,,TICT,TAIZHOU INTERNATIONAL CONTAINER TERMINAL,"TAIZHOU INTERNATIONAL CONTAINER TERMINAL CO., LTD.",,2024-12-21,,http://www.tzgjjzx.com/,"No. 68, Shugangbei Road, Gaogang District, Taizhou, Jiangsu Province, China",,"32.236667, 119.891667"
CNWEI,CNWEG,00001,WEIHAI PORT,"WEIHAI PORT GROUP CO., LTD.",2019-04-16,2004-05-31,,http://www.qwct.net/jx/index.html,"No. 288-4, Haibu Road, Weihai city, Shandong Province, China",,"37.442778, 122.199444"
CNWHI,,WICT,WUHU INTERNATIONAL CONTAINER TERMINAL,"WUHU INTERNATIONAL CONTAINER TERMINAL CO., LTD",,2024-08-20,,http://www.ahgkwhg.com/,"No. 1, Wuyishan West Road, Jiujiang District, Wuhu City, Anhui Province, China",,"31.402778, 118.351111"
CNWNZ,,WJYCT,WENZHOU JINYANG CONTAINER TERMINAL,"WENZHOU JINYANG CONTAINER TERMINAL CO., LTD.",,2025-10-01,,https://wjyct.wzport.com/,"Qiligang Town, Yueqing, Wenzhou, Zhejiang Province, 325604, China",,"27.997222, 120.881667"
CNWNZ,,ZYACT,WENZHOU ZHUANGYUAN INTL CONTAINER TERMINAL,WENZHOU ZHUANGYUAN INTERNATIONAL CONTAINER TERMINAL LTD.,,2025-10-01,,https://zya.wzport.com/,"Zhuangyuan Container Terminal, Dongtou District, Wenzhou, Zhejiang Province, 325703, China","Phase I: Berths 8, 9. Phase II: Berths 5, 6, 7. Berths 5, 6 operational since September 2025.","27.895833, 121.11"
CNXAM,CNXMG,XHDCT,XIAMEN HAICANG XINHAIDA CONTAINER TERMINAL (XHDCT),"XIAMEN HAICANG XINHAIDA CONTAINER TERMINAL CO., LTD.",,2025-09-16,,https://www.xhdct.com/,"No. 268, Gangnan Road, Haicang District, Xiamen, Fujian Province, 361026, China","Haicang port area, berths 18-19.","24.456944, 117.963611"
CNXAM,CNXMG,XRCT,XIAMEN HAIRUN CONTAINER TERMINAL (XRCT),"XIAMEN INTERNATIONAL PORT CO., LTD",2020-07-01,2015-05-03,,http://www.xhct.com.cn/,"No. 439 Gangnan Road, Xiamen, Fujian Province, 361026, China","Haicang port area, berths 4-6.","24.447778, 118.005833"
CNXAM,CNXMG,XHCT,XIAMEN HAITIAN CONTAINER TERMINAL,XIAMEN HAITIAN CONTAINER TERMINAL LTD,2019-07-26,2004-05-31,,http://www.xhct.com.cn/,"Huyu Rd, Huli District, Xiamen City, Fujian Province, 361006, China","Dongdu port area, berths 5-16.","24.51, 118.078611"
CNXAM,CNXMG,XTCT,XIAMEN HAITONG CONTAINER TERMINAL,"XIAMEN HAITONG CONTAINER TERMINAL, CO., LTD.",,2022-06-01,,http://www.xctg.com.cn/,"No. 1690, Jiangang Road, Haicang District, Xiamen City, Fujian Province, China","Songyu port area, berths 4-6.","24.441944, 118.040556"
CNXAM,CNXMG,XICT,XIAMEN INTERNATIONAL CONTAINER TERMINAL (XICT),XIAMEN INTERNATIONAL CONTAINER TERMINAL LTD,2020-07-01,2004-05-31,,http://www.xctg.com.cn/,"No. 108, Jiangang Road, Haicang Investment Zone, Xiamen, Fujian Province, 361026, China","Haicang port area, berths 1-3.","24.446111, 118.014167"
CNXAM,CNXMG,XOGT,XIAMEN OCEAN GATE TERMINAL,"XIAMEN OCEAN GATE CONTAINER TERMINAL CO., LTD. / COSCO SHIPPING",2019-07-26,2004-05-31,,https://www.coscoyh.com.cn/,"No. 288, Gangnan Road, Haicang District, Xiamen, Fujian Province, 361026, China","Haicang port area, berths 14-17.","24.455, 117.971667"
CNXAM,CNXMG,XSCT,XIAMEN SONGYU CONTAINER TERMINAL (XSCT),"XIAMEN SONGYU CONTAINER TERMINAL CO., LTD.",2020-07-01,2015-05-08,,https://www.xsct.com.cn/eng_index.aspx,"No. 1688, Jiangang Road, Haicang District, Xiamen, Fujian Province, 361026, China","Songyu port area, berths 1-3.","24.441944, 118.031667"
CNYAT,CNYTG,YPCT,YANTAI PORT INTERNATIONAL CONTAINER TERMINAL,"YANTAI PORT INTERNATIONAL CONTAINER TERMINAL CO., LTD.",2019-07-26,2019-04-12,,https://www.ictsi.com/operations/yantai-international-container-terminals-ltd-yictl-shandong-china,"No. 158, Gangwan Dadao, Yantai City, Shandong Province, 264000, China",Formerly DP World Yantai. ICTSI took over from DPW in 2014.,"37.580833, 121.377778"
CNYIK,,BQCT,YINGKOU BAYUQUAN CONTAINER TERMINAL,LIAONING PORT GROUP,,2023-02-06,,https://www.liaoningport.com/,"Yingkou Port, Bayuquan District, Yingkou City, Liaoning Province, China",,"40.268889, 122.095278"
CNYPG,,SDIC,SDIC YANGPU PORT CONTAINER TERMINAL,"SDIC YANGPU PORT CO., LTD.",,2025-09-16,,https://www.ypport.com/,"XinPu Building, Yangpu Economic Development Zone, Danzhou City, Hainan Province, 578101, China","Yangpu Free Trade Port Area, berths 3, 4.","19.730556, 109.196111"
CNYPG,,YPICT,YANGPU INTERNATIONAL CONTAINER TERMINAL (YPICT),"HAINAN HARBOR & SHIPPING INTERNATIONAL PORT CO., LTD. / COSCO SHIPPING",,2025-09-16,,https://hnhs.coscoshipping.com/,"No. 10, Yangpu Avenue, Danzhou City, Hainan Province, 578001, China",Also referred to as YANGPU XIAOCHANTAN CONTAINER TERMINAL. Total berth length c. 1980 m: 800 YPICT + 1188 m YPICT expansion project Phase I.,"19.713611, 109.169167"
CNYTN,,YICT,YANTIAN INTERNATIONAL CONTAINER TERMINAL,YANTIAN INTERNATIONAL CONTAINER TERMINAL,,2004-05-31,,https://www.hphtrust.com/portfolio_yantian.html,"Yantian Port, Shenzen, Guangdong Province, 518083, China",,"22.572778, 114.268889"
CNYTN,,YICTW,YANTIAN WEST CONTAINER TERMINAL,SHENZHEN YANTIAN PORT HOLDING CO. LTD,,2015-05-08,,https://www.hphtrust.com/portfolio_yantian.html,"Yantian Port, Shenzen, Guangdong Province, 518083, China",,"22.56, 114.249167"
CNZJG,,ZWT,ZHANGJIAGANG WIN HANVERKY TERMINAL,"ZHANGJIAGANG WIN HANVERKY CONTAINER TERMINAL CO., LTD.",,2023-01-01,,https://www.zwtnet.com/,"Jianghai North Road, Jingang District, Zhangjiagang, Jiangsu Province, 215633, China",,"31.966944, 120.419722"
CNZNG,,ZBCT,ZHANJIANG BAOMAN CONTAINER TERMINAL,"ZHANJIANG PORT (GROUP) CO., LTD.",,2025-07-16,,https://www.zjport.com/,"Zhanjiang Port, No. 3, Baogang Avenue, Xiashan District, Zhanjiang City, Guangdong Province, 524068, China",,"21.136389, 110.394722"
CNZPU,,ZIT,ZHEJIANG SHIHANG ZHAPU CONTAINER TERMINAL (ZIT),"ZHEJIANG SHIHANG ZHAPU PORT CO., LTD.",,2022-03-01,,,"Phase 2, Jiaxing Port, Longwang Road, Pinghu, Jiaxing, Zhejiang Province, 314201, China",,"30.583889, 121.078056"
COBAQ,,BCT,BARRANQUILLA CONTAINER TERMINAL (BCT),BARRANQUILLA CONTAINER TERMINAL (BCT),,2014-09-02,,http://www.bitco.puertoenlinea.com.co/,"Calle 2 Carrera 41 N 28, Orilla del Río Magdalena, Barranquilla, Atlántico, Colombia",,"10.980833, -74.761111"
COBAQ,,PSP,PALERMO SOCIEDAD PORTUARIA,PALERMO SOCIEDAD PORTUARIA,,2019-12-17,,https://palermosociedadportuaria.com/,"Km 1.5 Vía Barranquilla, Corredor de Carga Palermo, Palermo, Magdalena, Colombia",,"10.98, -74.755556"
COBAQ,,SPRBQ,SOCIEDAD PORTUARIA REGIONAL DE BARRANQUILLA,SOCIEDAD PORTUARIA REGIONAL DE BARRANQUILLA,,2004-05-31,,https://www.puertodebarranquilla.com/,"Carrera 38 Calle 1ra, Orilla del Río Magdalena, Barranquilla, Atlántico, Colombia",,"10.968333, -74.759167"
COBUN,,SPIA,SOCIEDAD PUERTO INDUSTRIAL AGUADULCE,SOCIEDAD PUERTO INDUSTRIAL AGUADULCE,,2019-06-06,,https://www.puertoaguadulce.com,"Bahía De Buenaventura, Buenaventura, Valle del Cauca, Colombia",,"3.904722, -77.083889"
COBUN,,TCBUN,TCBUEN S.A.,TERMINAL DE CONTENEDORES DE BUENAVENTURA S.A.,,2004-05-31,,https://www.tcbuen.com/en/,"Carrera 28A No. 7-152, Buenaventura, Valle del Cauca, Colombia",,"3.8925, -77.043333"
COBUN,,SPRBU,TERMINAL MARITIMO SOCIEDAD PORTUARIA REGIONAL (SPRBUN),TERMINAL MARITIMO SOCIEDAD PORTUARIA REGIONAL DE BUENAVENTURA S.A. (SPRBUN),,2004-05-31,,http://www.sprbun.com,"Calle 11, Buenaventura, Valle del Cauca, Colombia",,"3.893333, -77.0725"
COCTG,,CTGTM,COMPANIA DE PUERTOS ASOCIADO (COMPAS),COMPANIA DE PUERTOS ASOCIADO (COMPAS),2020-12-01,2018-02-07,,https://www.compas.com.co/en/terminals/cartagena,"Avenida Pedro Vélez 48-14, Barrio el Bosque, Cartagena, Bolívar, Colombia",,"10.398889, -75.528333"
COCTG,,SPPB,PUERTO BAHIA CARTAGENA,SOCIEDAD PORTUARIA PUERTO BAHIA,2025-06-18,2025-05-26,,https://puertobahia.com.co/,"Km 1 Calle 7 #5-608, Barú, Cartagena, Bolívar, Colombia","Berth 5 for containers and bulk, berth 7 for RoRo.","10.288889, -75.535556"
COCTG,,SPRC,SOCIEDAD PORTUARIA REGIONAL DE CARTAGENA (SPRC),SOCIEDAD PORTUARIA REGIONAL DE CARTAGENA (SPRC),,2004-05-31,,https://www.puertocartagena.com/en/sprc,"Manga Sea Terminal, Cartagena, Bolívar, Colombia",,"10.405833, -75.534167"
COCTG,,TCC,TERMINAL DE CONTENEDORES DE CARTAGENA (CONTECAR),TERMINAL DE CONTENEDORES DE CARTAGENA (CONTECAR),,2004-05-31,,https://www.puertocartagena.com/en/contecar,"Via Mamonal Kilometro 1, Cartagena, Bolívar 130013, Colombia",,"10.376389, -75.51"
COEJA,,SPITBB,IMPALA TERMINALS BARRANCABERMEJA,SOCIEDAD PORTUARIA IMPALA TERMINALS BARRANCABERMEJA S.A.,,2023-02-06,,https://www.impalaterminals.com/our-global-network/latin-america/colombia/ ,"Via Termo Barranca, La Esperanza, Barrancabermeja, Santander, Colombia",,"7.105278, -73.898889"
COSMR,,SMIT,SANTA MARTA INTERNATIONAL TERMINAL,SANTA MARTA INTERNATIONAL TERMINAL COMPANY S.A. (SMITCO),,2004-05-31,,https://www.smitco.com.co/,"Carrera 1A No. 10A-12, Interior Terminal Maritimo, Santa Marta, Magdalena, Colombia",,"11.250833, -74.215278"
COTRB,,PANT,PUERTO ANTIOQUIA TERMINAL,SOCIEDAD PORTUARIA DE ANTIOQUIA S.A.,,2026-05-01,,https://www.puertoantioquia.com.co/,"Vereda El Canal, Corregimiento Nueva Colonia, Turbo, Antioquia 057868, Colombia","Multipuspose terminal. 1350 m offshore quay, connected to land by a 3800 m viaduct.","7.942222, -76.772778"
COTRB,,TURBO,TURBO,TURBO,2022-01-19,2014-11-06,,,"Turbo Anchorage, Gulf of Urabá, Colombia",Technically not a port. Lighters transfer containers to and from vessels anchored in the Gulf of Urabá. The lighter terminals are located in Nueva Colonia and Zungo.,"7.966389, -76.781944"
CRCAL,,SPCAD,SOCIEDAD PORTUARIA DE CALDERA S.A.,SOCIEDAD PORTUARIA DE CALDERA S.A.,,2004-05-31,,https://www.spcaldera.com/,"Puerto Caldera, Esparza, Provincia de Puntarenas, Costa Rica",,"9.911667, -84.719722"
CRLIO,,JAPDE,LIMON TERMINAL,JAPDEVA,2020-12-01,2004-05-31,,https://www.japdeva.go.cr/administracion_portuaria/,"Puerto Limón, Limón, Provincia de Limón, Costa Rica","Facility also known as ""Hernan Garron Salazar Terminal""","9.99, -83.021944"
CRMOB,,APMT,APM TERMINALS MOIN,APM TERMINALS MOIN,2022-06-01,2018-08-06,,https://www.apmterminals.com/en/moin,"Terminal de Contenedores de Moín, Ruta 257, Moín, Provincia de Limón, Costa Rica",,"10.011389, -83.097778"
CRMOB,,TMOIN,TERMINAL DE MOIN,JAPDEVA,2020-12-01,2004-05-31,,https://www.japdeva.go.cr/administracion_portuaria/,"Terminal Portuaria de Moín, Moín, Provincia de Limón, Costa Rica","Facility also known as ""Terminal Gaston Kogan Kogan""","10.001667, -83.0775"
CUHAV,,HABA,TERMINAL DE CONTENEDORES DE LA HABANA,TERMINAL DE CONTENEDORES DE LA HABANA (TCH),,2004-05-31,,https://www.tch.cu/,"Carretera Anillo del Puerto e/ Río Luyanó y Línea del Ferrocarril, Regla, La Habana, Provincia de La Habana, Cuba",,"23.118333, -82.343611"
CUMAR,,TCM,TERMINAL DE CONTENEDORES DE MARIEL,TERMINAL DE CONTENEDORES DE MARIEL,,2014-09-02,,https://www.tcmariel.cu/?lang=en,"Calle 4, No. 705 e/ 7ma y Mar, Península Angosta, Mariel, Provincia de Artemisa, Cuba",,"23.006944, -82.7625"
CVMIN,,PGM,PORTO GRANDE DO MINDELO,PORTOS DE CABO VERDE (ENAPOR),,2025-02-10,,http://www.enapor.cv/,"Ilha de São Vicente, Av. Marginal, C.P. 82, Mindelo, São Vicente, Cape Verde",,"16.889722, -24.997778"
CVRAI,,PRAI,PORTO DA PRAIA,PORTOS DE CABO VERDE (ENAPOR),,2022-03-01,,http://www.enapor.cv/,"Ilha de Santiago, C.P. 87, Praia, Praia, Cape Verde",,"14.91, -23.498611"
CWWIL,,CPS,CURACAO PORT SERVICES,CURACAO PORT SERVICES INC.,,2004-05-31,,https://curports.com/,"Emancipatie Blvd, Willemstad, Curaçao",,"12.114444, -68.914722"
CYLMS,,DPWLM,DP WORLD LIMASSOL,DP WORLD,2019-12-13,2017-05-24,,https://www.dpworld.com/cyprus,"Harbor Rd, 3045 Limassol, Cyprus",,"34.655833, 33.018889"
CYLMS,,EGL,EUROGATE CONTAINER TERMINAL LIMASSOL,EUROGATE CONTAINER TERMINAL LIMASSOL,2019-12-13,2016-10-01,,https://www1.eurogate.de/en/terminals/#limassol,"1 Episkopou Meletiou str., 3045 Limassol, Cyprus",,"34.648056, 33.011389"
DEBRV,,BLG,BLG AUTOTERMINAL BREMERHAVEN,BLG LOGISTICS GROUP,2020-05-01,2005-02-23,,https://www.blg-logistics.com/,"Senator-Borttscheller-Str. 1, 27568 Bremerhaven, Germany",,"53.576667, 8.55"
DEBRV,,EGB,EUROGATE CONTAINER TERMINAL BREMERHAVEN,EUROGATE CONTAINER TERMINAL BREMERHAVEN,2019-12-13,2004-11-16,,https://www1.eurogate.de/en/terminals/#bremerhaven,"Senator-Borttscheller-Str. 1, 27568 Bremerhaven, Germany",,"53.586111, 8.529167"
DEBRV,,MSCBH,MSC GATE BREMERHAVEN,MSC GATE BREMERHAVEN GMBH & CO. KG.,2019-12-13,2004-05-31,,https://www.mscgate.de/,"Senator-Borttscheller-Str. 1, 27568 Bremerhaven, Germany",,"53.573889, 8.540278"
DEBRV,,NTB,NORTH SEA TERMINAL BREMERHAVEN (NTB),NORTH SEA TERMINAL BREMERHAVEN GMBH & CO.,2019-12-13,2005-02-23,,https://www.ntb.eu/en/,"Senator-Borttscheller-Str. 14, 27568 Bremerhaven, Germany",,"53.597222, 8.5175"
DECUX,,CXP,CUXPORT EUROPAKAI CUXHAVEN,CUXPORT GMBH,,2024-10-11,,https://www.cuxport.de,"Neufelder Schanze 4, 27472 Cuxhaven, Germany",Berths EK1-EK4.,"53.861111, 8.725"
DEHAM,,EGH,EUROGATE CONTAINER TERMINAL HAMBURG,EUROGATE CONTAINER TERMINAL HAMBURG,2019-12-13,2004-11-16,,https://www1.eurogate.de/en/terminals/#hamburg,"Kurt-Eckelmann-Str. 1, 21129 Hamburg, Germany",,"53.529167, 9.914722"
DEHAM,,CTA,HHLA CONTAINER TERMINAL ALTENWERDER (CTA),HHLA (HAMBURGER HAFEN UND LOGISTIK AG),2019-12-13,2004-05-17,,https://hhla.de/en/company/subsidiaries/container-terminal-altenwerder-cta,"Am Ballinkai 1, 21129 Hamburg, Germany",,"53.500944, 9.936306"
DEHAM,,CTB,HHLA CONTAINER TERMINAL BURCHARDKAI (CTB),HHLA (HAMBURGER HAFEN UND LOGISTIK AG),2019-12-13,2004-05-17,,https://hhla.de/en/company/subsidiaries/container-terminal-burchardkai-ctb,"Waltershofer Damm - Bürogebäude 3, 21129 Hamburg, Germany",,"53.536111, 9.915556"
DEHAM,,CTT,HHLA CONTAINER TERMINAL TOLLERORT (CTT),HHLA (HAMBURGER HAFEN UND LOGISTIK AG),2019-12-13,2004-05-17,,https://hhla.de/en/company/subsidiaries/container-terminal-tollerort-ctt,"Am Vulkanhafen 30, 20457 Hamburg, Germany",,"53.534167, 9.95"
DEHAM,,FRU,HHLA FRUCHT- UND KUEHL-ZENTRUM,HHLA FRUCHT- UND KUEHL-ZENTRUM GMBH,2019-12-13,2018-04-25,,https://hhla.de/en/company/subsidiaries/fruit-port,"Dessauer Str. 10, 20457 Hamburg, Germany",,"53.528889, 10.011389"
DEHAM,,RMH,RHENUS MIDGARD HAMBURG,RHENUS MIDGARD HAMBURG GMBH,,2019-09-13,,https://www.rhenus.group/de/en/seaport-hamburg/,"Antwerpenstr. 1a, 21129 Hamburg, Germany",,"53.5275, 9.899722"
DEHAM,,SWT,SUD-WEST TERMINAL,C. STEINWEG,2019-12-13,2004-06-25,,https://www.steinweg.com/locations/hamburg/,"Am Kamerunkai 5, 20457 Hamburg, Germany",,"53.533333, 9.987778"
DEHAM,,UCT,UNIKAI - UCT (O'SWALDKAI),UNIKAI LAGEREI- UND SPEDITIONSGESELLSCHAFT,2019-12-13,2005-02-23,,https://www.unikai.de/index.php/en/,"Dessauer Str. 10, 20457 Hamburg, Germany",,"53.530833, 10.000278"
DELBC,,CTL,CARGO-TERMINAL LEHMANN (CTL),LEHMANN GMBH,,2026-05-01,,https://www.hans-lehmann.de/,"Unter der Herrenbrücke 1, 23569 Lübeck, Germany",,"53.904167, 10.770556"
DEWVN,,EGW,EUROGATE CONTAINER TERMINAL WILHELMSHAVEN,EUROGATE CONTAINER TERMINAL WILHELMSHAVEN,2019-12-13,2015-01-20,,https://www1.eurogate.de/en/terminals/#wilhelmshaven,"Ozean-Pier 1, 26388 Wilhelmshaven, Germany",,"53.593889, 8.151111"
DJJIB,,DCT,DORALEH CONTAINER TERMINAL SGTD,SOCIETE DE GESTION DU TERMINAL A CONTENEUR DE DORALEH (SGTD),2023-02-06,2020-12-01,,https://www.sgtd-terminal.com/,"PO Box 2081, Doraleh, Djibouti, Djibouti",,"11.598056, 43.106111"
DJJIB,,DMP,DORALEH MULTI-PURPOSE PORT,PORT DE DJIBOUTI S.A.,,2021-03-01,,https://dpfza.gov.dj/facilities/DMP,"PO Box 2107, Doraleh, Djibouti, Djibouti",,"11.600556, 43.069167"
DKAAL,,DKACT,AALBORG CONTAINER TERMINAL,AALBORG STEVEDORE COMPANY A/S,2023-04-13,2016-11-01,,https://asc-as.dk/en/,"Langerak 19, 9220 Aalborg Øst, Denmark",,"57.0475, 10.055556"
DKAAR,,APMT,APM TERMINALS AARHUS,APM TERMINALS,2020-01-03,2006-08-23,,https://www.apmterminals.com/en/aarhus,"Osthavnsvej 43, 8100 Aarhus, Denmark",,"56.154167, 10.241389"
DKCPH,,CMPDK,CMP CONTAINER TERMINAL COPENHAGEN,COPENHAGEN MALMO PORT (CMP),2020-02-29,2006-05-22,,https://www.cmport.com/terminals/copenhagen/,"Containervej 9, 2150 Copenhagen, Denmark",,"55.711111, 12.605"
DKFRC,,FCT,FREDERICIA CONTAINER TERMINAL,FREDERICIA CONTAINER TERMINAL,2020-01-03,2008-01-16,,https://www.adp-as.dk/en/ports/port-of-fredericia/,"Centerhavn 13-17, 7000 Fredericia, Denmark",,"55.558056, 9.745278"
DKKAL,,APMT,APM TERMINALS KALUNDBORG,APM TERMINALS KALUNDBORG,,2021-04-01,,https://www.apmterminals.com/en/kalundborg,"New West Port (Ny Vesthavn), 4400 Kalundborg, Denmark",,"55.66225, 11.066167"
DKKAL,,DKKAL,KALUNDBORG CONTAINER TERMINAL,KALUNDBORG CONTAINER TERMINAL,2020-01-03,2016-09-30,,https://www.portofkalundborg.dk,"Østre Havnevej 10, 4400 Kalundborg, Denmark",,"55.675278, 11.095556"
DKSKA,,CTS,CONTAINER TERMINAL SKAGEN (CTS),SKAGEN HAVN,,2026-05-01,,https://www.skagenhavn.dk/,"Havnevagtvej 30, 9990 Skagen, Denmark",,"57.717222, 10.600833"
DMRSU,,WRBP,WOODBRIDGE BAY PORT ROSEAU,DOMINICA AIR AND SEA PORTS AUTHORITY (DASPA),,2022-01-19,,https://www.domports.daspa.dm,"Edward Oliver Highway, Woodbridge Bay, Roseau, Dominica",Berth 1.,"15.312222, -61.389722"
DOCAU,,DPCAU,DP WORLD CAUCEDO,DP WORLD,2020-12-01,2004-05-31,,https://www.dpworld.com/en/dominicana/about-us,"Edificio Administrativo, Suite 300, Punta Caucedo, Boca Chica 15700, Dominican Republic",,"18.423333, -69.630556"
DOHAI,,HIT,HAINA INTERNATIONAL TERMINALS,HAINA INTERNATIONAL TERMINALS,,2004-05-31,,https://hit.com.do/,"Km. 13.5 Carretera Sánchez Edificio Navieros, Puerto Río Haina, Santo Domingo Oeste, Dominican Republic",,"18.425, -70.0175"
DZAAE,,EPAN,ANNABA PORT,L'ENTREPRISE PORTUAIRE DE ANNABA (EPAN),,2022-03-01,,https://www.annaba-port.com/,"Môle Cigogne - Quai Nord, BP 1232, 23000 Annaba, Annaba Province, Algeria","Container berths 1-2, 21-22.","36.894444, 7.761667"
DZALG,,DPW,DP WORLD DJAZAIR,DP WORLD,,2024-12-21,,https://www.dpworld.com/services/ports-and-terminals,"Rue du Gao, Port d'Alger, BP 90, 16707 Alger, Alger Province, Algeria",6 berths,"36.759444, 3.069722"
DZALG,,EPAL,ENTREPRISE PORTUAIRE D'ALGER (EPAL),ENTREPRISE PORTUAIRE D'ALGER (EPAL),2024-12-21,2004-05-31,,https://www.portalger.com.dz/,"02 rue d'Angkor, BP 259, Alger gare, 16000 Alger, Alger Province, Algeria",,"36.765, 3.065556"
DZBJA,,BMT,BEJAIA MEDITERRANNEAN TERMINAL (BMT),BEJAIA MEDITERRANNEAN TERMINAL (BMT),,2022-03-01,,https://bejaiamed.com/,"Nouveau Quai - Port de Béjaia, BP 549 RP, 06000 Béjaia, Béjaia Province, Algeria","Berths 22, 24","36.741389, 5.078333"
DZDJE,,DPW,DP WORLD DJEN DJEN,DP WORLD,,2022-03-01,,https://www.dpworld.com/services/ports-and-terminals,"Port de Djen Djen, Achouat Taher, 18000 Jijel, Jijel Province, Algeria",,"36.821111, 5.888889"
DZMOS,,EPM,MOSTAGANEM TERMINAL EPM,ENTREPRISE PORTUAIRE DE MOSTAGANEM (EPM),,2026-05-01,,https://port-mostaganem.com.dz/,"Avenue Principale de la Salamandre, BP 131, 27000 Mostaganem, Mostaganem Province, Algeria",,"35.934444, 0.076111"
DZORN,,EPO,ENTREPRISE PORTUAIRE D'ORAN (EPO),ENTREPRISE PORTUAIRE D'ORAN (EPO),,2004-05-31,,http://www.port-oran.dz/,"01 rue du 20 aout, 31000 Oran, Oran Province, Algeria",,"35.711389, -0.640278"
DZSKI,,EPS,SKIKDA PORT,ENTREPRISE PORTUAIRE DE SKIKDA (EPS),,2022-03-01,,https://www.skikda-port.com/,"Petite zone industrielle prés embouchure Oued Saf Saf, BP 65, 21000 Skikda, Skikda Province, Algeria",,"36.885833, 6.904444"
ECGYE,,CONTE,CONTECON GUAYAQUIL,CONTECON GUAYAQUIL S.A.,,2004-05-31,,https://www.cgsa.com.ec/en/home/,"Av. De la Marina, Puerto Libertador Simón Bolívar, Guayaquil 090112, Guayas Province, Ecuador",,"-2.283333, -79.901667"
ECGYE,,BANA,TERMINAL BANANAPUERTO,NAPORTEC S.A.,,2004-05-31,,https://www.camae.org/puerto/naportec-bananapuerto/,"Av. 52 y Av. De los Angeles Via Perimetral, Guayaquil 090209, Guayas Province, Ecuador",,"-2.253056, -79.926944"
ECGYE,,FERPOR,TERMINAL PORTUARIO FERTISA,"FERTISA FERTILIZANTES, TERMINALES I SERVICIOS S.A.",,2016-11-09,,https://www.terminalfertisa.com,"Av. San Juan Bosco y calle N (Via al Puerto Maritimo), Guayaquil, Guayas Province, Ecuador",,"-2.255, -79.909444"
ECGYE,,TPG,TPG - TERMINAL PORTUARIO GUAYAQUIL (INARPI),TERMINAL PORTUARIO DE GUAYAQUIL,,2004-05-31,,https://www.saam.com/en/port-terminals/guayaquil-port-terminal-tpg/,"Av. Los Angeles, Vía Perimetral, Isla Trinitaria, Calle 51 S.O. y 4° P.T. 30 S.O., Guayaquil, Guayas Province, Ecuador",,"-2.246111, -79.929167"
ECPBO,,ECPBO,YILPORT TERMINAL PUERTO BOLIVAR,YILPORT HOLDING INC.,,2018-02-19,,https://www.yilport.com/en/ports/default/Puerto-Bol%C3%ADvar-Ecuador-Latin-America-Terminals/119/0/0,"Puerto Bolivar Av. Bolívar Madero Vargas S/N, Machala, El Oro Province, Ecuador",,"-3.265278, -80.000278"
ECPSJ,,DPWPSJ,DP WORLD POSORJA,DP WORLD,2020-05-01,2019-06-04,,https://www.dpworldposorja.com.ec/,"Vía a Posorja, Barrio Lomas del Cangrejal Lote 1B, Posorja, Guayas Province, Ecuador",,"-2.692222, -80.247222"
EEMUG,,TKM,TK MUUGA CONTAINER TERMINAL,HHLA TK ESTONIA,2020-02-29,2015-04-07,,https://hhla-tk.ee/en/,"Veose 16, 74115 Maardu, Estonia",,"59.491667, 24.967778"
EGAKI,,AQCT,HUTCHISON ABUQIR,ABUQIR CONTAINER TERMINALS,2024-01-25,2023-12-12,,https://www.hutchisonportsabuqir.com/,"Abu Qir Al Gharbeyah, El Montaza 2, Alexandria Governorate, 5528370, Egypt",,"31.3125, 30.077778"
EGALY,,ACHC,ACHC ALEXANDRIA,ALEXANDRIA CONTAINER & CARGO HANDLING COMPANY (ACHC),2020-01-03,2004-05-31,,https://alexcont.com/terminals/,"Quay 23, Port Of Alexandria, Alexandria, Alexandria Governorate, 5321001, Egypt",,"31.188333, 29.874167"
EGALY,,DEKHEI,ACHC EL DEKHEILA,ALEXANDRIA CONTAINER & CARGO HANDLING COMPANY (ACHC),2020-01-03,2015-06-20,,https://alexcont.com/terminals/,"Quay 96, Port Of Dekheila, El Dekheila, Alexandria Governorate, 5320010, Egypt",,"31.14, 29.794167"
EGALY,,AICT,AICT ALEXANDRIA,ALEXANDRIA INTERNATIONAL CONTAINER TERMINAL COMPANY (AICT) / HUTCHISON,2020-01-03,2004-05-31,,https://www.aict.com.eg/,"Port Of Alexandria, Alexandria, Alexandria Governorate, 5321001, Egypt",,"31.169167, 29.861111"
EGALY,,ALEXAN,AICT EL DEKHEILA,ALEXANDRIA INTERNATIONAL CONTAINER TERMINAL COMPANY (AICT) / HUTCHISON,2020-01-03,2015-06-20,,https://www.aict.com.eg/,"Quay 98, Port Of Dekheila, El Dekheila, Alexandria Governorate, 5320010, Egypt",,"31.143889, 29.792778"
EGALY,,TMT,TMT TRANS MISR TERMINAL ALEXANDRIA,EGYPTIAN GROUP FOR MULTIPURPOSE TERMINALS (EGMPT) / CMA TERMINALS (CMAT),,2025-04-01,,https://tmterminal.com/,"Quay 55-62, Port Of Alexandria, Ad Daerah Al Gomrokeyah, Alexandria, Alexandria Governorate, 5321001, Egypt",,"31.183333, 29.866944"
EGDAM,,DACT,DAMIETTA ALLIANCE CONTAINER TERMINAL,DAMIETTA ALLIANCE CONTAINER TERMINALS JSC,,2023-12-12,,https://www.damiettaalliance.com,"Second Container Terminal (Tahya Misr 1), Damietta Port, Damietta, Damietta Governorate, Egypt",Begin of operations scheduled for 2025-01-01.,"31.458611, 31.772778"
EGDAM,,DCHC,DAMIETTA CONTAINER & HANDLING - DCHC,DAMIETTA CONTAINER & HANDLING - DCHC,,2014-07-22,,http://dchc.com.eg/,"Damietta Port - Inside Customs Area, Damietta, Damietta Governorate, 34511, Egypt",,"31.459722, 31.758056"
EGPSD,,PSCCH,PORT SAID CONTR & CARGO HANDLING (PSCCHC),HOLDING CO. FOR LAND & MARITIME TRANSPORT,,2004-05-31,,https://www.pscchc.com/,"Mostafa Kamel and Azmy Street, Port Said, Port Said Governorate, Egypt",,"31.244444, 32.301667"
EGPSD,EGPSE,SCCT,SUEZ CANAL CONTAINER TERMINAL (SCCT),SUEZ CANAL CONTAINER TERMINAL (SCCT),,2004-05-31,,https://scct.com.eg/,"East Port Said, Private Free Zone, Shark El Tafreaa, Port Said Governorate, Egypt",,"31.211667, 32.356944"
EGSGA,,STOC,NOATUM PORTS SAFAGA TERMINAL,SAFAGA TERMINAL OPERATING COMPANY (STOC),,2026-06-09,,https://www.noatumports.com/en/safaga.html,"Safaga Multi-Purpose Station Kilometer 5, Al-qasir Road, Safaga, Red Sea Governorate, Egypt",,"26.694444, 33.94"
EGSOK,,DPWSOK,DP WORLD SOKHNA,DP WORLD,,2018-05-25,,https://www.dpworld.com/egypt,"Ain Sokhna Road, Attaka, Suez Governorate, 8131003, Egypt",,"29.649722, 32.351389"
EGSOK,,RSCT,RED SEA CONTAINER TERMINALS (RSCT),RED SEA CONTAINER TERMINALS / HUTCHISON PORTS,,2025-12-16,,https://hutchisonports.com/en/Our-Ports.html?location=514&region=492,"Ein El Sokhna Port, Attaka, Suez Governorate, 8131003, Egypt",,"29.644167, 32.340556"
ESACE,,BMT,BOLUDA MARITIME TERMINALS LANZAROTE,BOLUDA CORPORACION MARITIMA S.A.,,2023-09-07,,https://www.boluda.com.es/en/maritime-terminals-lanzarote-en/,"Muelle Oblicuo s/n, Parcela 5254, 35500 Arrecife, Las Palmas, Spain",Mobile crane.,"28.971111, -13.529167"
ESACE,,LMM,"PORT OF ARRECIFE, LANZAROTE",TERMINAL PORTUARIA DE LANZAROTE S.L.,2020-02-29,2005-08-18,,https://www.palmasport.es/en/port-of-arrecife/,"Av. de los Marmoles, s/n, 35500 Arrecife, Las Palmas, Spain",,"28.969167, -13.529722"
ESAGP,,NOATM,MALAGA TERMINAL,NOATUM TERMINALS,2020-01-03,2017-04-27,,https://www.noatum.com/en/terminals-port-operations/noatum-terminal-malaga/,"Muelle 9, Edificio Noatum, Distrito Centro, 29001 Málaga, Málaga, Spain",,"36.704722, -4.42"
ESALC,,TMS,TERMINAL MARITIMA DEL SURESTE,TERMINALES MARITIMAS DEL SURESTE S.A.,,2022-06-01,,https://www.tmsalc.com/,"Muelle 23, Prolongación Sur Puerto de Alicante, 03008 Alicante, Alicante, Spain","Berths: 19, 21, 23, 25. For container ships only berth 23 is equipped with 3 sts cranes.","38.329722, -0.499722"
ESALG,,APM,APM TERMINALS ALGECIRAS,APM TERMINALS,2020-02-29,2004-05-17,,https://www.apmterminals.com/en/algeciras,"Muelle Juan Carlos I, s/n, 11201 Algeciras, Cádiz, Spain",,"36.141389, -5.436111"
ESALG,,TTI,TOTAL TERMINAL INTERNATIONAL ALGECIRAS,TOTAL TERMINAL INTERNATIONAL ALGECIRAS,2020-02-29,2014-10-22,,https://www.ttialgeciras.com/en/,"Muelle de Isla Verde Exterior, s/n, 11207 Algeciras, Cádiz, Spain",,"36.129722, -5.422778"
ESBCN,,BEST,BARCELONA EUROPE SOUTH TERMINAL (BEST),HUTCHISON PORTS BEST,2020-01-03,2017-08-04,,https://www.best.com.es/,"Avinguda Estany del Port, 91, Prat wharf, 08820 Barcelona, Barcelona, Spain",,"41.309722, 2.148333"
ESBCN,,TCB,CONTAINER TERMINAL BARCELONA (TCB),APM TERMINALS BARCELONA,2020-01-03,2004-05-17,,https://www.apmterminals.com/en/barcelona,"Ronda del Port, 233, Moll Sud - Port de Barcelona, 08039 Barcelona, Barcelona, Spain",,"41.3525, 2.169722"
ESBCN,,PNOU3,TERMINAL PORT NOU,"TERMINAL PORT NOU, S.A.",2020-01-03,2015-06-12,,https://portnou.com/?lang=en,"Vial Moll Adossat, 200, 08039 Barcelona, Barcelona, Spain",,"41.346667, 2.171944"
ESBIO,,BMB,BERGE MARITIMA BILBAO,BERGE MARITIMA BILBAO,2020-02-29,2015-11-04,,https://bergelogistics.com/,"Espigón 2, Muelle Príncipe de Asturias, s/n, Zona Portuaria, Puerto de Bilbao, 48980 Santurtzi, Biscay, Spain",Ex Maitima Candina. Bergé acquired Maritima Candina in 2010.,"43.338889, -3.033889"
ESBIO,,NOATB,CSP SPAIN BILBAO TERMINAL,COSCO SHIPPING PORTS (SPAIN) TERMINALS S.L.U.,2020-02-29,2004-05-31,,https://www.cspspain.com/en/bilbao,"Muelle 1, Ampliacion, Puerto de Bilbao, 48980 Santurtzi, Biscay, Spain",Noatum Ports rebranded itself to CSP Spain in April 2019.,"43.342778, -3.045833"
ESCAD,,TCD,"CONCASA CONTAINER TERMINAL, REINA SOFIA QUAY","COMPANIA GADITANA DE CONTENEDORES, SL (CONCASA)",2020-02-29,2005-07-21,,https://www.puertocadiz.com/en/home/,"Plaza de España, 17, 11006 Cádiz, Cádiz, Spain",,"36.537778, -6.287222"
ESCAR,,TMC,TERMINAL MARITIMA DE CARTAGENA (TMC),NOATUM TERMINALS,2020-02-29,2005-08-18,,https://www.noatum.com/en/terminals-port-operations/terminales-maritimos-de-cartagena/,"Paseo del Muelle, 48, 30202 Cartagena, Murcia, Spain",,"37.594167, -0.973889"
ESCAS,,NTC,NOATUM TERMINAL CASTELLON,NOATUM TERMINALS,,2022-06-01,,https://www.noatum.com/en/terminals-port-operations/noatum-terminal-castellon/,"Muelle del centenario, s/n, 12100 Castellón de la Plana, Castellón, Spain",Terminal A+B.,"39.964167, 0.028056"
ESCEU,,CETRU,DIQUE DE PONIENTE CEUTA,DIQUE DE PONIENTE CEUTA,2020-02-29,2005-08-18,,http://www.puertodeceuta.com/en/home/,"Muelle España, s/n, 51001 Ceuta, Ceuta, Spain",,"35.897778, -5.323889"
ESFRO,,FCT,YILPORT FERROL CONTAINER TERMINAL,YILPORT HOLDING INC.,,2025-07-16,,http://fct-ferrol.es/,"Puerto Exterior de Ferrol, Cabo Prioriño, 15593 Ferrol, A Coruña, Spain",,"43.464722, -8.322778"
ESFUE,,ESMA,PUERTO DEL ROSARIO,"ESTIBADORA MAJORERA, S.L.",,2023-09-07,,https://www.palmasport.es/en/port-of-puerto-del-rosario/,"Muelle comercial, s/n, 35600 Puerto del Rosario, Las Palmas, Spain",,"28.494167, -13.855278"
ESFUE,,BMT,TERMINAL MARITIMA DE FUERTEVENTURA,BOLUDA CORPORACION MARITIMA S.A.,,2023-09-07,,https://www.boluda.com.es/en/maritime-terminals/fuerteventura-en/,"Muelle comercial, s/n, 35600 Puerto del Rosario, Las Palmas, Spain",,"28.4925, -13.855"
ESGIJ,,TEGIJ,TERMINAL GIJON,TERMINAL DE CONTENEDORES DE GIJON A.I.E.,,2004-05-31,,https://www.apmterminals.com/en/gijon,"Muelle de La Osa, Tinglado 1, Puerto de El Musel, 33212 Gijón, Asturias, Spain",,"43.555, -5.689444"
ESHUV,,PDH,HUELVA CONTAINER TERMINAL,YILPORT HOLDING INC.,,2020-09-01,,https://www.yilport.com/en/ports/default/Huelva-Spain/117/0/0,"Puerto Exterior - Muelle Sur s/n, Puerto de Huelva, 21810 Palos de la Frontera, Huelva, Spain",,"37.151389, -6.88"
ESLCG,,TMGA,TERMINALES MARITIMOS DE GALICIA (TMGA),TERMINALES MARITIMOS DE GALICIA (TMGA),2020-02-29,2015-11-01,,http://www.tmga.es/La_Coruna_Terminal,"Muelle de San Diego, s/n, 15006 A Coruña, A Coruña, Spain",,"43.359167, -8.392778"
ESLEI,,ALMT,ALMERIA TERMINAL,AUTORIDAD PORTUARIA ALMERIA,,2022-06-01,,https://apalmeria.com/,"Muelle de Poniente, s/n, 04002 Almería, Almería, Spain",,"36.831389, -2.473333"
ESLPA,,LALUZ,BOLUDA MARITIME TERMINALS LA LUZ,BOLUDA CORPORACION MARITIMA S.A.,,2004-05-31,,https://www.boluda.com.es/en/maritime-terminals/las-palmas-de-gran-canaria-en/,"Av. de los Cambulloneros s/n, Muelle Virgen del Pino, 35008 Las Palmas de Gran Canaria, Las Palmas, Spain",,"28.1425, -15.411944"
ESLPA,,OPCSA,"OPERACIONES PORTUARIAS, S.A.","OPERACIONES PORTUARIAS, S.A.",2020-01-03,2017-01-29,,http://www.opcsa.com/opcsacom/,"Muelle de León y Castillo, 12, 35008 Las Palmas de Gran Canaria, Las Palmas, Spain",,"28.133056, -15.414722"
ESMLN,,EPN,MELILLA PORT,MELILLA PORT,2020-02-29,2005-10-07,,https://www.puertodemelilla.es/,"Av. General Macias, s/n, 52001 Melilla, Melilla, Spain",,"35.291111, -2.926944"
ESMPG,,MPT,MARIN PORT TERMINAL,PEREZ TORRES MARITIMA S.L.,2020-02-29,2015-11-01,,https://www.ptmar.com/en/puertos/puerto-marin,"Muelle comercial, s/n, 36900 Marín, Pontevedra, Spain",,"42.405278, -8.692778"
ESSAG,,INTERS,"INTERSAGUNTO TERMINALES, S.A.","INTERSAGUNTO TERMINALES, S.A.",2020-01-03,2017-01-29,,https://saguntoti.com/,"Muelle Norte 2, s/n, Puerto de Sagunto, 46520 Sagunto, Valencia, Spain",,"39.644444, -0.216667"
ESSCT,,CAPSA,BOLUDA MARITIME TERMINALS TENERIFE,BOLUDA CORPORACION MARITIMA S.A.,2020-02-29,2005-08-22,,https://www.boluda.com.es/en/maritime-terminals/tenerife-en/,"Carretera San Andrés, Muelle del Bufadero, 1, 38180 Santa Cruz de Tenerife, Santa Cruz de Tenerife, Spain",Boluda Corporacion Maritima acquired Compania Auxiliar del Puerto (CAPSA) in October 2017.,"28.4875, -16.228611"
ESSCT,,ESTCT,CONTAINER TERMINAL TENERIFE (TCT),TERMINAL DE CONTENEDORES DE TENERIFE SA,2020-02-29,2013-04-11,,https://www.tctenerife.es/en/inicio-english/,"Nueva Terminal del Dique del Este, 38180 Santa Cruz de Tenerife, Santa Cruz de Tenerife, Spain",,"28.489167, -16.223611"
ESSDR,,BMT,BOLUDA MARITIME TERMINALS SANTANDER,BOLUDA CORPORACION MARITIMA S.A.,,2023-09-07,,https://www.boluda.com.es/en/maritime-terminals/santander-en,"Muelle Raos 3, Parcela VI, 39011 Santander, Cantabria, Spain",,"43.446111, -3.820556"
ESSPC,,BMT,BOLUDA MARITIME TERMINALS LA PALMA,BOLUDA CORPORACION MARITIMA S.A.,,2024-03-01,,https://www.boluda.com.es/es/terminales-maritimas/la-palma/,"Muelle Polivalente, s/n, 38700 Santa Cruz de la Palma, Santa Cruz de Tenerife, Spain",,"28.675833, -17.768611"
ESSVQ,,TMG,TERMINAL MARITIMA DEL GUADALQUIVIR,TMG,,2024-03-01,,https://www.boluda.com.es/en/maritime-terminals/sevilla-tmg-en/,"Ctra De La Esclusa, s/n, Puerto Oueste, Muelle Del Centenario, 41011 Sevilla, Sevilla, Spain",,"37.355, -5.9975"
ESTAR,,DPWTA,DP WORLD TARRAGONA,"DP WORLD TARRAGONA, S.A.",,2004-05-31,,https://www.dpworld.com/en/spain,"Muelle de Andalucia, s/n, 43004 Tarragona, Tarragona, Spain",,"41.095278, 1.210278"
ESTAR,,FRUPO,FRUPORT TARRAGONA,FRUPORT TARRAGONA S.L.,2021-03-01,2004-05-31,,https://www.fruport.net/,"Muelle de Reus, s/n, 43004 Tarragona, Tarragona, Spain",,"41.105833, 1.239722"
ESVGO,,TMI,TERMINALES MARITIMAS DE VIGO (TERMAVI),TERMINALES MARITIMAS DE VIGO S.L. (TERMAVI),2020-02-29,2005-10-07,,https://www.termavi.com/,"Terminales maritimas de Vigo S.L.U, Muelle de Guixar, s/n, 36280 Vigo, Pontevedra, Spain",,"42.246111, -8.710278"
ESVIL,,BMT,BOLUDA MARITIME TERMINALS VILAGARCIA,BOLUDA CORPORACION MARITIMA S.A.,,2023-09-07,,https://www.boluda.com.es/en/maritime-terminals/vilagarcia-de-arousa-en/,"Muelle del Ferrazo, s/n, 36600 Vilagarcia de Arousa, Pontevedra, Spain",,"42.598056, -8.7825"
ESVLC,,TCV,APM TERMINALS VALENCIA (TCV),APM TERMINALS,2020-02-29,2004-05-17,,https://www.apmterminals.com/en/valencia,"Lugar Muelle De Levante, s/n, 46024 Valencia, Valencia, Spain","Established as ""TCV Multipurpose Terminal"" at the Levante Pier. APMT acquired 75% in 2016.","39.452222, -0.318611"
ESVLC,,NOATV,CSP IBERIAN VALENCIA TERMINAL,COSCO SHIPPING PORTS (SPAIN) TERMINALS S.L.U.,2020-02-29,2004-05-31,,https://cspspain.com/en/valencia,"Muelle Príncipe Felipe, s/n, 46024 Valencia, Valencia, Spain",Noatum Ports rebranded itself to CSP Spain in April 2019.,"39.4325, -0.323889"
ESVLC,,MSCVC,MSC TERMINAL VALENCIA,MEDITERRANEAN SHIPPING COMPANY TERMINAL VALENCIA S.A.,2020-02-29,2004-05-31,,https://www.msctv.es/,"Muelle MSC, s/n, 46024 Valencia, Valencia, Spain",,"39.438889, -0.323611"
FIHEL,,FSHVU,FINNSTEVE TERMINAL HELSINKI,FINNSTEVE OY AB,2024-12-21,2006-03-13,,https://finnsteve.fi/en/services-helsinki/,"Komentosilta 1, 00980 Helsinki, Finland","Vuosaari Harbour, E (East) Quay, berths VEA/VEB/VEC/VED","60.215278, 25.193056"
FIHEL,,MLTHEL,MULTI-LINK TERMINAL HELSINKI,MULTI-LINK TERMINALS LTD. OY,2020-02-29,2015-03-17,,https://mlt.fi/vuosaari/,"Komentosilta 1, 00980 Helsinki, Finland","Vuosaari Harbour, D (West) Quay (southern part), berths VDC/VD5","60.212222, 25.191944"
FIHEL,,FIVCT,STEVECO TERMINAL HELSINKI,STEVECO OY,2024-12-21,2008-10-27,,https://www.steveco.fi/toimipisteet/helsinki-vuosaari.html,"Satamakaari 35C, 00980 Helsinki, Finland","Vuosaari Harbour, D (West) Quay (northern part), berths VDA/VDB","60.214722, 25.187778"
FIKEM,,KEMP,KEMI PORT,KEMI SHIPPING OY,,2022-01-19,,https://www.portofkemi.fi/en/,"Ajoksentie 708, 94900 Kemi, Finland",,"65.661944, 24.521111"
FIKOK,,AWT,ALL WEATHER TERMINAL KOKKOLA,OY M RAUANHEIMO AB,2020-01-03,2019-09-13,,https://www.rauanheimo.com/en/the-port-of-kokkola/,"Satamatullintie 5, 67900 Kokkola, Finland",,"63.844444, 23.019722"
FIKOK,,STE,SILVERSTONE PORT,PORT OF KOKKOLA LTD.,2020-01-03,2019-09-13,,https://portofkokkola.fi/en/ports/silverstone-port/,"Kantasatamantie 50, 67900 Kokkola, Finland",,"63.859722, 23.036111"
FIKTK,,FIKCT,KOTKA CONTAINER TERMINAL,STEVECO OY,2020-04-01,2006-02-27,,https://www.steveco.fi/toimipisteet/steveco-oy-kotka.html,"Siikasaarentie 130, 48310 Kotka, Finland","Mussalo Harbour, C Quay","60.421111, 26.909167"
FIKTK,,MLTKTK,MULTI-LINK TERMINAL KOTKA,MULTI-LINK TERMINALS LTD. OY,2020-04-01,2015-03-17,,https://mlt.fi/,"Merituulentie 424, 48310 Kotka, Finland","Mussalo Harbour, B Quay","60.424167, 26.909722"
FIKTK,,FIHIE,RORO TERMINAL HIETANEN,STEVECO OY,2020-02-29,2006-02-27,,https://www.steveco.fi/toimipisteet/kotka-hietanen.html,"Hietasentie 123, 48200 Kotka, Finland",RoRo terminal,"60.485556, 26.946111"
FIMTY,,FHCL,MANTYLUOTO (PORT OF PORI),OY HACKLIN LTD.,2020-02-29,2009-02-20,,https://portofpori.fi/port-of-pori/areas-and-infrastructure/,"Mäntyluoto (Port of Pori), 28880 Pori, Finland",,"61.596944, 21.47"
FIOUL,,OULP,OULU PORT,HERMAN ANDERSSON OY,,2022-01-19,,https://ouluport.com/en/home/,"Poikkimaantie 12, 90400 Oulu, Finland","Container quays are located in Oritkari Harbour: North (101), Main (102,103), Western (104,105).","64.997778, 25.413333"
FIRAU,,REU,RAUMA PORT,RAUMA PORT,2020-02-29,2015-10-09,,https://www.portofrauma.com/en,"Hakunintie 19, 26100 Rauma, Finland",,"61.130556, 21.432778"
FITKU,,FSTP,TURKU PANSIO HARBOUR,FINNSTEVE OY AB,2020-02-29,2006-03-13,,https://www.portofturku.fi/en/ports-operations/areas-and-maps/pansio-harbour/,"Pansiontie, 20210 Turku, Finland",,"60.4425, 22.168056"
FITKU,,FSTW,TURKU WEST HARBOUR,FINNSTEVE OY AB,2020-02-29,2006-03-13,,https://www.portofturku.fi/en/ports-operations/areas-and-maps/west-harbour/,"Konttikatu, 20200 Turku, Finland",,"60.438056, 22.2125"
FITOR,,TORP,PORT OF TORNIO (ROYTTA),OUTOKUMPU SHIPPING OY,,2022-01-19,,https://www.rauanheimo.com/en/roytta-port-in-tornio/,"Röyttän Satama, 95490 Tornio, Finland",,"65.753889, 24.158889"
FJLTK,,POLT,PORT OF LAUTOKA (QUEENS WHARF),FIJI PORT CORPORATION LIMITED,,2025-02-01,,https://fijiports.com.fj/port-of-lautoka/,"Port of Lautoka, Lautoka, Fiji",,"-17.604167, 177.438333"
FJSUV,,POSU,PORT OF SUVA,FIJI PORT CORPORATION LIMITED,,2014-02-06,,https://fijiports.com.fj/port-of-suva/,"Harris Rd, Suva, Fiji",,"-18.1325, 178.425"
FOTOR,,PTOR,PORT OF TORSHAVN,PORT OF TORSHAVN,,2025-02-01,,https://www.portoftorshavn.com/,"Eystara bryggja 34, P.O. Box 103, FO-110 Torshavn, Faroe Islands",,"62.002778, -6.760833"
FRBES,,BMCT,BREST MULTIMODAL CONTAINER TERMINAL,CCI METROPOLITAINE BRETAGNE OUEST (CCIMBO),,2022-06-01,,https://www.brest.port.bzh/,"3 Rue de Kiel, 29200 Brest, France",,"48.383889, -4.465"
FRDKK,,TDF,TERMINAL DES FLANDRES,TERMINAL DES FLANDRES,,2017-09-15,,https://www.terminal-des-flandres.com/en/,"Port Ouest, 5895 Route du Royaume Uni, 59279 Loon-Plage, France",,"51.014444, 2.183611"
FRFOS,,EURFO,EUROFOS,EUROFOS,,2004-05-31,,https://www.eurofos.fr/,"Darse 2 Sector 86 Graveleau, BP: CS 50002, 13516 Port-Saint-Louis-du-Rhône Cedex, France",,"43.406667, 4.850278"
FRFOS,,SEYA,SEAYARD,SEAYARD,,2004-05-31,,https://www.seayard.com/fr/,"Terminal à containeur Nord 2XL, 13516 Port-Saint-Louis-du-Rhône, France",,"43.419722, 4.83"
FRLEH,,TDF,TERMINAL DE FRANCE (GMP),GENERALE DU MANUTENTION PORTUAIRE (GMP),2025-01-13,2006-06-08,,https://www.haropaport.com/en/container-terminals,"Traverse C E Ici, 76600 Le Havre, France",Berths 1-4,"49.4575, 0.17"
FRLEH,,QATL,TERMINAL DE L'ATLANTIQUE (CNMP),COMPAGNIE NOUVELLE DE MANUTENTIONS PORTUAIRES (CNMP),2025-01-14,2004-05-31,,https://www.haropaport.com/en/container-terminals,"3744 Quai de l'Atlantique, CS 80880, 76087 Le Havre, France","Quai de l'Atlantique (800 m) and Quai des Amériques (500 m, shared by CNMP and GMP).","49.473611, 0.153611"
FRLEH,,TMS,TERMINAUX DE NORMANDIE (TNMSC/TPO),TERMINAUX A CONTENEURS DE FRANCE (TCF) / TIL,2025-01-14,2012-04-02,,https://www.haropaport.com/en/container-terminals,"Zone Port 2000, Route de l’Estuaire Port Sud, 76600 Le Havre, France","Berths 5-6 (ex TPO, 700 m) and 7-10 (TNMSC, 1400 m).","49.461111, 0.144722"
FRLEH,,EUP,TERMINAUX NORD (GMP),GENERALE DU MANUTENTION PORTUAIRE (GMP),2025-01-14,2005-10-07,,https://www.haropaport.com/en/container-terminals,"Avenue du 16éme Port, 76600 Le Havre, France","Quai de l'Europe (1161 m) and Quai des Amériques (500 m, shared by CNMP and GMP).","49.481389, 0.178056"
FRMRS,,MET,MED EUROPE TERMINAL,INTRAMAR S.A,,2024-08-20,,https://www.med-europe-terminal.com/,"Enceinte Portuaire GPMM, Porte 4, BP68, 13315 Marseille Cedex 15, France",,"43.348333, 5.336389"
FRMRS,,TCP,TERMINAL CAP PINEDE,MARSEILLE MANUTENTION,,2024-08-20,,https://www.marseille-manutention.com/,"Enceinte Portuaire GPMM, Traverse des abatoirs, CS50593, 13344 Marseille Cedex 15, France",RoRo terminal,"43.328333, 5.351389"
FRMRS,,TRS,TERMINAL ROULIER SUD,MARSEILLE MANUTENTION,,2024-08-20,,https://www.marseille-manutention.com/,"Enceinte Portuaire GPMM, Traverse des abatoirs, CS50593, 13344 Marseille Cedex 15, France",RoRo terminal,"43.318333, 5.361111"
FRMTX,,TGO,TERMINAL DU GRAND OUEST MONTOIR,TERMINAL DU GRAND OUEST (TGO),,2017-11-23,,https://www.tgo-terminal.com,"Quai de Montoir, 44550 Montoir-de-Bretagne, France",,"47.3, -2.15"
GALBV,,OCT,OWENDO CONTAINER TERMINAL,OWENDO CONTAINER TERMINAL,,2023-09-07,,https://oct-gabon.com,"BP 943, Libreville, Estuaire Province, Gabon",,"0.284444, 9.506389"
GAPOG,,CGEME,CGEME PORT-GENTIL,THE GABONESE MARITIME AND ENVIRONMENTAL EXPERTISE FIRM (CGEME),,2023-12-12,,https://www.cgeme.net/,"Nouveau Port, Zone sous douane OPRAG, Port-Gentil, Ogooué-Maritime Province, Gabon",,"-0.688889, 8.775278"
GBBEL,,VIC3,VICTORIA TERMINAL 3 (VT3),BELFAST CONTAINER TERMINAL,2020-01-03,2015-05-22,,https://icgterminals.com/belfast-container-terminal/,"19 W Bank Rd, Belfast BT3 9JL, United Kingdom",,"54.632222, -5.884722"
GBFXT,,DLY,DOOLEY RORO TERMINAL,HUTCHISON PORTS PORT OF FELIXSTOWE,2024-08-20,2004-05-31,,https://www.portoffelixstowe.co.uk/,"Tomline House, The Dock, Felixstowe IP11 3SY, United Kingdom",,"51.951944, 1.314167"
GBFXT,,LNG,LANDGUARD TERMINAL (BERTHS 8&9),HUTCHISON PORTS PORT OF FELIXSTOWE,2024-08-20,2004-05-31,,https://www.portoffelixstowe.co.uk/,"Tomline House, The Dock, Felixstowe IP11 3SY, United Kingdom",,"51.947778, 1.314722"
GBFXT,,TTY,TRINITY TERMINAL,HUTCHISON PORTS PORT OF FELIXSTOWE,2024-08-20,2004-05-31,,https://www.portoffelixstowe.co.uk/,"Tomline House, The Dock, Felixstowe IP11 3SY, United Kingdom",,"51.960556, 1.296667"
GBGRG,,GBGR,GRANGEMOUTH TERMINAL,GRANGEMOUTH TERMINAL,2020-01-03,2004-05-31,,https://www.forthports.co.uk/our-ports/grangemouth/,"South Shore Road, Grangemouth FK3 8UD, United Kingdom",,"56.024167, -3.699167"
GBGRK,,CLYDE,CLYDEPORT CONTAINER TERMINAL,PEEL PORTS CLYDEPORT CONTAINER TERMINAL,2020-01-03,2017-03-09,,https://www.peelports.com/port-locations/clydeport,"Patrick St, Greenock PA16 1UU, United Kingdom",aka Greenock Ocean Terminal,"55.955833, -4.761944"
GBHUL,,HCT,HULL CONTAINER TERMINAL,ASSOCIATED BRITISH PORTS,2022-08-01,2006-07-10,,https://www.abports.co.uk/locations/hull/,"Queen Elizabeth Dock, Hull HU9 5PB, United Kingdom",Queen Elizabeth Dock.,"53.738889, -0.263056"
GBIMM,,ICT,IMMINGHAM CONTAINER TERMINAL (EXXTOR),ASSOCIATED BRITISH PORTS,,2022-08-01,,https://www.abports.co.uk/locations/immingham/,"Mineral Quay Road, Immingham DN40 2QT, United Kingdom",,"53.630278, -0.193889"
GBLGP,,DPWLG,LONDON GATEWAY,DP WORLD,,2014-02-06,,https://www.dpworld.com/London-gateway,"1 London Gateway, Stanford-le-Hope SS17 9DY, United Kingdom",,"51.507222, 0.483333"
GBLIV,,L2CT,LIVERPOOL2 CONTAINER TERMINAL,PEEL PORTS GROUP,,2022-06-01,,https://www.peelports.com/port-locations/liverpool,"Waterloo, Seaforth, Liverpool L21 1LA, United Kingdom",,"53.453056, -3.023889"
GBLIV,,RSCT,ROYAL SEAFORTH CONTAINER TERMINAL (RSCT),MERSEY DOCKS & HARBOUR COMPANY LTD.,2020-02-29,2015-05-22,,https://www.peelports.com/our-ports/liverpool,"Royal Seaforth Container Terminal, Liverpool L21 1JD, United Kingdom",Berths 3-6,"53.461389, -3.021667"
GBPRU,,PCT,PORTBURY CONTAINER TERMINAL,THE BRISTOL PORT COMPANY (BPC),,2022-05-01,,https://www.bristolport.co.uk/,"Royal Portbury Dock Road, Portbury BS20 7XJ, United Kingdom",,"51.494167, -2.723333"
GBRCS,,LTP,LONDON THAMESPORT CONTAINER TERMINAL,HUTCHISON PORTS LONDON THAMESPORT,,2004-05-31,,https://www.londonthamesport.co.uk/,"Grain Rd, Rochester ME3 0EP, United Kingdom",,"51.432778, 0.686389"
GBSOU,,DPWS,DP WORLD SOUTHAMPTON,DP WORLD,2020-01-03,2015-05-22,,https://www.dpworld.com/southampton,"204-207 Western Ave, Southampton SO15 1DA, United Kingdom",,"50.907222, -1.457222"
GBSSH,,TYNE,PORT OF TYNE CONTAINER TERMINAL,TYNE LOGISTICS COMPANY LTD,,2022-08-01,,https://www.portoftyne.co.uk/,"Western Approach, Port of Tyne, South Shields NE33 5SP, United Kingdom",,"54.985, -1.455556"
GBTEE,,TEES,TEESPORT CONTAINER TERMINAL,PD PORTS TEESPORT CONTAINER TERMINAL,2020-05-01,2017-03-09,,https://www.pdports.co.uk/locations/teesport/,"Tees Dock Rd, Middlesbrough TS6 6UD, United Kingdom","Two terminals: TCT1 at N54°36'06""N W001°09'06"" and TCT2 at N54°36'28""N W001°09'18"".","54.605556, -1.158056"
GBTIL,,LCT,LONDON CONTAINER TERMINAL,LONDON CONTAINER TERMINAL LTD.,2020-01-03,2015-09-21,,https://www.londoncontainerterminal.com/,"41 Northfleet Hope House Site, Tilbury RM18 7HX, United Kingdom",,"51.459722, 0.336944"
GDSTG,,PSTG,PORT OF ST. GEORGE'S,GRENADA PORTS AUTHORITY (GPA),,2022-01-19,,https://grenadaports.com/,"The Carenage, P.O. Box 494, St. George's, Grenada",,"12.048056, -61.749722"
GEBUS,,BICT,BATUMI INTERNATIONAL CONTAINER TERMINAL (BICT),BATUMI INTERNATIONAL CONTAINER TERMINAL LLC (BICT),,2022-01-19,,https://bict.ge/,"11 Baku Street, Batumi 6010, Georgia",,"41.648889, 41.657222"
GEPTI,,APMT,APM TERMINALS POTI,APM TERMINALS POTI SEA PORT,,2020-01-24,,https://www.apmterminals.com/en/poti,"52 David Aghmashenebeli Street, Poti 4401, Georgia","The inner pier at N42°09'16"" E041°39'53"" is also used by APMT.","42.152222, 41.653333"
GEPTI,,PNSPCT,POTI NEW SEA PORT CONTAINER TERMINAL,POTI NEW SEA PORT CONTAINER TERMINAL,,2024-03-01,,https://www.pace.ge/,"Davitaia-str. 1, Poti 4400, Georgia",Berth 1,"42.157222, 41.655278"
GFDDC,,GPMG,DEGRAD DES CANNES TERMINAL,GRAND PORT MARITIME DE LA GUYANE (GPMG),,2025-05-01,,https://portdeguyane.fr/,"Rue des Quais, 97354 Remire-Montjoly, French Guiana",,"4.854722, -52.274444"
GHTEM,,TPT1,TEMA PORT TERMINAL 1 (GPHA),GHANA PORTS AND HARBOURS AUTHORITY (TEMA PORT),,2024-12-21,,https://www.ghanaports.gov.gh/,"Ghana Ports and Harbours Authority, P.O. Box CO488, Tema, Ghana",Berths 3-16,"5.63, 0.008611"
GHTEM,,TPT2,TEMA PORT TERMINAL 2 (GPHA),GHANA PORTS AND HARBOURS AUTHORITY (TEMA PORT),,2024-12-21,,https://www.ghanaports.gov.gh/,"Ghana Ports and Harbours Authority, P.O. Box CO488, Tema, Ghana",Berths 1-2,"5.625, 0.008333"
GHTEM,,MPS3,TEMA PORT TERMINAL 3 (MPS),MERIDIAN PORT SERVICES LTD.,2024-12-21,2019-07-05,,https://mps-gh.com/,"Meridian Port Services Limited, P.O.BOX TT240, Tema New Town, Ghana",Berths 17-20,"5.614167, -0.011667"
GHTKD,,TKD1,TAKORADI PORT,GHANA PORTS AND HARBOURS AUTHORITY (TEMA PORT),,2020-05-01,,https://www.ghanaports.gov.gh/,"Ghana Ports and Harbours Authority, P.O. Box 708, Takoradi, Ghana",,"4.885972, -1.738028"
GIGIB,,GIBNM,"GIBRALTAR NORTH MOLE, BERTH 6","M.H. BLANDS STEVEDORING CO., LTD.",2020-01-24,2004-05-31,,https://www.gibraltarport.com/,"North Mole Rd., Gibraltar GX11 1AA, Gibraltar",,"36.147778, -5.363889"
GMBJL,,GPA,PORT OF BANJUL,GAMBIA PORTS AUTHORITY (GPA),,2022-05-01,,https://www.gambiaports.gm/,"34 Liberation Avenue, P.O. Box 617, Banjul, Gambia","Old wharf: berth 1 and 2, new wharf: berth 3A, 3B and 4","13.444167, -16.573333"
GNCKY,,CCT,CONAKRY CONTAINER TERMINAL,AFRICA GLOBAL LOGISTICS (AGL),2026-05-01,2022-01-19,,https://www.aglgroup.com/en/transport-logistique-afrique/Guinee,"Avenue du Port, Cité chemin de fer, Immeuble Kankan, BP 3177, Conakry, Guinea",Berths 10 and 12.,"9.510833, -13.721944"
GPPTP,,JARRY,TERMINAL DE JARRY,GENERALE DE MANUTENTION GUADELOUPE (GMG),,2023-01-01,,https://guadeloupe-portcaraibes.com/sites-portuaires/jarry/,"Rte port autonome, 97122 Baie-Mahault, Guadeloupe",,"16.23, -61.544167"
GQBSG,,PBAT,PORT OF BATA,TERMINALES MULTIPROPOSITO DE GUINEA ECUATORIAL (TMGE) SA,,2022-01-19,,https://www.tmge-sa.com/,"Carretera de Bome S/N, Bata, Equatorial Guinea",6 berths: 4x500m and 2x150m,"1.824222, 9.742361"
GQSSG,,PMAL,PORT OF MALABO,TERMINALES MULTIPROPOSITO DE GUINEA ECUATORIAL (TMGE) SA,,2022-01-19,,https://www.tmge-sa.com/,"Carretera del Aeropuerto Km 4, Malabo, Equatorial Guinea","3 berths: West (500m), South (300m) and East (300m)","3.761119, 8.777806"
GRHER,,HPA,HERAKLION PORT AUTHORITY,HERAKLION PORT AUTHORITY SA,,2022-03-01,,https://www.portheraklion.gr,"Heraklion Port, Leof. Nearchou, Nea Alikarnassos, 71110 Heraklion, Greece",Pier IV-V,"35.344722, 25.149722"
GRPIR,,GRPCT,PIRAEUS CONTAINER TERMINAL,PIRAEUS CONTAINER TERMINAL SA,2022-03-01,2015-03-11,,https://www.pct.com.gr,"Sempo Neo Ikonio, 18863 Perama, Greece",Pier II-III,"37.958611, 23.586389"
GRPIR,,PPA,PIRAEUS PORT AUTHORITY,PIRAEUS PORT AUTHORITY SA,2022-03-01,2004-05-31,,https://www.olp.gr,"Sempo Neo Ikonio, 18863 Perama, Greece",Pier I,"37.956667, 23.597778"
GRSKG,,THPASA,THESSALONIKI PORT AUTHORITY,PORT AUTHORITY THESSALONIKI SA,2020-02-29,2015-09-21,,https://www.thpa.gr,"Pier No 1, Port of Thessaloniki, 54625 Thessaloniki, Greece",,"40.635556, 22.906111"
GRVOL,,VPA,VOLOS PORT AUTHORITY,VOLOS PORT AUTHORITY SA,,2022-03-01,,https://port-volos.gr/,"Organismos Limenos Volou, Kentriki provlita, 38221 Volos, Greece",,"39.357222, 22.935833"
GTPBR,,TFPB,TERMINAL FERROVIARIA PUERTO BARRIOS,TERMINAL FERROVIARIA PUERTO BARRIOS,,2015-02-11,,https://puertobarrios.gt/,"9a. Calle 1a. y 2a. Ave. Terminal Portuaria, Puerto Barrios, Dpto. de Izabal, Guatemala",,"15.734444, -88.605833"
GTPRQ,,TCQ,APM TERMINALS QUETZAL,APM TERMINALS,2023-01-01,2017-05-23,,https://www.apmterminals.com/en/puerto-quetzal,"Recinto Portuario Quetzal, km 102.371, Autopista a puerto San Jose, Puerto Quetzal, Dpto. de Escuintla, Guatemala",APMT acquired TCS in 2015.,"13.927222, -90.791111"
GTPRQ,,EPQEZ,EMPRESA PORTUARIA QUETZAL (EPQ),YILPORT HOLDING INC.,2025-01-14,2004-05-31,,https://www.yilport.com/en/ports/default/YILPORT-Quetzal-Guatemala-Latin-America-Terminals/1197/0/0,"Recinto Portuario Quetzal, Puerto Quetzal, Dpto. de Escuintla, Guatemala",Yilport took a 55% share in Puerto Quetzal (EPQ) on 2018-10-18.,"13.925556, -90.786111"
GTSTC,,EPSTC,EMPRESA PORTUARIA NACIONAL TERMINAL,EMPRESA PORTURIA NACIONAL,,2004-05-31,,https://santotomasport.com.gt/,"Carr. a Santo Tomás de Castilla, Puerto Santo Tomás de Castilla, Puerto Barrios, Dpto. de Izabal, Guatemala",,"15.696389, -88.616111"
GUGUM,,APRA,APRA HARBOR COMMERICIAL PORT GUAM (PAG),PORT AUTHORITY OF GUAM (PAG),,2025-01-14,,https://www.portofguam.com,"1026 Cabras Highway, Suite 201, Piti, GU 96915, Guam","Berths F3,F4,F5,F6","13.460833, 144.669444"
GWOXB,,BIST,BISSAU TERMINAL,DIRECCAO NACIONAL DE MARINHA E PORTOS,,2023-01-01,,https://www.africa-port.com/en/guinea-bissau/,"Av do 3 de Agosto, CP 693, Bissau, Guinea-Bissau",,"11.858889, -15.577222"
GYGEO,,JFL,JOHN FERNANDES WHARF,JOHN FERNANDES LTD.,,2025-06-18,,https://johnfernandesltd.com/,"24 Water Street, Georgetown, Guyana",,"6.812222, -58.168333"
GYGEO,,MUN,MUNESHWERS WHARF GEORGETOWN,MUNESHWERS LIMITED GUYANA,,2025-02-10,,https://muneshwers.com/,"45-47 Water Street, Georgetown, Guyana",,"6.814167, -58.168056"
HKHKG,,ACTHK,ASIA CONTAINER TERMINALS (ACT),ASIA CONTAINER TERMINALS LTD.,2020-01-03,2010-10-22,,https://www.hphtrust.com/portfolio_act.html,"Terminal 8 West, Container Port Road South, Kwai Chung, Hong Kong",Kwai Tsing Terminal 8 West,"22.324722, 114.126389"
HKHKG,,CMC,CHINA MERCHANTS CONTAINER SERVICES,CHINA MERCHANTS CONTAINER SERVICES LTD.,,2015-06-24,,http://cmcs.com.hk,"5-9 Tsing Keung Street, Tsing Yi, New Territories, Hong Kong",Euroasia dockyard.,"22.330833, 114.089444"
HKHKG,,CHTHK,COSCO-HIT (CHT),COSCO-HIT TERMINALS (HONG KONG) LTD.,2020-01-03,2010-10-22,,https://www.hphtrust.com/portfolio_cosco.html,"Terminal 8 East, Container Port Road South, Kwai Chung, Hong Kong",Kwai Tsing Terminal 8 East,"22.326389, 114.132222"
HKHKG,,DPWHK,DP WORLD HONG KONG - CT3,DP WORLD ASIA,2020-01-03,2010-10-22,,https://www.goodmandpworld.hk,"Berth 3, Kwai Chung Container Terminal, Kwai Chung, Hong Kong",Kwai Tsing Terminal 3,"22.342222, 114.1225"
HKHKG,,HITHK,HONG KONG INTERNATIONAL TERMINALS (HIT),HONGKONG INTERNATIONAL TERMINALS LIMITED,2020-01-03,2010-10-22,,https://www.hphtrust.com/portfolio_hit.html,"Terminal 4, Container Port Road South, Kwai Chung, Hong Kong","Kwai Tsing Terminals 4, 6, 7 and 9 North","22.332222, 114.125833"
HKHKG,,MTLHK,HONG KONG MODERN TERMINALS (MTL),MODERN TERMINALS LIMITED,2020-01-03,2010-10-22,,https://www.modernterminals.com.hk/,"Berth 1, Modern Terminals, Container Port Road, Kwai Chung, Hong Kong","Kwai Tsing Terminals 1, 2, 5 and 9 South","22.347778, 114.120556"
HKHKG,,RTT,RIVER TRADE TERMINAL (RTT),"RIVER TRADE TERMINAL CO., LTD. (RTT)",,2022-06-01,,https://www.rttc.com.hk/rtt/eng/home_1024.html,"201 Lung Mun Road, Tuen Mun, New Territories, Hong Kong",Multiple operators at multiple berths.,"22.364722, 113.941944"
HNPCA,,PCA,ENP PUERTO CASTILLA,"EMPRESA NACIONAL PORTUARIA HONDURAS, C.A. (ENP)",,2025-01-14,,https://www.enp.hn/puertos,"Terminal Puerto Castilla, Puerto Castilla, Dpto. Colón, Honduras",,"16.005278, -85.97"
HNPCR,,ENPCR,ENP PUERTO CORTES,"EMPRESA NACIONAL PORTUARIA HONDURAS, C.A. (ENP)",,2004-05-31,,https://www.enp.hn/puertos,"Empresa Nacional Portuaria, 1 Avenida, Puerto Cortés, Dpto. Cortés, Honduras",,"15.843056, -87.945833"
HNSLO,,ENPSL,ENP SAN LORENZO,"EMPRESA NACIONAL PORTUARIA HONDURAS, C.A. (ENP)",,2016-07-28,,https://www.enp.hn/puertos,"Portuaria de San Lorenzo, San Lorenzo, Dpto. Valle, Honduras",,"13.402222, -87.425"
HRPLE,,LPT,LUKA PLOCE TERMINAL,LUKA PLOCE D.D.,,2022-03-01,,https://www.luka-ploce.hr,"Trg kralja Tomislava 21, 20340 Plo?e, Croatia",,"43.043889, 17.428333"
HRRJK,,AGCT,ADRIATIC GATE CONTAINER TERMINAL (AGCT),LUKA RIJEKA / INTERNATIONAL CONTAINER TERMINAL SERVICES INC. (ICTSI),2020-01-03,2019-10-04,,https://www.ictsi.hr,"Jadranska vrata, Brajdica 16, 51000 Rijeka, Croatia",,"45.32, 14.454167"
HRRJK,,RGW,RIJEKA GATEWAY (RGW),RIJEKA GATEWAY DOO (APM TERMINALS / ENNA),,2025-07-16,,https://www.apmterminals.com/en/rijeka-gateway/,"Milutina Baraca 109, 51000 Rijeka, Croatia",,"45.330556, 14.419444"
HTLFF,,LFU,PORT LAFITO,PORT LAFITO S.A.,,2021-03-01,,https://portlafito.com/,"Route Nationale No. 1, Chancerelles, Port-au-Prince, Département Ouest, Haiti",,"18.693889, -72.365"
HTPAP,,PAPCT,PORT-AU-PRINCE CONTAINER TERMINAL (PAPCT),CARIBBEAN PORT SERVICES (CPS),,2022-06-01,,https://cps.ht/papct/,"Complexe APN, Boulevard La Saline, Port-au-Prince, Département Ouest, Haiti",,"18.556944, -72.35"
HTPAP,,TVB,TVB PORT-AU-PRINCE TERMINAL,AFRICA GLOBAL LOGISTICS (AGL),2026-05-01,2020-10-01,,https://www.aglgroup.com/en/transport-logistique-afrique/Haiti,"Route National No. 1, Chancerelles, Port-au-Prince, Département Ouest, Haiti",,"18.573056, -72.348333"
IDAMQ,,TPAM,TERMINAL PETIKEMAS AMBON,PT PELINDO TERMINAL PETIKEMAS (SPTP),,2024-10-21,,https://www.pelindotpk.co.id/port-terminal/ambon,"Jl. Yos Sudarso No. 1, Ambon, Maluku 97126, Indonesia",,"-3.693333, 128.176944"
IDBDJ,,PERUMP,TRISAKTI PORT BANJARMASIN,PT PELINDO MULTI TERMINAL (SPMT),2025-02-10,2018-08-06,,https://www.pelindo.co.id/port/pelabuhan-banjarmasin,"Jl. Barito Hilir Trisakti No. 6, Banjarmasin, Kalimantan Selatan 70119, Indonesia",,"-3.3275, 114.558333"
IDBIT,,TPBT,TERMINAL PETIKEMAS BITUNG,PT PELINDO TERMINAL PETIKEMAS (SPTP),,2024-10-11,,https://www.pelindotpk.co.id/port-terminal/bitung,"Jl. Samuel Languju No. 1, Winenet Dua, Aertembaga, Bitung, Sulawesi Utara 95526, Indonesia",,"1.439167, 125.198333"
IDBLW,,BNCTA,BELAWAN NEW CONTAINER TERMINAL (BNCT) TERMINAL A,PT BELAWAN NEW CONTAINER TERMINAL / DP WORLD,,2024-10-21,,https://bnct-id.com,"Jl. Raya Pelabuhan Gabion, Belawan, Sumatera Utara 20414, Indonesia",BNCT Terminal A (international) is the ex Prima Terminal Petikemas Belawan. DP World took over operations on 2024-01-12.,"3.798889, 98.721111"
IDBLW,,BNCTB,BELAWAN NEW CONTAINER TERMINAL (BNCT) TERMINAL B,PT BELAWAN NEW CONTAINER TERMINAL / DP WORLD,,2024-10-21,,https://bnct-id.com,"Jl. Lingkar Pelabuhan No. 1, Belawan, Sumatera Utara 20412, Indonesia",BNCT Terminal B (domestic) is the ex Belawan International Container Terminal (BICT). DP World took over operations on 2024-01-12.,"3.793611, 98.715556"
IDBTM,IDBUR,AMPAR,PORT OF BATU AMPAR,PELINDO I,2020-02-29,2015-03-10,,https://www.pelindo1.co.id/cabang/BTM/en/berita/pages/Pelabuhan-Batam.aspx,"Jl. Lumba-Lumba No. 2, Batu Merah, Kec. Batu Ampar, Batam, Kepulauan Riau 29444, Indonesia",,"1.166389, 104.002222"
IDDJB,,TPJB,IPC TERMINAL PETIKEMAS JAMBI,PT IPC TERMINAL PETIKEMAS,,2024-10-21,,https://ipctpk.co.id/area-jambi/,"Jl. Raya Pelabuhan Km 09, Talang Duku, Kec. Taman Rajo, Kabupaten Muaro Jambi, Jambi 36382, Indonesia",,"-1.534167, 103.659444"
IDDJJ,,TPJP,TERMINAL PETIKEMAS JAYAPURA,PT PELINDO TERMINAL PETIKEMAS (SPTP),,2024-10-21,,https://www.pelindotpk.co.id/port-terminal/jayapura,"Jl. Koti II No. 21, Jayapura, Papua Barat 99221, Indonesia",,"-2.545, 140.713889"
IDJKT,,KADE,CONVENTIONAL TANJUNG PRIOK PORT,CONVENTIONAL TPK,2020-08-01,2015-06-12,,,"Conventional TPK, Tanjung Priok, Jakarta Utara, DKI Jakarta 14310, Indonesia",Multiple operators at multiple berths.,"-6.101667, 106.883333"
IDJKT,,TER3,IPC TERMINAL PETIKEMAS TANJUNG PRIOK,PT IPC TERMINAL PETIKEMAS,,2024-01-25,,https://ipctpk.co.id/en/tanjung-priok-area/,"Jl. Raya Pelabuhan No. 23, Tanjung Priok, Jakarta Utara, DKI Jakarta 14310, Indonesia",,"-6.100556, 106.890556"
IDJKT,,UTC1,JAKARTA INTERNATIONAL CONTAINER TERMINAL (UTC1),PELINDO II / HUTCHISON PORTS,2020-08-01,2015-06-12,,https://www.jict.co.id/,"Jl. Sulawesi Ujung No. 1, Tanjung Priok, Jakarta Utara, DKI Jakarta 14310, Indonesia",,"-6.097778, 106.893056"
IDJKT,,UTC3,KOJA CONTAINER TERMINAL (UTC3),PELINDO II / HUTCHISON PORTS,2020-08-01,2015-06-12,,https://www.tpkkoja.co.id/,"Digul No. 1, RW. 1, Koja, Kec. Koja, Jakarta Utara, DKI Jakarta 14220, Indonesia",,"-6.101944, 106.904167"
IDJKT,,NPCT1,NEW PRIOK CONTAINER TERMINAL ONE,"PELINDO II (IPC) / MITSUI & CO., LTD. / PSA INTERNATIONAL PTE LTD / NYK LINE",,2021-10-24,,https://www.npct1.co.id/,"Jl. Terminal Kalibaru Raya Kav. B No. 1, Jakarta Utara, DKI Jakarta 14110, Indonesia",,"-6.094167, 106.92"
IDJKT,,TSJ,TANGGUH SAMUDERA JAYA,PT PERUSAHAAN BONGKAR MUAT TANGGUH SAMUDERA JAYA,,2024-10-11,,https://www.samudera.id/tsj/en/,"Jl. Bangka No.1, Tanjung Priok, Jakarta Utara, DKI Jakarta 14310, Indonesia",Berths 303-305,"-6.104167, 106.890556"
IDJKT,,T300,TERMINAL MUSTIKA ALAM LESTARI (MAL),PT MUSTIKA ALAM LESTARI,2020-02-29,2015-06-12,,https://malt300.com/,"Jl. Bitung Ujung No. 1, RW. 1, Tanjung Priok, Jakarta Utara, DKI Jakarta 14310, Indonesia",Berth 300,"-6.0975, 106.889444"
IDKDI,,KNP,TERMINAL PETIKEMAS KENDARI NEW PORT (KNP),PT PELINDO TERMINAL PETIKEMAS (SPTP),,2024-10-21,,https://www.pelindotpk.co.id/port-terminal/kendari,"Terminal Petikemas, Bungkutoko, Kendari, Sulawesi Tenggara 93234, Indonesia",,"-3.993056, 122.621389"
IDKOE,,TPKU,TERMINAL PETIKEMAS KUPANG,PT PELINDO TERMINAL PETIKEMAS (SPTP),,2024-10-11,,https://www.pelindotpk.co.id/port-terminal/kupang,"Jl. Yos Sudarso No. 23, Kupang, Nusa Tenggara Timur 85351, Indonesia",,"-10.198056, 123.527778"
IDKRG,,KKT,KALTIM KARIANGAU TERMINAL,PT KALTIM KARIANGAU TERMINAL,,2024-10-21,,https://info.kariangauterminal.co.id/,"Jl. Pulau Balang No. 1, Kariangau KM.13, Kec. Balikpapan Bar., Balikpapan Barat, Kalimantan Timur 76134, Indonesia",,"-1.161944, 116.779444"
IDKTJ,,KTMT,KUALA TANJUNG MULTIPURPOSE TERMINAL (KTMT),PT PRIMA MULTI TERMINAL KUALA TANJUNG,,2024-10-21,,https://www.primamultiterminal.co.id/,"Jl. Akses Pelabuhan No. 1, Kuala Tanjung Sei Suka, Batu Bara, Sumatera Utara 21657, Indonesia",,"3.382222, 99.467778"
IDMAK,,TPM,MAKASSAR CONTAINER TERMINAL,PT PELINDO TERMINAL PETIKEMAS (SPTP),,2024-10-11,,https://www.pelindotpk.co.id/port-terminal/makassar,"Jl. Nusantara No.329, Butung, Kec. Wajo, Makassar, Sulawesi Selatan 90164, Indonesia",,"-5.129722, 119.404444"
IDMAK,,MNP,MAKASSAR NEW PORT CONTAINER TERMINAL,PT PELINDO TERMINAL PETIKEMAS (SPTP),,2024-10-11,,https://www.pelindotpk.co.id/port-terminal/mnp,"Jl. Makasar New Port, Kaluku Bodoa, Kec. Tallo, Makassar, Sulawesi Selatan 90212, Indonesia",,"-5.095556, 119.416111"
IDPLM,,BOOMBA,TERMINAL PETIKEMAS PALEMBANG BOOM BARU,PELINDO II,,2018-08-06,,https://www.palembangport.co.id/,"Jl. Belinyu No. 1, Boom Baru, Palembang, Sumatera Selatan 30115, Indonesia",,"-2.980556, 104.778611"
IDPNJ,,TPPJ,IPC TERMINAL PETIKEMAS PANJANG,PT IPC TERMINAL PETIKEMAS,2024-10-11,2022-05-01,,https://ipctpk.co.id/en/panjang-area/,"Jl. Yos Sudarso No. 337, Panjang, Lampung 35241, Indonesia",,"-5.465556, 105.315556"
IDPNK,,TPKP,IPC TERMINAL PETIKEMAS PONTIANAK,PT IPC TERMINAL PETIKEMAS,2024-10-21,2024-10-11,,https://ipctpk.co.id/en/pontianak-area/,"Jl. Pak Kasih No. 11, Pontianak, Kalimantan Barat 78111, Indonesia",,"-0.006944, 109.322222"
IDPTL,,TPPT,TERMINAL PETIKEMAS PANTOLOAN,PT PELINDO TERMINAL PETIKEMAS (SPTP),,2024-10-21,,https://www.pelindotpk.co.id/port-terminal/pantoloan,"Jl Bahari No. 23, Pantoloan, Kec. Tawaeli, Palu, Sulawesi Tengah 94352, Indonesia",,"-0.711111, 119.856111"
IDPWG,,TPPW,TERMINAL PETIKEMAS PERAWANG,PT PELINDO TERMINAL PETIKEMAS (SPTP),,2024-10-21,,https://www.pelindotpk.co.id/port-terminal/perawang,"Jl. Pertiwi, Pinang Sebatang Tim., Kec. Tualang, Kabupaten Siak, Riau 28671, Indonesia",,"0.678333, 101.646111"
IDSOQ,,TPSO,TERMINAL PETIKEMAS SORONG,PT PELINDO TERMINAL PETIKEMAS (SPTP),,2024-10-21,,https://www.pelindotpk.co.id/port-terminal/sorong,"Jl. Ahmad Yani No. 13, Sorong, Papua Barat 98412, Indonesia",,"-0.8775, 131.243889"
IDSRG,,TPKS,TERMINAL PETIKEMAS SEMARANG,PT PELINDO TERMINAL PETIKEMAS (SPTP),2024-10-11,2022-05-01,,https://www.pelindotpk.co.id/port-terminal/semarang,"Jl. Coaster 10A, Semarang, Jawa Tengah 50174, Indonesia",,"-6.938889, 110.423889"
IDSRI,,TPPL,TERMINAL PETIKEMAS PALARAN,PT PELABUHAN SAMUDERA PALARAN,,2024-10-11,,https://samudera.id/ports/terminal-petikemas-(tpk)palaran,"Bukuan, Palaran, Samarinda, Kalimantan Timur 75256, Indonesia",,"-0.571944, 117.206944"
IDSUB,,BJTI,BERLIAN JASA TERMINAL INDONESIA (BJTI),PT BERLIAN JASA TERMINAL INDONESIA (BJTI),2020-02-29,2015-05-03,,https://www.bjtiport.co.id/b/index.php?option=com_content&view=article&id=237&Itemid=26,"Jl. Prapat Kurung Utara No. 60, Perak Utara, Kec. Pabean Cantian, Surabaya, Jawa Timur 60165, Indonesia",,"-7.205556, 112.726111"
IDSUB,,TPNI,TERMINAL PETIKEMAS NILAM,PT TERMINAL TELUK LAMONG (TTL),,2024-10-21,,https://www.teluklamong.co.id/,"Jl. Nilam Timur No. 1, Perak Utara, Kec. Pabean Cantian, Surabaya, Jawa Timur 60165, Indonesia",,"-7.205278, 112.723333"
IDSUB,,TPS,TERMINAL PETIKEMAS SURABAYA (TPS),PT TERMINAL PETIKEMAS SURABAYA (TPS),2020-02-29,2005-09-19,,https://www.tps.co.id/,"Jl. Tanjung Mutiara 1, Surabaya, Jawa Timur 60177, Indonesia",,"-7.197778, 112.710278"
IDSUB,,TTL,TERMINAL TELUK LAMONG,PT TERMINAL TELUK LAMONG (TTL),,2024-10-21,,https://www.teluklamong.co.id/,"Jl. Terminal Tlk. Lamong, Tambak Osowilangun, Kec. Benowo, Surabaya, Jawa Timur 60191, Indonesia",,"-7.186944, 112.6875"
IDTBR,,TPTB,IPC TERMINAL PETIKEMAS TELUK BAYUR,PT IPC TERMINAL PETIKEMAS,,2024-10-11,,https://ipctpk.co.id/en/teluk-bayur-area/,"Jl. Semarang No. 3, Tlk. Bayur, Kec. Padang Sel., Padang, Sumatera Barat 25215, Indonesia",,"-1.0, 100.371667"
IDTRK,,TPTR,TERMINAL PETIKEMAS TARAKAN,PT PELINDO TERMINAL PETIKEMAS (SPTP),,2024-10-21,,https://www.pelindotpk.co.id/port-terminal/tarakan,"Jl. Yos Sudarso No. 9, Tarakan, Kalimantan Timur 77126, Indonesia",,"3.280556, 117.594167"
IEDUB,,AQCT,ALEXANDRA QUAY CONTAINER TERMINAL (DSG),DOYLE SHIPPING GROUP,,2025-01-14,,https://www.doyleshipping.ie/locations/dublin,"4 Branch Rd South, Dublin Port, Dublin, Co. Dublin, Ireland","Berths 32,33,38,39,40","53.347222, -6.209444"
IEDUB,,DFP,DUBLIN FERRYPORT TERMINAL,DUBLIN FERRYPORT,2020-01-24,2015-06-12,,https://icgterminals.com/dublin-ferryport-terminals/,"Ferry Port, Breakwater Rd, North Wall, Dublin, Co. Dublin, Ireland","Berths 50,50A","53.346667, -6.200278"
IEDUB,,MTL,MARINE TERMINALS LTD,PEEL PORTS GROUP,2020-01-24,2015-06-12,,https://www.peelports.com/port-locations/dublin,"Marine Terminals Limited, Pigeon House Road, Ringsend, Dublin, Ireland, Dublin, Co. Dublin, Ireland","Berths 41,42,43,44,45","53.343333, -6.210556"
IEORK,,CCT,CORK CONTAINER TERMINAL,PORT OF CORK,,2022-06-01,,https://www.portofcork.ie,"Cork Container Terminal, Loughbeg, Ringaskiddy, Co. Cork, Ireland",,"51.834444, -8.323333"
IEORK,,RDT,RINGASKIDDY DEEPWATER TERMINAL,PORT OF CORK,,2019-07-05,,https://www.portofcork.ie,"Deep Water Berth, Ringaskiddy, Co. Cork, Ireland",,"51.83375, -8.328611"
IEORK,,TIVO,TIVOLI TERMINAL,PORT OF CORK,,2015-06-12,,https://www.portofcork.ie,"Tivoli Terminal Building, Tivoli Dock & Industrial Estate, Cork T23 YNT9, Co. Cork, Ireland",,"51.900361, -8.415944"
IEWAT,,BLVW,BELVIEW CONTAINER TERMINAL WATERFORD,PORT OF WATERFORD,,2024-12-21,,https://www.portofwaterford.com/,"Marine Point, Belview Port, Waterford X91 W0XW, Co. Waterford, Ireland",,"52.265, -7.033611"
ILASH,,APCL,"ASHDOD PORT CO., LTD.","ASHDOD PORT CO., LTD.",,2004-05-31,,https://www.ashdodport.co.il/english/Pages/HomePage.aspx,"Laskov 1 BVD P.O.Box 9001, Ashdod 7710001, Israel",Includes Eitan Terminal (aka Hayovel).,"31.834444, 34.647778"
ILASH,,HCT,HADAROM CONTAINER TERMINAL,TERMINAL INVESTMENT LTD. (TIL) / MSC,,2022-06-01,,https://www.tilgroup.com/terminal/port-ashdod,"2 Halutzei Hataasia, Ashdod 7759222, Israel",,"31.843333, 34.647222"
ILHFA,,BAYP,HAIFA BAYPORT TERMINAL,"SIPG BAYPORT TERMINAL CO., LTD.",,2022-01-19,,https://www.sipgbayport.com/,"PO Box 10607, Haifa 2611702, Israel",Also known as Namal HaMifratz.,"32.827778, 35.0275"
ILHFA,,HPCL,"HAIFA PORT CO., LTD.","HAIFA PORT CO., LTD.",2022-01-19,2004-05-31,,https://www.haifaport.co.il/en/terminals/,"PO Box 33539, Haifa 3133401, Israel",Eastern Terminal (960 m quay) and Carmel Terminal (700 m quay).,"32.817222, 35.015278"
INCCU,,CPL,CENTURY PORTS LIMITED (CPL),CENTURY PORTS LIMITED,,2026-02-11,,https://centuryports.com/,"KPD-1 (West), Gate No-2, Garden Reach, Kolkata, West Bengal 700043, India","Multipurpose Terminal. 2 container berths KP04BD (136 m) and KP06BD (118 m), 1 cargo berth KP02BD (162 m).","22.543056, 88.315"
INCCU,,CALCUT,KOLKATA DOCK SYSTEM (KDS),KOLKATA PORT TRUST,,2015-06-12,,https://smportkolkata.shipping.gov.in/,"15, Strand Road, Kolkata, West Bengal 700001, India",,"22.54, 88.300278"
INCOK,,ICTT,KOCHI INTL CONTAINER TRANSSHIPMENT TERMINAL (ICTT),INDIA GATEWAY TERMINAL PVT. LTD. / DP WORLD,,2020-02-01,,https://www.dpworld.com/india/ports-and-terminals/cochin,"ICTT Vallarpadam SEZ, Mulavukadu Village, Kochi, Kerala 682504, India",Locally known as VALLARPADAM TERMINAL,"9.978056, 76.252222"
INENR,,AECTPL,ADANI ENNORE CONTAINER TERMINAL,ADANI INTERNATIONAL CONTAINER TERMINAL PVT. LTD.,2020-01-03,2019-07-05,,https://www.adaniports.com/Ports-and-Terminals/Ennore-Terminal,"Ennore Port, Kattupalli Rd., Puzhuthivakkam, Chennai, Tamil Nadu 600120, India",,"13.271944, 80.337778"
INGGV,,AGPCT,ADANI GANGAVARAM PORT CONTAINER TERMINAL,ADANI GANGAVARAM PORT PVT. LTD.,,2024-09-27,,https://www.adaniports.com/Ports-and-Terminals/Gangavaram-Port,"Gangavaram (Post), Pedagantyada, Visakhapatanam, Andhra Pradesh 530044, India",,"17.6275, 83.233056"
INHAL,,HICT,HALDIA INTERNATIONAL CONTAINER TERMINAL (HICT),HALDIA INTERNATIONAL CONTAINER TERMINAL (HICT),,2022-02-01,,https://www.jmbaxi.com/haldia-container-terminal.html,"Old P & T Building, Chiranjibpur Camp, Dock Zone, Haldia, West Bengal 721604, India",Berths 10HDC and 11HDC (Haldia Dock Complex),"22.0375, 88.085278"
INHZA,,AHCT,ADANI HAZIRA CONTAINER TERMINAL,ADANI HAZIRA PORT PVT. LTD. (AHPPL),,2021-10-24,,https://www.adaniports.com/Ports-and-Terminals/Hazira-Port,"At & Post Hazira, Taluka Choryasi, Hazira, Gujarat 394270, India",,"21.085556, 72.63"
INIXE,,NMPT,NEW MANGALORE PORT,NEW MANGALORE PORT AUTHORITY,2020-01-03,2015-06-24,,https://newmangaloreport.gov.in/,"New Mangalore Port Authority, Panambur, Mangalore, Karnataka 575010, India",,"12.933333, 74.818333"
INIXY,,KICT,KANDLA INTERNATIONAL CONTAINER TERMINAL (KICT),J M BAXI GROUP,,2023-09-07,,https://www.jmbaxi.com/,"Berth No 11 & 12, Deendayal Port Authority, Kandla, Gujarat 370210, India",,"22.985556, 70.224444"
INKAK,,KCT,KAKINADA CONTAINER TERMINAL (KCT),KAKINADA CONTAINER TERMINAL PVT. LTD. (KCTPL),,2022-02-01,,https://kctpl.com/,"Kakinada Deep Water Port, Beach Road, Kakinada, Andhra Pradesh 533005, India",Berth 7,"16.963611, 82.279444"
INKAT,,KICT,KATTUPALLI INTERNATIONAL CONTAINER TERMINAL (KICT),ADANI KATTUPALLI PORT PVT. LTD. (AKPPL),,2021-10-24,,https://www.adaniports.com/Ports-and-Terminals/Kattupalli-Port,"Kattupalli Road, Kattupalli, Tamil Nadu 600120, India",2 berths.,"13.311944, 80.346944"
INKRI,,KPCT,ADANI KRISHNAPATNAM CONTAINER TERMINAL,ADANI KRISHNAPATNAM CONTAINER TERMINAL PVT. LTD.,,2021-04-01,,https://www.adaniports.com/Ports-and-Terminals/Krishnapatnam-port,"Thamminapatnam, Nellore, Andhra Pradesh 524344, India",10 berths.,"14.254444, 80.114444"
INMAA,,CCTL,CHENNAI CONTAINER TERMINAL (CCTL),CHENNAI CONTAINER TERMINAL PVT. LTD. / DP WORLD,2020-01-03,2005-09-19,,https://www.dpworld.com/india/ports-and-terminals/chennai-container-terminal,"Ground Chennai Port Trust Administrative Building, 1, Rajaji Salai, Chennai, Tamil Nadu 600001, India",,"13.105833, 80.298611"
INMAA,,CITPL,CHENNAI INTERNATIONAL CONTAINER TERMINAL (CITPL),CHENNAI INTERNATIONAL TERMINALS PVT LTD / PSA,2020-01-03,2015-06-20,,https://india.globalpsa.com/psa-chennai/,"Chennai Port Trust, Chennai, Tamil Nadu 600001, India",,"13.093889, 80.301667"
INMRM,,MPT,MORMUGAO PORT TRUST (MPT),"MORMUGAO PORT TRUST, GOA",,2021-10-24,,https://mptgoa.gov.in/,"Headland Sada, Vasco Da Gama, Goa 403804, India",11 operational berths,"15.402778, 73.808056"
INMUN,,ACMTPL,ADANI CMA MUNDRA CONTAINER TERMINAL (ACMTPL),ADANI CMA MUNDRA CONTAINER TERMINAL PVT. LTD. (ACMTPL) / CMA-CGM,,2020-04-01,,https://www.adaniports.com/Ports-and-Terminals/Mundra-Port,"ACMTPL, Adani Ports & SEZ Ltd., Mundra, Gujarat 370421, India","CT4 (South Basin), berths CB4/CB5","22.738889, 69.685833"
INMUN,,AICTPL,ADANI INTERNATIONAL CONTAINER TERMINAL (AICTPL),ADANI INTERNATIONAL CONTAINER TERMINAL PVT. LTD. (AICTPL) / MSC,2020-04-01,2015-06-12,,https://www.adaniports.com/Ports-and-Terminals/Mundra-Port,"AICTPL, Adani Ports & SEZ Ltd., Mundra, Gujarat 370421, India","CT3 (South Basin), berths CB6/CB7/CB8/CB9","22.738889, 69.696111"
INMUN,,AMCT,ADANI MUNDRA CONTAINER TERMINAL (AMCT),ADANI MUNDRA CONTAINER TERMINAL PVT. LTD. (AMCT),,2020-04-01,,https://www.adaniports.com/Ports-and-Terminals/Mundra-Port,"AMCT, Adani Ports & SEZ Ltd., Mundra, Gujarat 370421, India","CT2, berths CB3/CB4","22.746111, 69.708056"
INMUN,,MICT,MUNDRA INTERNATIONAL CONTAINER TERMINAL (MICT),MUNDRA INTERNATIONAL CONTAINER TERMINAL PVT. LTD. / DP WORLD,2020-04-01,2005-09-19,,https://www.dpworld.com/india/ports-and-terminals/mundra-international-container-terminal,"New Mundra Port, Navinal Island, Mundra, Gujarat 370421, India","CT1, berths CB1/CB2","22.743333, 69.712222"
INNSA,,BMCT,BHARAT MUMBAI CONTAINER TERMINALS,BHARAT MUMBAI CONTAINER TERMINALS PVT. LTD. (PSA),,2018-09-17,,https://bmctpl.com/,"The Galaxy, Admin Building, 4th Container Terminal, JNPT, Sheva, Navi Mumbai, Maharashtra 400707, India",,"18.933333, 72.933333"
INNSA,,GTICI,GATEWAY TERMINALS INDIA (GTI),GATEWAY INDIA TERMINALS PVT. LTD. (APM / CONCOR),,2019-04-16,,https://www.apmterminals.com/en/mumbai,"Gateway Terminals India Pvt. Ltd., GTI House, JNPT, Sheva, Navi Mumbai, Maharashtra 400707, India",APM Terminals Mumbai,"18.948333, 72.941389"
INNSA,,NSIGT,NHAVA SHEVA (INDIA) GATEWAY TERMINAL (NSIGT),NHAVA SHEVA (INDIA) GATEWAY TERMINAL PVT. LTD. (DP WORLD),,2019-04-16,,https://www.dpworld.com/india/ports-and-terminals/nhava-sheva-india-gateway-terminal,"NSIGT, Operation Centre, Near JNPT, Sheva, Navi Mumbai, Maharashtra 400707, India",,"18.963056, 72.950556"
INNSA,,NSDT,NHAVA SHEVA DISTRIBUTION TERMINAL,NHAVA SHEVA DISTRIBUTION TERMINAL PVT. LTD.,,2024-08-20,,https://www.jmbaxi.com/nhava-sheva-distribution-terminal.html,"JNPA Substation E-4, Shallow Water Berth, JNPT Road, Juna Sheva, Navi Mumbai, Maharashtra 400702, India",Berths NSD 02 & NSD 03,"18.949444, 72.946667"
INNSA,,NSFT,NHAVA SHEVA FREEPORT TERMINAL,NHAVA SHEVA FREEPORT TERMINAL PVT. LTD.,,2023-04-13,,https://www.nsft.com/,"Nhava Sheva Freeport Terminal, JNPT, Sheva, Uran, Navi Mumbai, Maharashtra 400707, India",,"18.955, 72.946667"
INNSA,,NSICT,NHAVA SHEVA INTERNATIONAL CONTAINER TERMINAL (NSICT),NHAVA SHEVA INTERNATIONAL CONTAINER TERMINAL PVT. LTD. (DP WORLD),,2019-04-16,,https://www.dpworld.com/india/ports-and-terminals/nhava-sheva-international-container-terminal,"NSICT, Operation Centre, Near JNPT, Sheva, Navi Mumbai, Maharashtra 400707, India",,"18.958333, 72.948333"
INPPV,INPAV,APMT,APM TERMINALS PIPAVAV,APM TERMINALS (GUJARAT PIPAVAV PORT LTD.),,2019-01-17,,https://www.apmterminals.com/en/pipavav,"Pipavav Port Road, Rampara No. 2, Amreli, Gujarat 365560, India",,"20.920278, 71.510833"
INPRT,,PICT,PARADIP INTERNATIONAL CARGO TERMINAL (PICT),J M BAXI GROUP,,2026-05-01,,https://www.jmbaxi.com/paradip-multipurpose-terminal.html,"Multipurpose Berth, Paradip Port, Paradip, Odisha 754142, India",,"20.265833, 86.668056"
INTRV,,AVPPL,ADANI VIZHINJAM PORT PVT. LTD.,ADANI VIZHINJAM PORT PVT. LTD.,,2025-02-01,,https://www.adaniports.com/Ports-and-Terminals/Vizhinjam-Port,"Port Operation Building, PO:Mulloor, Vizhinjam, Thiruvanathapuram, Kerala 695521, India","Berths CB-1, CB-2","8.369167, 76.996944"
INTUT,,DBGT,DAKSHIN BHARAT GATEWAY TERMINAL,DAKSHIN BHARAT GATEWAY TERMINAL PVT. LTD.,2020-01-03,2015-06-12,,https://dbgt.in/,"Berth No 8, V.O. Chidambaranar Port Authority, Tuticorin, Tamil Nadu 628004, India",,"8.751389, 78.214167"
INTUT,,PSASIC,PSA SICAL TERMINAL,PSA SICAL TERMINAL LTD.,2020-01-03,2015-06-12,,https://india.globalpsa.com/psasical/,"Berth No 7, V.O. Chidambaranar Port Authority, Tuticorin, Tamil Nadu 628004, India",,"8.749167, 78.216389"
INTUT,,TICT,TUTICORIN INTERNATIONAL CONTAINER TERMINAL,TUTICORIN INTERNATIONAL CONTAINER TERMINAL PVT. LTD.,,2024-09-02,,https://www.jmbaxi.com,"Berth No 9, V.O. Chidambaranar Port Authority, Tuticorin, Tamil Nadu 628004, India",,"8.7525, 78.211667"
INVTZ,,VCT,VISAKHA CONTAINER TERMINAL,VISAKHA CONTAINER TERMINAL PVT. LTD.,,2018-12-18,,https://www.vctpl.com,"Opposite Town Hall, Beach Road, Visakhapatnam, Andhra Pradesh 530001, India",,"17.694167, 83.3"
IQUQR,,BGTE,BASRA GATEWAY TERMINAL EAST,"INTERNATIONAL CONTAINER TERMINAL SERVICES, INC. (ICTSI)",,2020-09-01,,https://ictsiiraq.com/,"North Port, 61011 Umm Qasr, Basra, Iraq","North Port, berths 25,26,27.","30.062778, 47.933333"
IQUQR,,BGTW,BASRA GATEWAY TERMINAL WEST,"INTERNATIONAL CONTAINER TERMINAL SERVICES, INC. (ICTSI)",,2020-09-01,,https://ictsiiraq.com/,"North Port, 61011 Umm Qasr, Basra, Iraq","North Port, berths 19,20,21.","30.059722, 47.927222"
IQUQR,,BMT,BASRA MULTIPURPOSE TERMINAL (BMT),BASRA MULTIPURPOSE TERMINAL (BMT),,2022-02-01,,https://www.bmtiq.com/,"North Port, 61011 Umm Qasr, Basra, Iraq","North Port, berths 12,13,14,15.","30.050556, 47.936667"
IQUQR,,CCTI,CMA CGM TERMINALS IRAQ,CMA TERMINALS,,2025-05-01,,https://ccti-uqr.com/,"South Port, berth #5, 61011 Umm Qasr, Basra, Iraq","South Port, berth 5.","30.024444, 47.951667"
IQUQR,,ICT,IRAQ CONTAINER TERMINAL (ICT),GULFTAINER,,2022-02-01,,https://www.gulftainer.com/terminals/iraq/iraq-container-terminal/,"North Port, berth #11, 61011 Umm Qasr, Basra, Iraq","North Port, berths 11A,11B.","30.046389, 47.940556"
ISGRT,,GRT,GRUNDARTANGI TERMINAL,FAXAFLOAHAFNIR SF. (ASSOCIATED ICELANDIC PORTS),,2025-02-10,,https://www.faxafloahafnir.is/,"Grundartangi, 301 Grundartangi, Iceland",,"64.355556, -21.778889"
ISREY,,SUNDA,EIMSKIP TERMINAL REYKJAVIK,EIMSKIP SF,2025-02-10,2018-09-24,,https://www.eimskip.is/,"Sundabakki 2, 104 Reykjavík, Iceland","Vatnagardabakki, Kleppsbakki and Sundabakki quays","64.150556, -21.847778"
ISREY,,VOGA,SAMSKIP TERMINAL REYKJAVIK,SAMSKIP SF,,2025-02-10,,https://www.samskip.is/,"Kjalarvogur 7-15, 104 Reykjavík, Iceland",Vogabakki quay,"64.141389, -21.838333"
ITAOI,,ACT,ADRIATIC CONTAINER TERMINAL,ADRIATIC CONTAINER TERMINAL ANCONA,2020-07-01,2016-04-07,,https://www.actml.it/,"Nuova Darsena, 60125 Ancona AN, Italy",Pier 23 (new dock),"43.621944, 13.498056"
ITAOI,,ASE,ADRIATIC SERVICES ENTERPRISE ANCONA,ADRIATIC SERVICES ENTERPRISE SRL,,2015-06-12,,https://www.aseterminal.com/,"Via XXIX Settembre 4/E, 60122 Ancona AN, Italy",Pier 25,"43.621111, 13.495833"
ITBRI,,BARI,PORT OF BARI,AUTORITA DI SISTEMA PORTUALE DEL MARE ADRIATICO MERIDIONALE (ADSPMAM),,2022-06-01,,https://www.adspmam.it/i-porti/porto-di-bari/,"Darsena di Levante, Corso Antonio de Tullio 1, 70122 Bari BA, Italy",,"41.139722, 16.871667"
ITCAG,,CICT,CICT CAGLIARI INTERNATIONAL CONTAINER TERMINAL,CICT CAGLIARI INTERNATIONAL CONTAINER TERMINAL S.P.A.,2016-04-07,2004-05-31,,https://www.contshipitalia.com/it/societa-del-gruppo/porto-industriale-di-cagliari-spa-liquidazione,"Loc. Porto Canale, 09123 Cagliari CA, Italy",Terminal permanently closed. Contship suspended operations in October 2019.,"39.213889, 9.073056"
ITCAG,,GREN,GRENDI TERMINAL CAGLIARI,GRUPPO GRENDI,,2022-03-01,,https://www.grendi.it/,"Loc. Porto Canale, Viale Pula, 09123 Cagliari CA, Italy",,"39.209444, 9.078333"
ITCTA,,EST,EST TERMINAL CATANIA,EUROPEA SERVIZI TERMINALISTICI,,2016-09-26,,https://www.esterminal.com/,"Porto Di Catania, 95121 Catania CT, Italy",,"37.496944, 15.094722"
ITCVV,,CFFT,CIVITAVECCHIA FRUIT & FOREST TERMINAL,CIVITAVECCHIA FRUIT & FOREST TERMINAL S.P.A.,,2022-03-01,,https://www.cfft.it/,"Porto di Civitavecchia, Banchina 24/25, 00053 Civitavecchia RM, Italy",,"42.102222, 11.775833"
ITCVV,,RTC,ROMA TERMINAL CONTAINER,ROMA TERMINAL CONTAINER SPA,,2020-10-01,,https://www.rtcspa.com/,"Palazzina Uffici Banchina 25, 00053 Civitavecchia RM, Italy",,"42.106111, 11.773889"
ITGIT,,MCT,MCT MEDCENTER CONTAINER TERMINAL,MCT MEDCENTER CONTAINER TERMINAL S.P.A.,2016-04-07,2001-06-26,,https://www.contshipitalia.com/en/about-us,"Medcenter Container Terminal, 89013 Gioia Tauro RC, Italy",,"38.459722, 15.910556"
ITGOA,,GPT,GENOA PORT TERMINAL,GENOA PORT TERMINAL,2019-12-13,2014-10-22,,https://www.genoaterminal.com/,"Gate Calata Massaua, 16149 Genova GE, Italy",,"44.405556, 8.897222"
ITGOA,,MESSIN,INTERMODAL MARINE TERMINAL,GRUPPO MESSINA S.P.A.,2019-12-13,2015-06-12,,https://www.imterminal.it/index_it.html,"Molo Nino Ronco, 16149 Genova GE, Italy",,"44.4075, 8.876667"
ITGOA,,SECH,SECH TERMINAL,SOUTH EUROPEAN CONTAINER HUB,2019-12-13,2001-06-26,,https://www.psasech.it/,"Calata Sanità Palazzina Uffici, 16126 Genova GE, Italy",,"44.404444, 8.914722"
ITGOA,,TSG,TERMINAL SAN GIORGIO - PONTE LIBIA,TERMINAL SAN GIORGIO,,2014-10-27,,https://www.terminalsangiorgio.it/,"Ponte Libia Palazzina Uffici, 16149 Genova GE, Italy",,"44.406389, 8.886389"
ITGOA,,VTE,VOLTRI TERMINAL EUROPA - PORTO DI PRA,PSA VOLTRI TERMINAL,2016-04-07,2001-06-26,,https://www.psagp.it/,"Via al Bacino Portuale di Prà, 16157 Genova GE, Italy",,"44.421111, 8.785278"
ITLIV,,TAFLIV,TERMINAL ALTO FONDALE,COMPAGNIA IMPRESA LAVORATORI PORTUALI S.R.L. (CILP),2019-12-13,2015-11-03,,http://www.cilplivorno.it/en/terminal/porto_commerciale.php,"Via Alfredo Cappellini, 57123 Livorno LI, Italy",,"43.555556, 10.298889"
ITLIV,,TDT,TERMINAL DARSENA TOSCANA (TDT),TERMINAL DARSENA TOSCANA (TDT),,2004-05-31,,https://www.tdt.it/,"Darsena Toscana, Porto Industriale, 57123 Livorno LI, Italy",,"43.573611, 10.303889"
ITLIV,,IMP,TERMINAL DOCK ETRUSCHI,COMPAGNIA IMPRESA LAVORATORI PORTUALI S.R.L. (CILP),2020-02-29,2015-06-24,,http://www.cilplivorno.it/en/terminal/porto_commerciale.php,"Varco Valessini, Via Paleocapa, 57123 Livorno LI, Italy",,"43.5625, 10.303056"
ITLIV,,LOREN,TERMINAL LORENZINI,LORENZINI & C. S.R.L.,,2004-05-31,,https://www.lorenziniterminal.it/,"Via Labrone 19, 57123 Livorno LI, Italy",,"43.573611, 10.307222"
ITMLZ,,DTM,DUFERCO TERMINAL MEDITERRANEO,DUFERCO TERMINAL MEDITERRANEO S.P.A.,,2025-05-01,,https://www.duferco.com/,"Zona Industriale Giammoro, 98042 Pace del Mela ME, Italy",,"38.209722, 15.295278"
ITNAP,,CONA,TERMINAL CONATECO,CONSORZIO NAPOLITANO TERMINAL CONTAINERS S.P.A.,,2016-04-07,,https://www.conateco.it/,"Zona Granili, Interno Porto, 80142 Napoli NA, Italy",,"40.839722, 14.285833"
ITNAP,,TERMIN,TERMINAL FLAVIO GIOIA,TERMINAL FLAVIO GIOIA S.P.A.,,2015-06-12,,https://www.flaviogioia.it/,"Calata della Marinella, Interno Porto Napoli, 80133 Napoli NA, Italy",,"40.840278, 14.281944"
ITPMO,,POIT,PORTITALIA TERMINAL PALERMO,PORTITALIA S.R.L.,,2022-03-01,,https://www.portitalia.eu/,"Via Francesco Crispi, Banchina Puntone, 90193 Palermo PA, Italy",,"38.132222, 13.362778"
ITPZL,,SERM,SERMI TERMINAL POZZALLO,SERVIZI MARITTIMI INTERNAZIONALI (SER.M.I.),,2022-03-01,,https://www.sermi-srl.it/,"Viale Medaglie d'Oro Di Lunga Navigazione Sn, 97016 Pozzallo RG, Italy",,"36.716111, 14.828889"
ITRAN,,SETRA,SETRAMAR TERMINAL,GRUPPO SETRAMAR,2019-12-13,2017-01-17,,https://grupposetramar.it/,"Via Classicana 99, 48122 Ravenna RA, Italy",,"44.454444, 12.249167"
ITRAN,,TCR,TERMINAL CONTAINER RAVENNA,TERMINAL CONTAINER RAVENNA,2019-12-13,2017-01-17,,https://www.contshipitalia.com/en/about-us,"Via Classicana 105, 48122 Ravenna RA, Italy",,"44.448889, 12.248056"
ITSAL,,SCT,SALERNO CONTAINER TERMINAL,SALERNO CONTAINER TERMINAL,2019-12-13,2001-06-26,,https://www.salernocontainerterminal.com/,"Via Molo trapezoidale, 84125 Salerno SA, Italy",,"40.674167, 14.741944"
ITSPE,,LSCT,LA SPEZIA CONTAINER TERMINAL (LSCT),LA SPEZIA CONTAINER TERMINAL,2019-12-13,2001-06-26,,https://www.contshipitalia.com/en,"Viale S. Bartolomeo 20, 19126 La Spezia SP, Italy",,"44.108333, 9.845556"
ITSPE,,TDG,TERMINAL DEL GOLFO (TDG),TERMINAL DEL GOLFO,2019-12-13,2016-04-07,,https://www.terminaldelgolfo.com/,"Viale S. Bartolomeo 340, 19138 La Spezia SP, Italy",,"44.105556, 9.854444"
ITTAR,,SCCT,YILPORT TERMINAL TARANTO,YILPORT TARANTO SAN CATALDO CONTAINER TERMINAL S.P.A,,2025-02-01,,https://www.yilport.com/en/ports/default/Taranto-Italy/1170/0/0,"SS 106 Ionica, Molo Polisettoriale, 74123 Taranto TA, Italy",,"40.501111, 17.154444"
ITTPS,,SCS,SCS TERMINAL TRAPANI,RICCARDO SANGES & C. S.R.L.,,2022-03-01,,https://www.riccardosanges.it/,"Via Libica 19, 91100 Trapani TP, Italy",,"38.012778, 12.520278"
ITTRI,,TRIP,TERMINI IMERESE PORT,PORTITALIA S.R.L.,,2026-05-01,,https://www.portitalia.eu/,"Lungomare Cristoforo Colombo, 90018 Termini Imerese PA, Italy","3 quays: Riva quay (319 m), Trapezoidale quay (433 m), San Veniero quay (472 m)","37.987778, 13.703889"
ITTRS,,PLT,HHLA PLT ITALY,HHLA PLT ITALY,,2022-05-01,,https://www.hhla-plt.it/,"Via Degli Altiforni snc, 34145 Trieste TS, Italy",,"45.629444, 13.774722"
ITTRS,,TMT,TRIESTE MARINE TERMINAL (TMT),TRIESTE MARINE TERMINAL,2019-12-13,2016-04-07,,https://www.trieste-marine-terminal.com/it,"Punto Franco Nuovo, Molo VII, 34123 Trieste TS, Italy",,"45.630833, 13.760833"
ITVCE,,TIV,TERMINAL INTERMODALE VENEZIA,TERMINAL INTERMODALE VENEZIA,,2015-06-12,,https://tiv.it/,"Porto Commerciale, Porto Molo A, 30175 Venezia VE, Italy",,"45.456111, 12.255"
ITVCE,,VECON,VECON - CONTAINER TERMINAL,VECON - CONTAINER TERMINAL,,2015-06-12,,https://www.vecon.it/,"Porto Commerciale, Porto Molo B, 30175 Venezia VE, Italy",,"45.456111, 12.244444"
ITVDL,,VGT,VADO GATEWAY TERMINAL,APM TERMINALS VADO LIGURE S.P.A,,2020-05-01,,https://www.apmterminals.com/en/vado-ligure,"Banchina Raffaello Orsero, Porto Vado, 17028 Bergeggi SV, Italy",,"44.268056, 8.4475"
ITVDL,,REEF,VADO REEFER TERMINAL,REEFER TERMINAL S.P.A,,2004-05-31,,https://www.apmterminals.com/en/vado-ligure,"Banchina Raffaello Orsero, Porto Vado, 17028 Bergeggi SV, Italy",,"44.261667, 8.453333"
JMKIN,,KCT,KINGSTON CONTAINER TERMINAL,KINGSTON FREEPORT TERMINAL LIMITED (KFTL),2020-12-01,2004-05-31,,https://www.kftl-jm.com/,"Berths 10-11 & Gordon Cay, Port Bustamante, Kingston, Jamaica",,"17.980833, -76.834167"
JMKIN,,KWL,KINGSTON WHARVES,KINGSTON WHARVES LIMITED,,2020-12-01,,https://www.kingstonwharves.com,"195 Second Street, Newport West, Kingston 13, Jamaica",,"17.9825, -76.827222"
JMMBJ,,MBY,MONTEGO BAY FREEPORT,PORT HANDLERS LTD. ,,2021-03-01,,https://www.portjam.com/,"14 Montego Freeport Shopping Centre, P.O. Box 302, Montego Bay, Jamaica",,"18.460278, -77.936111"
JOAQJ,,ACT,AQABA CONTAINER TERMINAL,AQABA CONTAINER TERMINAL,2019-12-13,2015-06-12,,https://www.act.com.jo/,"King Hussein bin Talal Street, P.O.Box 1944, Aqaba 77110, Jordan",,"29.469167, 34.975833"
JPABU,,EPW9,ABURATSU EAST PUBLIC WHARF NO. 9,NICHINAN PORT AUTHORITY,,2019-12-06,,https://www.pref.miyazaki.lg.jp/kowan/kurashi/shakaikiban/m-port/aburatsu/index.html,"Hirano, Nichinan-shi, Miyazaki-ken, 887-0015, Japan",,"31.570722, 131.406583"
JPAXT,,AICT,AKITA INTERNATIONAL CONTAINER TERMINAL,AKITA PORT AUTHORITY,,2024-12-09,,https://www.pa.thr.mlit.go.jp/akita/020/020/index.html,"Ohama-14 Tsuchizakiminato Sozenmachi, Akita-shi, Akita-ken, 011-0951, Japan",,"39.767778, 140.038889"
JPCHB,,CHUGC,CHIBA CHUO CONTAINER TERMINAL,CHIBA PORT AUTHORITY,2024-12-09,2001-06-26,,https://www.pref.chiba.lg.jp/kouwan/futou/chiba/dezu.html,"1-Chome 174, Chuoko, Chuo-ku, Chiba-shi, Chiba-ken, 260-0024, Japan",,"35.594444, 140.093056"
JPFKY,,FICT,FUKUYAMA PORT INTERNATIONAL CONTAINER TERMINAL,FUKUYAMA PORT INTERNATIONAL CONTAINER TERMINAL,,2019-12-13,,https://www.h-port.co.jp/en/others/,"109-3 Minooki-cho, Fukuyama-shi, Hiroshima-ken, 721-0956, Japan",,"34.434667, 133.438944"
JPHHE,,HT01C,HACHINOHE INTERNATIONAL LOGISTICS TERMINAL,HACHINOHE PORT AUTHORITY,2024-12-09,2001-06-26,,https://www.pa.thr.mlit.go.jp/hachinohe/050/060/20200101152000.html,"Kaigan-42 Kawaragi, Hachinohe-shi, Aomori-ken, 039-1161, Japan",,"40.5525, 141.503333"
JPHIC,,HN02C,"HITACHINAKA MINATO, KITAFUTOU B BERTH",IBARAKI PORT AUTHORITY,2020-05-01,2001-06-26,,https://www.pref.ibaraki.jp/doboku/ibako/index-hnport.html,"Terunuma, Tokai-mura, Naka-gun, Ibaraki-ken, 319-1113, Japan",,"36.431389, 140.623333"
JPHIJ,,HICT,HIROSHIMA PORT INTERNATIONAL CONTAINER TERMINAL,"HIROSHIMA PORT & HARBOR ADMINISTRATING CENTER CO.,LTD.",,2019-10-18,,https://www.h-port.co.jp/container/hiroshima_port_international_container_terminal.html,"3 Chome-4-1 Dejima, Minami-ku, Hiroshima-shi, Hiroshima-ken, 734-0013, Japan",,"34.346722, 132.441611"
JPHIJ,,KAIC,KAITA CONTAINER TERMINAL,"HIROSHIMA PORT & HARBOR ADMINISTRATING CENTER CO.,LTD.",2020-05-01,2015-10-26,,https://www.h-port.co.jp/container/kaita_container_terminal.html,"3 Chome-3-8 Kitashin-chi, Saka-cho, Aki-gun, Hiroshima-shi, Hiroshima-ken, 731-4311, Japan",,"34.353333, 132.510278"
JPHKT,,HIC,HAKATA ISLAND CITY CONTAINER TERMINAL,"HAKATA PORT TERMINAL CO., LTD.",2020-05-01,2015-04-05,,https://hakatako-futo.co.jp/,"1 Chome-1-3 Minatokashii, Higashi-ku, Fukuoka-shi, Fukuoka-ken, 813-0019, Japan",,"33.658333, 130.405556"
JPHKT,,KSI,HAKATA KASHII PARK CONTAINER TERMINAL,"HAKATA PORT TERMINAL CO., LTD.",2020-05-01,2015-04-05,,https://hakatako-futo.co.jp/,"4 Chome-2-2 Kashiihamafuto, Higashi-ku, Fukuoka-shi, Fukuoka-ken, 813-0018, Japan",,"33.653611, 130.409167"
JPHMD,,HAFKF,HAMADA CONTAINER TERMINAL,HAMADA PORT AUTHORITY,2024-12-09,2015-10-26,,https://www.pref.shimane.lg.jp/infra/port/harbor/kouwan/hamada/shisetu.html,"2135-1 Atsutacho, Hamada-shi, Shimane-ken, 697-0062, Japan",,"34.880556, 132.055278"
JPHSM,,SICT,SHIRAHAMA INTERNATIONAL CONTAINER TERMINAL,SHIRAHAMA INTERNATIONAL CONTAINER TERMINAL,,2020-01-01,,https://www.pref.miyazaki.lg.jp/kowan/kurashi/shakaikiban/m-port/hososhima/index.html,"Takeshimacho, Hyuga-shi, Miyazaki-ken, 883-0063, Japan",,"32.439056, 131.668028"
JPHTC,,HTDAI,"HITACHI MINATO, NO. 4 WHARF, C/D BERTH",IBARAKI PORT AUTHORITY,2020-05-01,2015-10-26,,https://www.pref.ibaraki.jp/doboku/ibako/hikoku/hitachikotop.html,"5774-4 Minatocho, Hitachi-shi, Ibaraki-ken, 319-1223, Japan",,"36.489444, 140.619722"
JPIHA,,EPCW,NIIHAMA EAST PORT CONTAINER WHARF,NIIHAMA PORT AUTHORITY,,2021-11-01,,https://www.city.niihama.lg.jp/soshiki/kouwan/,"3 Chome Habu, Niihama-shi, Ehime-ken, 792-0872, Japan",,"33.985444, 133.332833"
JPIMB,,TOM,IMABARI TOMITA NO. 1/2 BERTH,IMABARI PORT AUTHORITY,2020-05-01,2015-10-26,,https://www.city.imabari.ehime.jp/kouwan/imabari/tomita.html,"Tomitashinko, Imabari-shi, Ehime-ken, 799-1503, Japan",,"34.051667, 133.029167"
JPIMI,,NS05C,IMARI CONTAINER TERMINAL,IMARI PORT AUTHORITY,2024-12-09,2001-06-26,,https://port-of-imari.jp/terminal/,"Shioya-5-14 Kurogawachoshioya, Imari-shi, Saga-ken, 848-0121, Japan",Imari Nanatsujima Kita berths 1+2.,"33.340833, 129.841944"
JPISI,,BNG,ISHIKARI BANNAGURO CONTAINER TERMINAL,ISHIKARI PORT AUTHORITY,2020-10-01,2015-10-26,,https://www.ishikari-bay-newport.jp/english/area/,"1 Chome Shinkochuo, Ishikari-shi, Hokkaido, 061-3242, Japan",,"43.188889, 141.293333"
JPIWK,,SI10C,IWAKUNI SHINMINATO SOUTH BERTH,IWAKUNI PORT AUTHORITY,2020-05-01,2001-06-26,,https://www.pref.yamaguchi.lg.jp/cms/a18700/index/,"3 Chome Shinminatomachi, Iwakuni-shi, Yamaguchi-ken, 740-0002, Japan",,"34.186667, 132.237222"
JPKCZ,,MG01C,KOCHI MISATO NO. 7-1 WHARF,PORT OF KOCHI,2020-05-01,2001-06-26,,https://www.mlit.go.jp/kankocho/cruise/detail/052/index.html,"Niida, Kochi-shi, Kochi-ken, 781-0112, Japan",,"33.511944, 133.584722"
JPKCZ,,MG02C,KOCHI MISATO NO. 7-2 WHARF,PORT OF KOCHI,2020-05-01,2001-06-26,,https://www.mlit.go.jp/kankocho/cruise/detail/052/index.html,"Niida, Kochi-shi, Kochi-ken, 781-0112, Japan",,"33.51, 133.585556"
JPKIJ,,EWC,NIIGATA WORLD TRADE TERMINAL (N-WTT),"NIIGATA WORLD TRADE TERMINAL CO., LTD.",2020-05-01,2015-10-26,,https://n-wtt.jp/,"3228-2 Yokodoi, Kita-ku, Niigata-shi, Niigata-ken, 950-3303, Japan",,"37.969444, 139.228611"
JPKIS,,KPW,KAMAISHI PUBLIC WHARF,KAMAISHI PORT AUTHORITY,,2019-12-13,,https://www.pref.iwate.jp/kendozukuri/kouwankuukou/kouwan/kamaishi/index.html,"1-22-1 Minatomachi, Kamaishi-shi, Iwate-ken, 026-0011, Japan",,"39.266917, 141.895472"
JPKMJ,,KCT,KUMAMOTO CONTAINER TERMINAL,KUMAMOTO PORT AUTHORITY,,2021-11-01,,https://www.k-faz.co.jp/cterminal.html,"2 Chome-2 Shinminato, Nishi-ku, Kumamoto-shi, Kumamoto-ken, 861-5274, Japan",,"32.7625, 130.583889"
JPKNZ,,KOCT,KANAZAWA OKUDA CONTAINER TERMINAL,KANAZAWA PORT AUTHORITY,,2025-01-14,,https://www.pref.ishikawa.lg.jp/kanazawakouwan/p03c.html,"613 Chikaokamachi, Kanazawa-shi, Ishikawa-ken, 920-8217, Japan",,"36.611389, 136.623889"
JPKOM,,KMCT,KOMATSUSHIMA CONTAINER TERMINAL,KOMATSUSHIMA CONTAINER TERMINAL,,2020-01-24,,https://www.pref.tokushima.lg.jp/tb/ippannokata/kendozukuri/kowan/5008346,"Toyoura-cho, Komatsushima-shi, Tokushima-ken, 773-0019, Japan",,"33.993806, 134.621389"
JPKSM,,NPW,KASHIMA NORTH PUBLIC WHARF,"KASHIMA WHARF CO., LTD.",,2019-12-06,,https://www.kashimafuto.co.jp/facility/north-pablic-wharf/,"Igiri (Sonota), Kamisu-shi, Ibaraki-ken, 314-0141, Japan",,"35.928639, 140.653639"
JPKUH,,WPCT,KUSHIRO WEST PORT CONTAINER TERMINAL,KUSHIRO PORT AUTHORITY,,2024-12-09,,https://www.city.kushiro.lg.jp/sangyou/umisora/1006541/index.html,"3 Chome Nishiko, Kushiro-shi, Hokkaido, 084-0914, Japan","Kushira West Port area, wharf 3, berth 18","42.997222, 144.324722"
JPKWS,,KHC1C,KAWASAKI CONTAINER TERMINAL (KC-1),"KAWASAKI RINKO WAREHOUSE TERMINAL CO., LTD.",2020-05-01,2001-06-26,,https://www.city.kawasaki.jp/580/page/0000022057.html,"Higashiogishima, Kawasaki-ku, Kawasaki-shi, Kanagawa-ken, 210-0869, Japan",,"35.488611, 139.753889"
JPMAI,,MIW,MAIZURU INTERNATIONAL WHARF,KYOTO MAIZURU PORT AUTHORITY,,2024-12-09,,https://www.port.maizuru.kyoto.jp/port/kmport,"1040 Shimoagu, Maizuru-shi, Kyoto-fu, 624-0914, Japan",,"35.471667, 135.330833"
JPMAI,,KB09C,"MAIZURU NO. 2 WHARF, NO. 2 BERTH",KYOTO MAIZURU PORT AUTHORITY,2020-05-01,2001-06-26,,https://www.port.maizuru.kyoto.jp/port,"Matsukage, Maizuru-shi, Kyoto-fu, 624-0931, Japan",,"35.457222, 135.320833"
JPMII,,MICT,MIIKE CONTAINER TERMINAL,PORT OF MIIKE,,2022-05-01,,https://www.miikeport.jp/index.php,"Shinkomachi, Omuta-shi, Fukuoka-ken, 836-0061, Japan",,"33.016111, 130.412778"
JPMIZ,,MICT,MIZUSHIMA PORT INTERNATIONAL CONTAINER TERMINAL,"MIZUSHIMA PORT INTERNATIONAL LOGISTICS CENTER CO., LTD.",,2019-12-06,,https://www.mizushima-faz.co.jp/,"8262-1 Tamashima Otoshima, Kurashiki-shi, Okayama-ken, 713-8103, Japan",,"34.5015, 133.681611"
JPMIZ,,TE01C,TAMASHIMA FOREIGN TRADE WHARF NO. 1 BERTH,MIZUSHIMA PORT AUTHORITY,2019-12-06,2001-06-26,,https://www.pref.okayama.jp/page/detail-42612.html,"Tamashima Otoshima, Kurashiki-shi, Okayama-ken, 713-8103, Japan",,"34.508611, 133.683889"
JPMKX,,KNCT,KANEKO INTERNATIONAL CONTAINER TERMINAL,SHIKOKUCHUO PUBLIC WORKS OFFICE,,2020-05-01,,https://www.pa.skr.mlit.go.jp/general/status/outline/port_of_mishimakawanoe.html,"1 Chome Mishimachuo, Shikokuchuo-shi, Ehime-ken, 799-0405, Japan",,"33.992333, 133.540028"
JPMKX,,MM8,MURAMATSU BERTH NO. 8,SHIKOKUCHUO PUBLIC WORKS OFFICE,,2020-01-15,,https://www.pa.skr.mlit.go.jp/general/status/outline/port_of_mishimakawanoe.html,"930-14 Muramatsucho, Shikokuchuo-shi, Ehime-ken, 799-0401, Japan","Also MURAMATSU BERTHS NO. 7-1/7-2/8, but only berth 8 is used for containerized cargo.","34.005833, 133.548611"
JPMOJ,,HBK,HIBIKI CONTAINER TERMINAL,"HIBIKI CONTAINER TERMINAL CO., LTD.",2019-12-06,2015-04-05,,https://kitaqport.jp/eng/ct/ct_hibiki.html,"3 Chome Hibikimachi, Wakamatsu-ku, Kitakyushu-shi, Fukuoka-ken, 808-0021, Japan",,"33.931861, 130.764667"
JPMOJ,JPKKJ,KHC,KOKURA RORO TERMINAL,KITAKYUSHU PORT AUTHORITY,2020-05-01,2015-10-26,,https://www.kti-center.jp/invest-kitakyushu/infrastructure/infrastructure.html,"119 Nishiminatomachi, Kokurakita-ku, Kitakyushu-shi, Fukuoka-ken, 803-0801, Japan","Use UNLOCODE JPKKJ with caution, to be phased out from the SMDG terminal code list.","33.903889, 130.880833"
JPMOJ,,TAC1,TACHINOURA CONTAINER TERMINAL NO. 1,"KANMON CONTAINER TERMINAL CO., LTD.",,2019-12-06,,https://kitaqport.jp/eng/ct/ct_tachi.html,"19 Tachinourakaigan, Moji-ku, Kitakyushu-shi, Fukuoka-ken, 801-0805, Japan",,"33.96725, 131.004"
JPMOJ,,TAC2,TACHINOURA CONTAINER TERMINAL NO. 2,"KANMON CONTAINER TERMINAL CO., LTD.",,2019-12-06,,https://kitaqport.jp/eng/ct/ct_tachi.html,"61 Tachinourakaigan, Moji-ku, Kitakyushu-shi, Fukuoka-ken, 801-0805, Japan",,"33.963639, 131.011833"
JPMOJ,JPKKJ,TNC,TANOURA RORO TERMINAL,KITAKYUSHU PORT AUTHORITY,2020-05-01,2015-10-26,,https://www.kti-center.jp/invest-kitakyushu/infrastructure/infrastructure.html,"5 Tanourakaigan, Moji-ku, Kitakyushu-shi, Fukuoka-ken, 801-0804, Japan","Use UNLOCODE JPKKJ with caution, to be phased out from the SMDG terminal code list.","33.96, 130.981667"
JPMUR,,SAC,MURORAN SAKIMORI NO. 6 BERTH,MURORAN PORT AUTHORITY,2020-05-01,2015-10-27,,https://www.city.muroran.lg.jp/business/?category=56,"Sakimoricho, Muroran-shi, Hokkaido, 050-0055, Japan",,"42.365833, 140.930556"
JPMYJ,,MPCT,MATSUYAMA PORT CONTAINER TERMINAL,MATSUYAMA PORT CONTAINER TERMINAL,,2019-12-06,,https://www.pref.ehime.jp/site/port-of-matsuyama/,"3 Chome-1464 Okaga, Matsuyama-shi, Ehime-ken, 791-8057, Japan",,"33.847222, 132.698056"
JPNAH,,SFC,NAHA INTERNATIONAL CONTAINER TERMINAL,"NAHA INTERNATIONAL CONTAINER TERMINAL, INC. (NICTI)",2020-04-01,2015-10-27,,http://nicti.co.jp/english/,"1-27-1, Minatomachi, Naha-shi, Okinawa-ken, 900-0001, Japan",,"26.235, 127.667222"
JPNAN,,NKS,NAKANOSEKI WHARF,MITAJIRI-NAKANOSEKI PORT AUTHORITY,2020-10-01,2015-10-27,,https://www.pref.yamaguchi.lg.jp/cms/a18700/index/,"Hamakata, Hofu-shi, Yamaguchi-ken, 747-0833, Japan",,"34.007222, 131.561389"
JPNAO,,EP04C,NAOETSU CONTAINER TERMINAL,NAOETSU PORT AUTHORITY,2020-05-01,2001-06-26,,https://www.naoetsu-port.jp/,"Kuroi, Joetsu-shi, Niigata-ken, 942-0013, Japan","Naoetsu East Pier, No. 4 berth","37.193889, 138.258333"
JPNGO,,NCT,"NABETA PIER CONTAINER TERMINAL, T1/2/3","NAGOYA UNITED CONTAINER TERMINAL COMPANY CO., LTD. (NUTC)",2020-01-24,2015-04-05,,https://www.port-of-nagoya.jp/english/aboutport/facilities/1001389/1001393.html,"5 Chome-1 Tomihama, Yatomi-shi, Aichi-ken, 498-0069, Japan",Berths T1/T2/T3,"35.025278, 136.791944"
JPNGO,,NCB,"NCB CONTAINER TERMINAL, R1/2/3",NAGOYA PORT TERMINAL CORPORATION,2020-01-24,2015-04-05,,https://www.port-of-nagoya.jp/english/aboutport/facilities/1001389/1001392.html,"2 Chome-10 Higashihama, Tobishima-mura, Ama-gun, Aichi-ken, 490-1446, Japan",Berths R1/R2/R3,"35.041111, 136.834167"
JPNGO,,TNT,"TOBISHIMA PIER NORTH CONTAINER TERMINAL, W90/91/92",NAGOYA PORT TERMINAL CORPORATION,2020-01-24,2015-04-05,,https://www.port-of-nagoya.jp/english/aboutport/facilities/1001389/1001390.html,"2 Chome Higashihama, Tobishima-mura, Ama-gun, Aichi-ken, 490-1446, Japan",Berths W90/W91/W92,"35.046389, 136.831944"
JPNGO,,TST,"TOBISHIMA PIER SOUTH CONTAINER TERMINAL, W93/94",NAGOYA PORT TERMINAL CORPORATION,2020-01-24,2015-04-05,,https://www.port-of-nagoya.jp/english/aboutport/facilities/1001389/1001391.html,"3 Chome Higashihama, Tobishima-mura, Ama-gun, Aichi-ken, 490-1446, Japan",Berths W93/W94,"35.033333, 136.8375"
JPNGO,,TCB,"TOBISHIMA PIER SOUTH SIDE CONTAINER TERMINAL, TS1/2","TOBISHIMA CONTAINER BERTH COMPANY CO., LTD. (TCB)",2020-01-24,2015-04-05,,https://www.port-of-nagoya.jp/english/aboutport/facilities/1001389/1001394.html,"3 Chome-1-4 Higashihama, Tobishima-mura, Ama-gun, Aichi-ken, 490-1446, Japan",Berths TS1/TS2,"35.026944, 136.8225"
JPNGS,,KY14C,NAGASAKI KOGAKURA-YANAGI CONTAINER TERMINAL,NAGASAKI PORT AUTHORITY,2024-12-09,2001-06-26,,http://www.nagasaki-port.jp/nagasakiport_english/nagasakiport_index.html,"3 Chome-76-91 Kogakuramachi, Nagasaki-shi, Nagasaki-ken, 850-0961, Japan",,"32.704444, 129.8425"
JPOIT,,OCT,OZAI CONTAINER TERMINAL OITA,OZAI CONTAINER TERMINAL,,2019-12-13,,https://www.oitaport-ozai.jp/page_03.html,"6 Oita International Trade Center Building, Ozai, Oita-shi, Oita-ken, 870-0266, Japan",,"33.249861, 131.739472"
JPOMZ,,OZCT,OMAEZAKI INTERNATIONAL CONTAINER TERMINAL,OMAEZAKI INTERNATIONAL CONTAINER TERMINAL,,2019-10-18,,http://doboku.pref.shizuoka.jp/desaki2/omaezaki/gaiyou/,"6620-42 Minato, Omaezaki-shi, Shizuoka-ken, 437-1623, Japan",,"34.625111, 138.219722"
JPONA,,OU04C,ONAHAMA OTSURUGI WHARF NO. 4 BERTH,ONAHAMA PORT AUTHORITY,2020-05-01,2001-06-26,,https://www.pref.fukushima.lg.jp/sec/41400a/facilities-ootsurugi.html,"196 Otsurugi Izumimachishimogawa, Iwaki-shi, Fukushima-ken, 971-8183, Japan",,"36.924167, 140.872778"
JPOSA,,OC1,SAKISHIMA CONTAINER TERMINAL C-1,"HANJIN SHIPPING CO., LTD.",2020-01-03,2015-08-19,,https://hanshinport.co.jp/en/facilities/,"6 Chome-5-89 Nankohigashi, Suminoe-ku, Osaka-shi, Osaka-fu, 559-0031, Japan","Routes: S.E. Asia, China","34.630556, 135.441111"
JPOSA,,OC2,SAKISHIMA CONTAINER TERMINAL C-2,"MITSUI O.S.K. LINES, LTD.",2020-01-03,2015-08-19,,https://hanshinport.co.jp/en/facilities/,"6 Chome-3-59 Nankohigashi, Suminoe-ku, Osaka-shi, Osaka-fu, 559-0031, Japan","Routes: S.E. Asia, China","34.633611, 135.440556"
JPOSA,,OC34,SAKISHIMA CONTAINER TERMINAL C-3/4,"TATSUMI SHOKAI CO., LTD.",2020-01-03,2015-08-19,,https://hanshinport.co.jp/en/facilities/,"6 Chome-2-116 Nankohigashi, Suminoe-ku, Osaka-shi, Osaka-fu, 559-0031, Japan","Routes: Australia, S.E. Asia, China, Korea","34.638333, 135.439722"
JPOSA,,OC6,SAKISHIMA CONTAINER TERMINAL C-6,SAKISHIMA CONTAINER TERMINAL C-6,,2021-11-01,,https://hanshinport.co.jp/en/facilities/,"7 Chome-4-75 Nankonaka, Suminoe-ku, Osaka-shi, Osaka-fu, 559-0033, Japan",Routes: North America (multi-purpose wharf),"34.625972, 135.414194"
JPOSA,,OC7,SAKISHIMA CONTAINER TERMINAL C-7,SAKISHIMA CONTAINER TERMINAL C-7,,2021-11-01,,https://hanshinport.co.jp/en/facilities/,"7 Chome-3-125 Nankonaka, Suminoe-ku, Osaka-shi, Osaka-fu, 559-0033, Japan",Routes: Korea (multi-purpose wharf),"34.626056, 135.417639"
JPOSA,,OC8,SAKISHIMA CONTAINER TERMINAL C-8,"KAWASAKI KISEN KAISHA LTD. / KAMIGUMI CO., LTD.",2020-01-03,2015-08-19,,https://hanshinport.co.jp/en/facilities/,"9 Chome-2-97 Nankohigashi, Suminoe-ku, Osaka-shi, Osaka-fu, 559-0031, Japan","Routes: Australia, S.E. Asia, China","34.643333, 135.430556"
JPOSA,,OC9,SAKISHIMA CONTAINER TERMINAL C-9,"MITSUBISHI LOGISTICS CO., LTD. / MITSUI WAREHOUSE TERMINAL SERVICE CO., LTD.",2020-01-03,2015-08-19,,https://hanshinport.co.jp/en/facilities/,"9 Chome-3-61 Nankohigashi, Suminoe-ku, Osaka-shi, Osaka-fu, 559-0031, Japan","Routes: Australia, S.E. Asia, China, Korea","34.642778, 135.426667"
JPOSA,,OC10,YUMESHIMA CONTAINER TERMINAL C-10,DICT,2020-01-03,2015-08-19,,https://hanshinport.co.jp/en/facilities/,"1 Chome Yumeshimahigashi, Konohana-ku, Osaka-shi, Osaka-fu, 554-0043, Japan","Routes: North America, Australia, S.E. Asia, China, Taiwan, Korea","34.6525, 135.403056"
JPOSA,,OC11,YUMESHIMA CONTAINER TERMINAL C-11,DICT / EVERGREEN LINE JOINT SERVICE AGREEMENT,2020-01-03,2015-08-19,,https://hanshinport.co.jp/en/facilities/,"1 Chome Yumeshimahigashi, Konohana-ku, Osaka-shi, Osaka-fu, 554-0043, Japan","Routes: North America, Australia, S.E. Asia, China, Taiwan, Korea","34.65, 135.400556"
JPOSA,,OC12,YUMESHIMA CONTAINER TERMINAL C-12,DICT,2020-01-03,2015-08-19,,https://hanshinport.co.jp/en/facilities/,"1 Chome Yumeshimahigashi, Konohana-ku, Osaka-shi, Osaka-fu, 554-0043, Japan","Routes: North America, Australia, S.E. Asia, China, Taiwan, Korea","34.6475, 135.398056"
JPOTK,,OHW,OTAKE HIGASHISAKAE WHARF,OTAKE HIGASHISAKAE WHARF,,2020-01-01,,,"3 Chome Higashisakae, Otake-shi, Hiroshima-ken, 739-0601, Japan",,"34.221889, 132.242417"
JPSBK,,SKM,SAKAI-SENBOKU SUKEMATSU PIER NO. 8,"SAKAI-SENBOKU WHARF CO., LTD.",2020-05-01,2015-10-27,,https://www.city.osaka.lg.jp/contents/wdu020/port/bureau/outline02.html,"4-1 Ozushimacho, Izumiotsu-shi, Osaka-fu, 595-0074, Japan",,"34.526389, 135.401667"
JPSBS,,SWCT,SHIBUSHI SHINWAKAHAMA CONTAINER TERMINAL,SHIBUSHI PORT AUTHORITY,,2019-12-13,,https://www.pref.kagoshima.jp/infra/port/minato/shibushi/index.html,"296-1 Shibushicho Anraku, Shibushi-shi, Kagoshima-ken, 899-7104, Japan",,"31.452222, 131.088611"
JPSEN,,SSCT,SATSUMASENDAI CONTAINER TERMINAL,SATSUMASENDAI PORT AUTHORITY,,2022-05-01,,https://www.kssb-satsumasendai.com/publics/index/35/,"Minatocho, Satsumasendai, Sendai-shi, Kagoshima-ken, 899-1924, Japan",Kyoudomari Wharf No. 1,"31.859389, 130.192389"
JPSGM,,SC01C,SENDAI-SHIOGAMA TAKASAGO PIER NO. 1 BERTH,SENDAI-SHIOGAMA PORT AUTHORITY,2020-05-01,2001-06-26,,https://www.pref.miyagi.jp/soshiki/sdsgkown/map.html,"1 Chome-7-1 Minato, Miyagino-ku, Sendai-shi, Miyagi-ken, 983-0013, Japan",,"38.267778, 141.020833"
JPSKT,,TS02C,SAKATA TAKASAGO NO. 2 QUAY,SAKATA PORT AUTHORITY,2020-02-29,2001-06-26,,https://www.port-of-sakata.jp/index.html,"6-232 Takasago, Sakata-shi, Yamagata-ken, 998-0075, Japan",,"38.95, 139.818889"
JPSMN,,SICT,SAKAIMINATO INTERNATIONAL CONTAINER TERMINAL,SAKAIMINATO PORT AUTHORITY,,2025-01-14,,https://sakai-port.com/pages/26/,"96 Showamachi, Sakaiminato-shi, Tottori-ken, 684-0034, Japan",,"35.541111, 133.256944"
JPSMZ,,OKT,SHIMIZU SHIN-OKITSU CONTAINER TERMINAL,"SUZUYO & CO., LTD.",2020-01-24,2015-04-05,,https://www.portofshimizu-intl.com/overview-1/wharf-maps/shin-okitsu-wharf-okitsu-no-1-wharf/,"1380 Okitsuseikenjicho, Shimizu-ku, Shizuoka-shi, Shizuoka-ken, 424-0206, Japan",,"35.040833, 138.520556"
JPSMZ,,SDE,SHIMIZU SODESHI CONTAINER TERMINAL,"SUZUYO & CO., LTD.",2020-01-24,2015-04-05,,https://www.portofshimizu-intl.com/overview-1/wharf-maps/sodeshi-no-1-wharf/,"408 Yokosuna, Shimizu-ku, Shizuoka-shi, Shizuoka-ken, 424-0031, Japan",,"35.037222, 138.507222"
JPTAK,,TCT,TAKAMATSU CONTAINER TERMINAL,TAKAMATSU PORT AUTHORITY,,2021-11-01,,https://www.pref.kagawa.lg.jp/takamatsukokanri/port_takamatsu/kfvn.html,"28-1 Asahishinmachi, Takamatsu-shi, Kagawa-ken, 760-0064, Japan",,"34.36, 134.063333"
JPTHS,,TJCT,TOYOHASHI CONTAINER TERMINAL,MIKAWA PORT CONTAINER TERMINAL CO. LTD.,,2025-01-14,,https://www.port-mikawa.jp/terminal/index.php,"1 Chome-3 Jinno Nishimachi, Toyohashi-shi, Aichi-ken, 441-8076, Japan",Jinno Berths 7-8.,"34.735278, 137.308333"
JPTKY,,HAR,TOKUYAMA HARUMI WHARF,TOKUYAMA PORT AUTHORITY,2020-05-01,2015-10-27,,https://www.pref.yamaguchi.lg.jp/cms/a18700/index/,"Harumicho, Shunan-shi, Yamaguchi-ken, 745-0024, Japan",,"34.038333, 131.787222"
JPTMK,,TICT,TOMAKOMAI INTERNATIONAL CONTAINER TERMINAL,TOMAKOMAI INTERNATIONAL CONTAINER TERMINAL,,2019-10-18,,https://www.tict.jp/,"534-2 Benten, Tomakomai-shi, Hokkaido, 059-1371, Japan",,"42.61, 141.785556"
JPTOS,,TSCT,TOYAMA SHINKO CONTAINER TERMINAL,"FUSHIKI KAIRIKU UNSO CO., LTD.",,2022-05-01,,https://www.fkk-toyama.co.jp/,"1003 Koshinokatamachi, Imizu-shi, Toyama-ken, 934-0024, Japan",,"36.774444, 137.106111"
JPTRG,,TKAT,TSURUGA KAWASAKI TERMINAL,TSURUGA PORT AUTHORITY,,2025-01-14,,https://www.tsurugakairiku.co.jp/business/biz_container/,"1-1 Kawasaki-cho, Tsuruga-shi, Fukui-ken, 914-0066, Japan",,"35.660833, 136.060833"
JPTRG,,TMIT,TSURUGA MARIYAMA MINAMI CONTAINER TERMINAL,"TSURUGA PORT INTERNATIONAL TERMINAL CO., LTD.",,2021-11-01,,http://www.tsuruga-port.co.jp/050_english/international_e.php,"49-1 Kanegasakicho, Tsuruga-shi, Fukui-ken, 914-0072, Japan",,"35.667778, 136.064722"
JPTYO,,AOO,AOMI CONTAINER TERMINAL BERTH NO. 0/1/2,DAIICHI PORT TRANSPORT / ISEWAN KAIUN / NIPPON EXPRESS / SANKYU / SUMITOMO WAREHOUSE,2020-01-24,2015-05-11,,https://www.tptc.co.jp/guide/aomi/about,"3 Chome-4-4 Aomi, Koto-ku, Tokyo-to, 135-0064, Japan",,"35.605556, 139.783889"
JPTYO,,AOH,AOMI CONTAINER TERMINAL BERTH NO. 3,"HANJIN SHIPPING CO., LTD. (NIPPON EXPRESS / MITSUI SOKO)",2020-01-24,2015-05-11,,https://www.tptc.co.jp/guide/aomi/about,"3 Chome-4-7 Aomi, Koto-ku, Tokyo-to, 135-0064, Japan",,"35.609722, 139.780556"
JPTYO,,AOE,AOMI CONTAINER TERMINAL BERTH NO. 4,EVERGREEN MARINE (SUZUE CORP.),2020-01-24,2015-05-11,,https://www.tptc.co.jp/guide/aomi/about,"3 Chome-1-1 Aomi, Koto-ku, Tokyo-to, 135-0064, Japan",,"35.6125, 139.778333"
JPTYO,,CBY1,CHUO BOUHATEI Y1 CONTAINER TERMINAL,"KAMIGUMI CO., LTD.",,2020-10-01,,https://kamigumi-tokyo-container.jp/,"Kamigumi Tokyo Container Terminal Y1, 1-1-1 Reiwajima, Ota-ku, Tokyo-to, 135-0093, Japan","Also known as ""Kamigumi Tokyo Container Terminal Y1""","35.590278, 139.797222"
JPTYO,,CBY2,CHUO BOUHATEI Y2 CONTAINER TERMINAL,MITSUI SOKO / NIPPON EXPRESS / SUMITOTO WAREHOUSE / SANKYU,,2020-10-01,,https://www.y2terminal.com/,"Y2 Container Terminal, 1-1-1 Reiwajima, Ota-ku, Tokyo-to, 135-0093, Japan",,"35.588611, 139.800278"
JPTYO,,OHK,OHI CONTAINER TERMINAL BERTH NO. 1/2,"KAWASAKI KISEN KAISHA, LTD. (DAITO CORP.)",2020-01-24,2015-05-11,,https://www.tptc.co.jp/guide/oi/about,"2 Chome-1-2 Yashio, Shinagawa-ku, Tokyo-to, 140-0003, Japan","Also known as ""K LINE Tokyo Container Terminal (KTCT)""","35.611667, 139.762778"
JPTYO,,OHM,OHI CONTAINER TERMINAL BERTH NO. 3/4,"MITSUI O.S.K. LINES, LTD. (UTOC CORP.)",2020-01-24,2015-05-11,,https://www.tptc.co.jp/guide/oi/about,"2 Chome-3 Yashio, Shinagawa-ku, Tokyo-to, 140-0003, Japan","Also known as ""Tokyo International Container Terminal (TICT)""","35.605833, 139.765278"
JPTYO,,OHA,OHI CONTAINER TERMINAL BERTH NO. 5,"WAN HAI LINES.LTD. (AZUMA SHIPPING CO., LTD.)",2020-01-24,2015-05-11,,https://www.tptc.co.jp/guide/oi/about,"2 Chome-4-9 Yashio, Shinagawa-ku, Tokyo-to, 140-0003, Japan",,"35.601944, 139.768056"
JPTYO,,OHN,OHI CONTAINER TERMINAL BERTH NO. 6/7,NIPPON YUSEN KAISHA LTD. (UNI-X NCT CORP.),2020-01-24,2015-05-11,,https://www.tptc.co.jp/guide/oi/about,"2 Chome-5-2 Yashio, Shinagawa-ku, Tokyo-to, 140-0003, Japan","Also known as ""NYK Tokyo Container Terminal (NYTT)""","35.598056, 139.771111"
JPTYO,,SHG,SHINAGAWA CONTAINER TERMINAL,AZUMA SHIPPING / DAIICHI PORT TRANSPORT / NIPPON EXPRESS / SANKYU / SUMITOMO WAREHOUSE,2020-01-24,2015-05-08,,https://www.tptc.co.jp/guide/shinagawa/about,"5 Chome-4-36 Higashishinagawa, Shinagawa-ku, Tokyo-to, 140-0002, Japan",Berths SC/SD/SE/SF,"35.6225, 139.759444"
JPUBJ,,SWW,UBE SHIBANAKA WEST WHARF,UBE PORT AUTHORITY,,2020-01-01,,https://www.pref.yamaguchi.lg.jp/soshiki/91/21628.html,"Okiube, Ube-shi, Yamaguchi-ken, 755-0001, Japan",,"33.932833, 131.233306"
JPUKB,,KCT,KAMIGUMI CONTAINER TERMINAL KOBE (KGCT),"KAMIGUMI CO., LTD.",2020-10-01,2004-05-31,,https://www.kamigumi.co.jp/english/company/network/container.html,"8 Chome Minatojima, Chuo-ku, Kobe-shi, Hyogo-ken, 650-0045, Japan",Kobe Port Island berth PC-18.,"34.666667, 135.234722"
JPUKB,,KICT,KICT PORT ISLAND (PC-14/15/16/17),"MITSUI O.S.K. LINES, LTD / SANKYU / SUMITOMO WAREHOUSE / NICKEL & LYONS, LTD.",,2024-12-09,,https://hanshinport.co.jp/en/facilities/,"9 Chome-10 Minatojima, Chuo-ku, Kobe-shi, Hyogo-ken, 650-0045, Japan",Kobe Port Island berths PC-14/15/16/17. PC-14 to be incorporated into KICT in 2025.,"34.660556, 135.238611"
JPUKB,,PIM,PORT ISLAND M BERTH (PI-M),"SHOSEN KOUN CO., LTD.",2024-12-09,2019-10-04,,https://www.imotoline.co.jp/service/course/terminal01.html,"9 Chome-13 Minatojima, Chuo-ku, Kobe-shi, Hyogo-ken, 650-0045, Japan",,"34.652, 135.243722"
JPUKB,,PC13,PORT ISLAND PC-13,NISSIN CORPORATION,2024-12-09,2015-06-20,,https://hanshinport.co.jp/en/facilities/,"9-chome-2-11 Minatojima, Chuo-ku, Kobe-shi, Hyogo-ken, 650-0045, Japan",,"34.658333, 135.23"
JPUKB,,RC2,ROKKO ISLAND RC-2,"MITSUI-SOKO CO., LTD.",,2021-11-01,,https://hanshinport.co.jp/en/facilities/,"6 Chome-20-3 Koyochonishi, Higashinada-ku, Kobe-shi, Hyogo-ken, 658-0033, Japan",,"34.682778, 135.253889"
JPUKB,,RC45,ROKKO ISLAND RC-4/5,KAWASAKI KISEN KAISHA LTD. / MITSUBISHI LOGISTICS CORPORATION,,2024-12-09,,https://hanshinport.co.jp/en/facilities/,"6-chome-4 Koyochonishi, Higashinada-ku, Kobe-shi, Hyogo-ken, 658-0033, Japan",,"34.678611, 135.260278"
JPUKB,,RC6,ROKKO ISLAND RC-6/7,NIPPON YUSEN KABUSHIKI KAISHA,2020-01-03,2015-06-30,,https://hanshinport.co.jp/en/facilities/,"4 Chome-25 Koyochohigashi, Higashinada-ku, Kobe-shi, Hyogo-ken, 658-0031, Japan",,"34.681389, 135.284722"
JPUKB,,RWX,ROKKO ISLAND R-WX,MITSUBISHI LOGISTICS CORP.,,2019-10-04,,https://www.mitsubishi-logistics.co.jp/english/company/office/kobe.html,"4 Chome Koyochohigashi, Higashinada-ku, Kobe-shi, Hyogo-ken, 658-0031, Japan","Berths W, X, Y, Z, L1 & L2","34.689167, 135.280556"
JPUKB,,RSBC,ROKKO ISLAND SOUTH B/C BERTH,"SHOSEN KOUN CO., LTD.",2024-12-09,2019-10-18,,https://www.imotoline.co.jp/service/course/terminal01.html,"4-27 Higashi-Mukou-cho, Higashinada-ku, Kobe-shi, Hyogo-ken, 658-0031, Japan",,"34.680444, 135.278056"
JPWAK,,WM32C,WAKAYAMA NISHIHAMA NO. 5 BERTH,WAKAYAMA SHIMOTSU PORT AUTHORITY,2025-02-01,2001-06-26,,https://www.pref.wakayama.lg.jp/prefg/080500/kowan/washimo/04honko.html,"1660-489 Nishihama, Wakayama-shi, Wakayama-ken, 641-0036, Japan",,"34.208056, 135.141944"
JPYAT,,YCT,YATSUSHIRO CONTAINER TERMINAL,YATSUSHIRO PORT CONTAINER TERMINAL,,2021-11-01,,https://yatsushiro-port.jp/,"3 Chome Shinminatomachi, Yatsushiro-shi, Kumamoto-ken, 866-0034, Japan",,"32.536944, 130.543333"
JPYKK,,KSN,"YOKKAICHI KASUMIGAURA NORTH PIER, W80",JAPAN TRANSCITY CORPORATION,2020-02-29,2015-06-16,,https://www.yokkaichi-port.or.jp/b_container_terminai.html,"2-26 Kasumi, Yokkaichi-shi, Mie-ken, 510-0011, Japan",,"34.997222, 136.668611"
JPYKK,,KSS,"YOKKAICHI KASUMIGAURA SOUTH PIER, W26/W27",JAPAN TRANSCITY CORPORATION,2020-02-29,2015-06-16,,https://www.yokkaichi-port.or.jp/b_container_terminai.html,"2-6 Kasumi, Yokkaichi-shi, Mie-ken, 510-0011, Japan",,"34.992222, 136.664167"
JPYOK,,APMYOK,APM TERMINALS YOKOHAMA (MC-1/2/3/4),APM TERMINALS,2020-01-15,2016-09-01,,https://www.apmterminals.com/en/yokohama,"2 Minami-Honmoku, Naka-ku, Yokohama-shi, Kanagawa-ken, 231-0816, Japan","APMT operates MINAMI-HONMOKU CONTAINER TERMINAL MC-1, MC-2, MC-3, and MC-4","35.403333, 139.683889"
JPYOK,,DT9,DAIKOKU T-9 CONTAINER TERMINAL,"MITSUI SOKO CO., LTD. / SUMITOTO WAREHOUSE",2020-04-01,2015-06-20,,https://yokohamaport.co.jp/facilities/daikoku/,"25 Daikokufuto, Tsurumi-ku, Yokohama-shi, Kanagawa-ken, 230-0054, Japan",,"35.457778, 139.690278"
JPYOK,,HBC,HONMOKU BC CONTAINER TERMINAL,"YOKOHAMA PORT MEGA TERMINAL CO., LTD.",2020-01-24,2015-06-30,,https://yokohamaport.co.jp/facilities/honmoku/,"1-195 Honmokufuto, Naka-ku, Yokohama-shi, Kanagawa-ken, 231-0811, Japan",,"35.4375, 139.678611"
JPYOK,,HD1,HONMOKU D-1 CONTAINER TERMINAL,"YOKOHAMA PORT MEGA TERMINAL CO., LTD.",2020-01-24,2015-06-30,,https://yokohamaport.co.jp/facilities/honmoku/,"1-10 Honmokufuto, Naka-ku, Yokohama-shi, Kanagawa-ken, 231-0811, Japan",,"35.434167, 139.680833"
JPYOK,,HD4,HONMOKU D-4 CONTAINER TERMINAL,"CMA CGM JAPAN CO., LTD.",2024-12-09,2015-06-30,,https://yokohamaport.co.jp/facilities/honmoku/,"1-10 Honmokufuto, Naka-ku, Yokohama-shi, Kanagawa-ken, 231-0811, Japan",,"35.437778, 139.683056"
JPYOK,,HD5,HONMOKU D-5 CONTAINER TERMINAL,(UNDER MAINTENANCE),2024-12-09,2015-06-30,,https://yokohamaport.co.jp/facilities/honmoku/,"1-16 Honmokufuto, Naka-ku, Yokohama-shi, Kanagawa-ken, 231-0811, Japan",HONMOKU D-5 under maintenance as of late 2024. CMA CGM to relocate from D-4 to D-5 by October 2026.,"35.440556, 139.684722"
KELAU,,LCT,PORT OF LAMU CONTAINER TERMINAL,KENYA PORTS AUTHORITY,,2025-09-16,,https://www.kpa.co.ke/Ports/PortOfLamu,"Port of Lamu, 80500 Lamu, Kenya",,"-2.193056, 40.935"
KEMBA,,KCT,KIPEVU CONTAINER TERMINAL,KENYA PORTS AUTHORITY,,2025-09-16,,https://www.kpa.co.ke/Ports/PortOfMombasa,"Moi Avenue, P.O. Box 95076, 80104 Mombasa, Kenya","Berths 20,21,22","-4.05, 39.616389"
KEMBA,,MCT,MOMBASA CONTAINER TERMINAL,KENYA PORTS AUTHORITY,2020-08-01,2018-05-04,,https://www.kpa.co.ke/Ports/PortOfMombasa,"Kipevu Road, P.O. Box 95009, 80104 Mombasa, Kenya","Berths 16,17,18,19","-4.045556, 39.626944"
KHKOS,,SPA,SIHANOUKVILLE PORT,SIHANOUKVILLE PORT AUTHORITY,2020-01-24,2015-06-24,,https://www.pas.gov.kh/en,"Tomnub Rolork Rd, 180404 Sihanoukville, Sihanoukville Province, Cambodia",,"10.647778, 103.510556"
KHPNH,,LM17,PHNOM PENH CONTAINER TERMINAL LM17,PHNOM PENH AUTONOMOUS PORT (PPAP),,2022-06-01,,https://ppap.com.kh/,"Kandal Leu Village, Banteay Deak Commune, 081001 Kean Svay District, Kandal Province, Cambodia",,"11.473611, 105.143056"
KMYVA,,MOR,MORONI TERMINAL,AFRICA GLOBAL LOGISTICS (AGL),,2026-05-01,,https://www.aglgroup.com/en/transport-logistique-afrique/Comores,"B.P. 6642, Moroni, Comores",,"-11.704722, 43.247778"
KNBAS,,BDWH,BASSETERRE DEEP WATER HARBOUR ST. KITTS,ST. CHRISTOPHER AIR & SEA PORTS AUTHORITY (SCASPA),,2025-02-25,,https://scaspasea.com/,"Bird Rock, Basseterre, St. Kitts, St. Kitts and Nevis",,"17.286667, -62.710278"
KNCHA,,LPPT,LONG POINT PORT NEVIS,NEVIS AIR AND SEA PORTS AUTHORITY (NASPA),,2025-02-25,,https://www.nevisportsauthority.com/,"Long Point, Charlestown, Nevis, St. Kitts and Nevis",,"17.108611, -62.625"
KRINC,,E1CTC,E1 CONTAINER TERMINAL,E1 CONTAINER TERMINAL,2020-01-24,2018-12-18,,http://www.e1ct.co.kr/,"42 Seohae-daero 93beon-gil, Jung-gu, Incheon, Incheon-gwangyeoksi, South Korea",See also https://www.icpa.or.kr/eng/content/view.do?menuKey=637&contentKey=145,"37.439722, 126.610833"
KRINC,,HJITC,HANJIN INCHEON CONTAINER TERMINAL (HJIT),HANJIN INCHEON CONTAINER TERMINAL,2020-01-24,2019-01-17,,http://www.hjit.co.kr/eng/Main.do,"777 Incheonsinhang-daero (Songdo-dong), Yeonsu-gu, Incheon, Incheon-gwangyeoksi, South Korea",See also https://www.icpa.or.kr/eng/content/view.do?menuKey=637&contentKey=146,"37.342222, 126.627222"
KRINC,,ICTPC,INCHEON CONTAINER TERMINAL (ICT),"INCHEON CONTAINER TERMINALS CO., LTD. / PSA",2020-01-24,2018-12-18,,https://www.psa-ict.co.kr/eng/main/main.psa,"126-1 Hang-dong 7-ga, Jung-gu, Incheon, Incheon-gwangyeoksi, South Korea",See also https://www.icpa.or.kr/eng/content/view.do?menuKey=637&contentKey=147,"37.438611, 126.597778"
KRINC,,SNCTC,SUNKWANG NEWPORT CONTAINER TERMINAL (SNCT),"SUNKWANG NEWPORT CONTAINER TERMINAL CO., LTD.",2020-01-24,2018-12-18,,https://snct.sun-kwang.co.kr/eng/page/terminal05.jsp,"707 Incheonsinhang-daero (Songdo-dong), Yeonsu-gu, Incheon 21990, Incheon-gwangyeoksi, South Korea",See also https://www.icpa.or.kr/eng/content/view.do?menuKey=637&contentKey=148,"37.342222, 126.636389"
KRKAN,,GWCT,GWANGYANG WEST CONTAINER TERMINAL,"GWANGYANG WEST CONTAINER TERMINAL CO., LTD.",,2018-12-18,,https://www.cjlogistics.com,"1392 Hwang Gil Dong, Gwangyang-si, Jeollanam-do, South Korea",,"34.896389, 127.655278"
KRKAN,,KIT,KOREA INTERNATIONAL CONTAINER TERMINAL,KOREA INTERNATIONAL TERMINAL,,2015-05-03,,https://www.kitl.com/eng/index.kitl,"240 Keonbudu-ro, Gwangyang-si, Jeollanam-do, South Korea",,"34.9025, 127.666389"
KRKAN,,GIGCT,SM GWANGYANG TERMINAL,"SM LINE GWANGYANG TERMINAL CO., LTD.",,2018-12-18,,http://home.smlgt.co.kr/home,"390 Keonbudu-ro, Gwangyang-si, Jeollanam-do, South Korea",,"34.909444, 127.677222"
KRKPO,,PICTC,POHANG INTERNATIONAL CONTAINER TERMINAL (PICT),POHANG YEONGILMAN SHINHANG PORT CO.,2020-01-24,2018-12-18,,http://www.pohangport.com/,"151 Yeongilmanhang-ro, Heunghae-eup, Buk-gu, Pohang-si 37556, Gyeongsangbuk-do, South Korea",,"36.105556, 129.439167"
KRPTK,,PCTCC,PYEONGTAEK CONTAINER TERMINAL,PYEONGTAEK CONTAINER TERMINAL CO,,2018-12-18,,http://www.pctc21.com/,"181-21 Pyeongtaekhangman-gil, Poseung-eup, Pyeongtaek-si, Gyeonggi-do, South Korea",,"36.964722, 126.839167"
KRPTK,,PNCTC,PYEONGTAEK DONGBANG I-PORT,"PYEONGTAEK DONGBANG I-PORT CO., LTD.",,2018-12-18,,http://www.pnct.co.kr/homepage/eng/page/com_directions.jsp,"Dongnam Building 2F, 7-10 UnJeong-ri, HyunDeok-myeon, Pyeongtaek-si, Gyeonggi-do, South Korea",,"36.950556, 126.850833"
KRPUS,,BCT,BUSAN CONTAINER TERMINAL (BCT),"BUSAN CONTAINER TERMINAL CO., LTD.",,2022-08-01,,https://www.bct2-4.com/,"588-1 Sinhangnam-ro, Gangseo-Gu, Busan 46767, Busan-gwangyeoksi, South Korea",New Port Pier 6 (1050 m).,"35.065556, 128.799722"
KRPUS,,BNCT,BUSAN NEW CONTAINER TERMINAL (BNCT),"BUSAN NEW CONTAINER TERMINAL CO., LTD.",2020-01-24,2015-03-06,,https://www.bnctkorea.com/,"586 Sinhangnam-ro (Seongbuk-dong), Gangseo-gu, Busan 46767, Busan-gwangyeoksi, South Korea",New Port Pier 5 (1400 m).,"35.067778, 128.812778"
KRPUS,,KBCT,BUSAN PORT TERMINAL (BPT),"BUSAN PORT TERMINAL CO., LTD.",2018-01-13,2004-05-31,,https://www.bptc.co.kr/,"294 Sinseon-ro (Yongdang-dong), Nam-gu, Busan 48562, Busan-gwangyeoksi, South Korea","Sinseondae Pier (1500 m) and Gamman Pier 3, 4B (700 m).","35.105556, 129.095"
KRPUS,,DGT,DONGWON GLOBAL TERMINAL (DGT),"DONGWON GLOBAL TERMINAL BUSAN CO., LTD.",,2024-04-19,,https://www.dgtbusan.com/DGT/,"633 Sinhang-ro, Jinhae-gu, Changwon-si 51609, Gyeongsangnam-do, South Korea",New Port Pier 7 (1050 m).,"35.076667, 128.774167"
KRPUS,KRBNP,HJNC,HANJIN BUSAN NEW PORT CO. (HJNC),HANJIN BUSAN NEW PORT CO.,2020-01-24,2015-03-06,,https://www.hjnc.co.kr/,"433 Sinhang-ro (Angol-dong), Jinhae-gu, Changwon-si 51611, Gyeongsangnam-do, South Korea",New Port Pier 3 (1100 m).,"35.077778, 128.791111"
KRPUS,,HPNT,HMM PSA NEW-PORT TERMINAL (HPNT),HMM PSA NEW-PORT TERMINAL CO.,2020-01-24,2015-03-06,,https://www.hpnt.co.kr/,"454 Sinhangnam-ro, Gangseo-gu, Busan 46767, Busan-gwangyeoksi, South Korea",New Port Pier 4 (1150 m).,"35.07, 128.826389"
KRPUS,,HBCT,HUTCHISON BUSAN CONTAINER TERMINAL (HBCT),HUTCHISON PORTS BUSAN,2025-10-01,2015-03-25,,https://www.hktl.com/,"191 Bukhang-ro (Gamman-dong), Nam-gu, Busan 48481, Busan-gwangyeoksi, South Korea",Jaseongdae Pier.,"35.105278, 129.072778"
KRPUS,,PNC,PUSAN NEW PORT CO. (PNC),"PUSAN NEW PORT CO., LTD.",2020-02-29,2004-05-31,,https://www.pncport.com/,"372 Sinhangnam-ro, Gangseo-gu, Busan 46767, Busan-gwangyeoksi, South Korea",New Port Pier 2 (2000 m).,"35.077778, 128.8075"
KRPUS,,PNP,PUSAN NEW PORT INTERNATIONAL TERMINAL (PNIT),"PUSAN NEW PORT INTERNATIONAL TERMINAL CO., LTD.",2020-02-29,2004-05-31,,https://www.pnitl.com/,"330 Sinhangnam-ro, Gangseo-gu, Busan 46767, Busan-gwangyeoksi, South Korea",New Port Pier 1 (1200 m).,"35.077778, 128.825278"
KRTSN,,DPCT,DAESAN PORT CONTAINER TERMINAL,DAESAN REGIONAL OFFICE OF OCEANS AND FISHERIES,,2025-02-10,,https://daesan.mof.go.kr/,"Daejook-Ri, Daesan- Eup, Daesan, Chungcheongnam-do, South Korea","Container berths 2,3,4,5.","37.013889, 126.43"
KRUSN,,JUCTC,JEONG IL ULSAN CONTAINER TERMINAL,"JEONG IL ULSAN CONTAINER TERMINAL CO., LTD",,2018-12-18,,https://www.juct.co.kr/,"150-5 Sanam-ri, Onsan-eup, Ulju-gun, Ulsan, Ulsan-gwangyeoksi, South Korea",,"35.442222, 129.352778"
KRUSN,,UDITC,ULSAN NEWPORT CONTAINER TERMINAL (UNCT),"ULSAN NEWPORT CONTAINER TERMINAL CO., LTD",2020-01-24,2018-12-18,,http://www.unct.co.kr/,"625-1 Hwangseong-dong, Nam-gu, Ulsan, Ulsan-gwangyeoksi, South Korea",,"35.455556, 129.365278"
KWSAA,,SAACT,SHUAIBA CONTAINER TERMINAL,GLOBAL CLEARINGHOUSE SYSTEMS COMPANY,,2020-06-08,,https://www.gcskw.com/,"Shuaiba Container Terminal, Shuaiba, Ahmadi Governorate, Kuwait","Berths 15,16,17,18","29.045833, 48.154639"
KWSWK,,SWKCT,SHUWAIKH CONTAINER TERMINAL,JASSIM TRANSPORT & STEVEDORING COMPANY,,2020-06-08,,https://www.jtckw.com/,"Shuwaikh Container Terminal, Shuwaikh, Asimah Governorate, Kuwait","Berths 10,12,13","29.348833, 47.920778"
KYGEC,,CAYM,GEORGE TOWN GRAND CAYMAN,PORT AUTHORITY OF THE CAYMAN ISLANDS,,2022-01-19,,https://www.caymanport.com/,"Harbour Drive, George Town, Grand Cayman, Cayman Islands",,"19.295833, -81.383889"
LBBEY,,BCTC,CMA TERMINALS BEIRUT,CMA TERMINALS,2025-04-01,2004-05-31,,https://cma-beirut.com/,"Port Of Beirut - Bstra Bldg., Container Terminal, P.O. Box 11, Beirut 8210, Lebanon",,"33.908889, 35.534167"
LBKYE,,CMAT,CMA TERMINALS TRIPOLI SAL,CMA TERMINALS,,2025-05-01,,https://www.cma-cgm.com/ebusiness/schedules/terminal/detail/LBKYE-001,"Container Terminal, Tripoli Port, Tripoli 1301, Lebanon",,"34.459722, 35.827778"
LCCAS,,PCAS,PORT CASTRIES,SAINT LUCIA AIR AND SEA PORTS AUTHORITY (SLASPA),,2022-01-19,,https://www.slaspa.com/,"PO Box 651, Manoel Street, Castries, Saint Lucia","Berths 3,4,5","14.010278, -60.993333"
LCVIF,,PVIF,PORT VIEUX FORT,SAINT LUCIA AIR AND SEA PORTS AUTHORITY (SLASPA),,2022-01-19,,https://www.slaspa.com/,"Port Vieux Fort, Vieux Fort, Saint Lucia",,"13.721667, -60.953056"
LKCMB,,CECT,COLOMBO EAST CONTAINER TERMINAL (CECT),SRI LANKA PORTS AUTHORITY (SLPA),,2025-02-01,,https://www.slpa.lk/port-colombo/terminals,"19 Chaithya Rd, Colombo 00100, Sri Lanka",,"6.948889, 79.839722"
LKCMB,,CICT,COLOMBO INTL CONTAINER TERMINAL (CICT),COLOMBO INTERNATIONAL CONTAINER TERMINALS LTD.,2020-01-24,2015-06-20,,https://www.cict.lk/,"120/20 Chaithya Rd, Colombo 00100, Sri Lanka",,"6.945556, 79.832778"
LKCMB,,CWIT,COLOMBO WEST INTL CONTAINER TERMINAL (CWIT),"COLOMBO WEST INTERNATIONAL CONTAINER TERMINAL PVT., LTD.",,2025-02-01,,https://www.cwit.lk/,"117 Sir Chittampalam A. Gardiner Mawatha, Colombo 02, Sri Lanka",,"6.952778, 79.826389"
LKCMB,,LKJCT,JAYA CONTAINER TERMINAL,JAYA CONTAINER TERMINAL,2020-01-24,2005-09-19,,https://www.slpa.lk/port-colombo/terminals,"Chaithya Rd, Colombo 00100, Sri Lanka",,"6.947778, 79.852778"
LKCMB,,SAGT,SOUTH ASIA GATEWAY TERMINALS (SAGT),SOUTH ASIA GATEWAY TERMINALS PVT. LTD.,2020-01-24,2005-09-19,,https://www.sagt.com.lk/,"P.O. BOX 141, Colombo, Sri Lanka",,"6.946667, 79.845556"
LKCMB,,LKUCT,UNITY CONTAINER TERMINAL,UNITY CONTAINER TERMINAL,2020-01-24,2005-09-19,,https://www.slpa.lk/port-colombo/terminals,"Chaithya Rd, Colombo 00100, Sri Lanka",,"6.958333, 79.855"
LKHBA,,HIP,HAMBANTOTA INTERNATIONAL PORT (HIP),HAMBANTOTA INTERNATIONAL PORT GROUP (HIPG),,2026-04-01,,https://www.hipg.lk/,"Mirijjawila, Hambantota 82001, Sri Lanka","Berths 1, 2, 7, 8, 9, 10, 11","6.134167, 81.091944"
LRMLW,,APMT,APM TERMINALS LIBERIA,APM TERMINALS LIBERIA LTD.,,2022-06-01,,https://www.apmterminals.com/en/monrovia/,"Freeport of Monrovia, Bushrod Island, P.O. Box 1929, Monrovia 1000, Liberia","Berths 1, 2, 3","6.341944, -10.795833"
LTKLJ,,KKT,KLAIPEDA CONTAINER TERMINAL,KLAIPEDOS KONTEINERIU TERMINALAS,2020-07-01,2014-11-10,,https://www.terminalas.lt/?lang=en,"Minijos st. 180, LT-93269 Klaipeda, Lithuania","Berths 143,143a","55.645833, 21.16"
LTKLJ,,KAS,KLAIPEDA SMELTE CONTAINER TERMINAL (KSCT),KLAIPEDOS SMELTE,2020-07-01,2014-11-10,,https://www.smelte.lt/en/,"Nemuno str. 24, LT-93278 Klaipeda, Lithuania",Berths 82-96,"55.677778, 21.142778"
LVRIX,,BCT,BALTIC CONTAINER TERMINAL RIGA,BALTIC CONTAINER TERMINAL,2020-02-29,2007-11-10,,https://www.bct.lv/,"Uriekstes iela 32, LV-1005 Riga, Latvia",,"57.007222, 24.096667"
LVRIX,,RCT,RIGA CONTAINER TERMINAL (RIGACT),RIGA CONTAINER TERMINAL (RIGACT),2020-02-29,2008-01-16,,https://www.rigact.lv/en/,"15 K-1 Eksporta Iela, LV-1045 Riga, Latvia",,"56.980833, 24.093611"
LVRIX,,RUT,RIGA UNIVERSAL TERMINAL,RIGA UNIVERSAL TERMINAL,2020-02-29,2014-11-12,,https://www.ruterminal.lv/,"Birztalu iela 15, LV-1015 Riga, Latvia",,"57.041944, 24.076111"
LYBEN,,BCT,BENGHAZI CONTAINER TERMINAL,LIBYAN PORTS COMPNY (LPC),,2025-02-10,,https://www.lpclibya.com/,"Port area, Benghazi, Shabiyah Benghazi, Libya",,"32.114444, 20.048056"
LYKHO,,KCT,KHOMS CONTAINER TERMINAL,LIBYAN PORTS COMPNY (LPC),,2025-02-10,,https://www.lpclibya.com/,"Port area, Khoms, Shabiyah Al Marqab, Libya","Container berths 13,14,15","32.675278, 14.245"
LYMRA,,MFZCT,MISURATA FREE ZONE CONTAINER TERMINAL,MISURATA FREE ZONE (MFZ),,2025-02-10,,https://mfzly.com/,"Misrata port, Berths 7-10, Misurata, Shabiyah Misrata, Libya",,"32.363333, 15.218056"
LYTIP,,TCP,TRIPOLI COMMERICIAL PORT,LIBYAN PORTS COMPNY (LPC),,2025-02-25,,https://www.lpclibya.com/,"Port area, Tripoli, Shabiyah Tarabulus, Libya",,"32.907222, 13.191667"
MAAGA,,ACT,AGADIR CONTAINER TERMINAL,MARSA MAROC,,2022-01-19,,https://www.marsamaroc.co.ma/en/ports-and-terminals/agadir-port,"48 Port d'Agadir, Agadir, Morocco",,"30.428611, -9.643056"
MACAS,,EST,MARSA MAROC TERMINAL,MARSA MAROC,2025-12-16,2005-10-07,,https://www.marsamaroc.co.ma/en/ports-and-terminals/casablanca-port,"Bd. des Almohades, 20000 Casablanca, Morocco","Includes both adjacent terminal areas EST and TC3, which are operated by MARSA MAROC as one terminal.","33.61, -7.596111"
MACAS,,SOMAP,SOMAPORT TERMINAL,SOMAPORT,2020-02-29,2015-06-12,,https://www.somaport.ma/en/design-terminal-tp,"Port de Casablanca, 20000 Casablanca, Morocco",,"33.604722, -7.604167"
MANDR,,NADP,NADOR PORT,MARSA MAROC,,2022-01-19,,https://www.marsamaroc.co.ma/en/ports-and-terminals/nador-port,"88 Beni-Ensar, Nador, Morocco",Multi-purpose terminal mole 2,"35.277222, -2.9175"
MAPTM,,APMT,APM TERMINALS TANGIER,APM TERMINALS TANGIER,2021-01-01,2018-02-19,,https://www.apmterminals.com/en/tangier,"Zone Franche Ksar Al Majaz, Oued R'Mel, Commune Anjra, Route de Fnideq, BP 216, Ksar es-Seghir, Morocco","Port Tanger Med I, TC1.","35.89, -5.496667"
MAPTM,,APM2,APM TERMINALS TANGIER MEDPORT 2,APM TERMINALS TANGIER,,2019-08-22,,https://www.apmterminals.com/en/medport-tangier,"Port de Tanger Med, Ksar es-Seghir, Morocco","Port Tanger Med II, TC4.","35.863056, -5.538333"
MAPTM,,EURTN,EUROGATE TANGIER,EUROGATE TANGIER S.A,2019-12-13,2004-05-31,,https://www1.eurogate.de/terminals/#tanger,"Zone Franche Ksar Al Majaz, Oued R'Mel, Commune Anjra, Route de Fnideq, 90000 Tanger, Morocco","Port Tanger Med I, TC2.","35.895278, -5.490556"
MAPTM,,TAT,TANGER ALLIANCE TERMINAL,"TANGER ALLIANCE (MARSA MAROC, EUROGATE)",,2021-01-01,,https://www.contshipitalia.com/en/subsidiaries/tanger-alliance,"Zone Franche Ksar Al Majaz, Terminal à Conteneurs 3, Port Tanger Med 2, Tanger, Morocco","Port Tanger Med II, TC3.","35.875611, -5.525528"
MEBAR,,ADR,PORT OF ADRIA BAR,GLOBAL PORTS HOLDING (GPH) / PORT OF ADRIA JSC,,2022-02-01,,https://www.portofadria.me/,"Street barskih logoraša 2, 85 000 Bar, Bar Municipality, Montenegro",,"42.087778, 19.084444"
MGDIE,,DST,DIEGO-SUAREZ TERMINAL,"AGENCE PORTUAIRE, MARITIME ET FLUVIALE (APMF)",,2022-02-01,,https://www.apmf.mg/,"Ville basse, 201 Antsiranana (Diego-Suarez), Madagascar",,"-12.268889, 49.288611"
MGTMM,,MICTSL,MADAGASCAR INTERNATIONAL CONTAINER TERMINAL (MICTSL),MADAGASCAR INTERNATIONAL CONTAINER TERMINAL SERVICES LTD. (MICTSL),,2022-02-01,,https://www.mictsl.mg/,"10 Rue Du Commerce, Ampasimazava BP 138, 501 Toamasina, Madagascar",,"-18.153056, 49.4275"
MMRGN,,AIPT1,AHLONE INTERNATIONAL PORT TERMINAL 1,MYANMAR PORT AUTHORITY,,2019-12-13,,https://www.mpa.gov.mm/ports/ahlone-international-port-terminal/,"Ahlone Road, Ahlone Township, Yangon, Myanmar",,"16.785278, 96.119444"
MMRGN,,AWPT,ASIA WORLD PORT TERMINAL,ASIA WORLD PORT MANAGEMENT CO. LTD.,,2019-12-13,,https://www.asiaworldcompany.com,"No. 61-62, Bahosi Development, Wadan Street, Lanmadaw Township, Yangon, Myanmar",,"16.792778, 96.12"
MMRGN,,BAKT,BO AUNG KYAW TERMINAL,LANN PYI MARINE CO. LTD,,2019-12-13,,http://azlmyanmar.com/,"No. 55/61, Strand Road, Seikkan Township, Yangon, Myanmar",,"16.766667, 96.165833"
MMRGN,,MIP,MYANMAR INDUSTRIAL PORT (MIP),MYANMAR INDUSTRIAL PORT (MIP) CONTAINER TERMINAL ,,2019-11-18,,https://www.mip.com.mm/,"No. 7/2 (B) Strand Road, Ahlone Township, Yangon, Myanmar",,"16.776111, 96.132222"
MMRGN,,MITT,MYANMAR INTERNATIONAL TERMINALS THILAWA (HUTCHISON MITT),MYANMAR INTERNATIONAL TERMINALS THILAWA LTD. (HUTCHISON MITT),,2019-12-13,,https://www.mitt.com.mm,"Thilawa, Kyauktan Township, Yangon, Myanmar","Subsidiary company of CK Hutchison Holdings, Hong Kong","16.666389, 96.250278"
MPSPN,,POST,PORT OF SAIPAN TERMINAL (CPA),COMMONWEALTH PORTS AUTHORITY (CPA),,2025-01-14,,https://cnmiports.com/,"Commonwealth Ports Authority, P.O. Box 501055, Saipan, MP 96950, Northern Mariana Islands",,"15.225833, 145.733611"
MQFDF,,PDGT,POINTE DES GRIVES CONTAINER TERMINAL,GRAND PORT MARITIME DE LA MARTINIQUE (GPMLM),,2023-01-01,,https://www.martinique.port.fr/index.aspx,"Pointe des Grives, 97206 Fort-de-France, Martinique",,"14.592222, -61.05"
MRNDB,,NOUT,NOUADHIBOU TERMINAL,PORT AUTONOME DE NOUADHIBOU,,2022-02-01,,https://www.pan.mr/,"Port Buildings Main Road, B.P. 236, Nouadhibou, Mauritania",,"20.895, -17.052028"
MRNKC,,TCN,TERMINAL A CONTENEURS DE NOUAKCHOTT (TCN),TERMINAL A CONTENEURS DE NOUAKCHOTT (TCN),,2024-08-20,,https://tcn-mauritanie.com/,"Port Autonome de Nouakchott, B.P. 7303, Nouakchott, Mauritania",,"17.989444, -16.026389"
MTMAR,,FREE,MALTA FREEPORT TERMINALS,MALTA FREEPORT TERMINALS LTD.,,2004-05-31,,https://www.maltafreeport.com.mt/,"Freeport Centre, Port of Marsaxlokk, Kalafrana, BBG3011 Birzebbuga, Malta",Terminals 1 and 2.,"35.82, 14.542778"
MUPLU,,MCT,MAURITIUS CONTAINER TERMINAL,CARGO HANDLING CORPORATION LTD. (CHCL),,2022-02-01,,https://www.chcl.mu/,"CHCL Administration Building, Chaussée Tromelin, Mer Rouge, Port Louis 11609, Mauritius",,"-20.140833, 57.493056"
MUPLU,,SSR,SSR MULTI PURPOSE TERMINAL,CARGO HANDLING CORPORATION LTD. (CHCL),,2022-02-01,,https://www.chcl.mu/,"CHCL Administration Building, Chaussée Tromelin, Mer Rouge, Port Louis 11609, Mauritius",,"-20.152778, 57.495278"
MVMLE,,MCH,MALE COMMERCIAL HARBOUR TERMINAL,MALDIVES PORTS LIMITED (MPL),,2025-02-10,,https://port.mv/,"Boduthakurufaanu Magu, Malé 20250, Maldives",,"4.180556, 73.505556"
MXATM,,ATP,ALTAMIRA TERMINAL PORTUARIA,ALTAMIRA TERMINAL PORTUARIA S.A. DE C.V.,,2004-05-31,,https://www.atpaltamira.com.mx/,"Carretera Terminal de usos multiples s/n, Local 1, Puerto de Altamira, 89603 Altamira, Tamaulipas, Mexico",,"22.476944, -97.885"
MXATM,,IPM,INFRAESTRUCTURA PORTUARIA MEXICANA S.A. DE C.V.,INFRAESTRUCTURA PORTUARIA MEXICANA S.A. DE C.V.,,2004-05-31,,https://www.ipmaltamira.com.mx/ipm/english/,"Blvd. Golfo De Mexico S/N, Puerto Industrial, 89603 Altamira, Tamaulipas, Mexico",,"22.473889, -97.884167"
MXESE,,EIT,HUTCHISON ENSENADA INTERNATIONAL TERMINAL (EIT),ADMINISTRACION PORTUARIA INTEGRAL DE ENSENADA S.A. DE C.V. (HUTCHISON),2025-01-14,2004-05-31,,https://hutchisonportseit.com/,"Blvd. Tte. José Azueta No. 224, Interior Recinto Portuario, 22800 Ensenada, Baja California, Mexico",,"31.851667, -116.629167"
MXGYM,,TGUA,TPP TERMINAL GUAYMAS,TPP TRANSFERENCIAS PORTUARIAS DEL PACIFICO SA DE CV,,2022-01-19,,https://www.tppguaymas.com.mx/,"Recinto Portuario Zona Franca S/N, 85430 Guaymas, Sonora, Mexico",,"27.920556, -110.8675"
MXLZC,,APMT,APM TERMINALS LAZARO CARDENAS,APM TERMINALS LAZARO CARDENAS S.A. DE C.V.,,2017-11-07,,https://www.apmterminals.com/en/lazaro-cardenas,"Interior Recinto Portuario S/N Puerto, 60950 Lázaro Cárdenas, Michoacán, Mexico",Container Terminal 2,"17.974444, -102.172778"
MXLZC,,LCMT,HUTCHISON L.C. MULTIPURPOSE TERMINAL (LCMT),HUTCHISON PORTS LAZARO CARDENAS MULTIPURPOSE TERMINAL (LCMT),,2025-01-14,,https://hutchisonportslcmt.com,"Recinto Portuario, 60950 Lázaro Cárdenas, Michoacán, Mexico",,"17.9275, -102.182222"
MXLZC,,LCT,HUTCHISON LAZARO CARDENAS TERMINAL (LCT),"LAZARO CARDENAS TERMINAL PORTUARIA DE CONTENEDORES, S.A. DE C.V. (HUTCHISON)",2025-01-14,2004-05-31,,https://hutchisonportslct.com/en/,"Boulevard de Las Islas no.1 módulo 14, Colonia Isla del Cayacal, 60950 Lázaro Cárdenas, Michoacán, Mexico",Container Terminal 1,"17.955278, -102.171944"
MXMZT,,TMAZ,TERMINAL MARITIMA DE MAZATLAN,TERMINAL MARITIMA DE MAZATLAN,2020-01-24,2016-06-06,,https://www.tmaz.com.mx/english/,"Av. Emilio Barragán S/N Col. Centro, Interior Recinto Fiscalizado, 82000 Mazatlán, Sinaloa, Mexico",,"23.193333, -106.415"
MXPGO,,TCY,ADMINISTR. PORTUARIA INTEGRAL DE PROGRESO,TERMINAL DE CONTENEDORES DE YUCATAN S.A. DE C.V.,,2004-05-31,,https://www.apmterminals.com/en/progreso,"Terminal Remota, Puerto de Altura, 97320 Progreso, Yucatán, Mexico",,"21.346111, -89.677222"
MXPMD,,PMD,PUERTO CHIAPAS,PUERTO CHIAPAS,2023-04-13,2016-09-12,,https://www.puertochiapas.com.mx/,"Edificio Operativo S/N Recinto Fiscal, Puerto Chiapas Muelle Fiscal, 30730 Tapachula, Chiapas, Mexico",,"14.710556, -92.401389"
MXPMS,,PMOR,PUERTO MORELOS,ADMINISTRACION PORTUARIA INTEGRAL DE QUINTANA ROO S.A DE C.V,,2022-01-19,,https://www.apiqroo.com.mx/puerto-morelos/,"Muelle Portuario Comercial, 77580 Puerto Morelos, Quintana Roo, Mexico",,"20.841667, -86.878056"
MXTUX,,TPT,TUXPAN PORT TERMINAL,TUXPAN PORT TERMINAL S.A. DE C.V.,,2019-10-04,,https://www.tpt.mx/,"Carretera La Barra Sur km 7+800, 92770 Tuxpan, Veracruz, Mexico",,"20.958056, -97.325556"
MXVER,,CICENB,CICE NORTH BAY TERMINAL VERACRUZ,CORPORACION INTEGRAL DE COMERCIO EXTERIOR (CICE),,2024-12-09,,https://home.grupocice.com/,"Bahía Norte, 91692 Heroica Veracruz, Veracruz, Mexico",Start of operations scheduled for 2025-04-01.,"19.241389, -96.171111"
MXVER,,CICESB,CICE SOUTH BAY TERMINAL VERACRUZ,CORPORACION INTEGRAL DE COMERCIO EXTERIOR (CICE),,2024-12-09,,https://home.grupocice.com/,"Zona Portuaria, 91709 Heroica Veracruz, Veracruz, Mexico",,"19.210556, -96.14"
MXVER,,ICAVE,HUTCHISON ICAVE VERACRUZ,INTERNACIONAL DE CONTENEDORES ASOCIADOS DE VERACRUZ S.A. DE C.V. (HUTCHISON),2023-01-01,2020-01-01,,https://hutchisonportsicave.com/en/,"Terminal Especializada de Contenedores, Zona de Ampliación del Nuevo Puerto de Veracruz, 91692 Veracruz, Veracruz, Mexico",New ICAVE terminal.,"19.235833, -96.169722"
MXZLO,,CMSA,CONTECON MANZANILLO,CONTECON MANZANILLO S.A. DE C.V.,,2016-05-13,,https://www.contecon.mx/,"TEC II Zona Norte, Puerto de Manzanillo, Blvd. Miguel de la Madrid Hurtado, 28210 Manzanillo, Colima, Mexico",,"19.084722, -104.3025"
MXZLO,,SSAMX,SSA MEXICO HOLDINGS,SSA MEXICO HOLDINGS S.A. DE C.V.,,2004-05-31,,https://www.ssamarine.com/locations/manzanillo-colima/,"Carretera Manzanillo-Santiago S/N, Terminal Especializada de Contenedores, 28200 Manzanillo, Colima, Mexico",,"19.072222, -104.290833"
MXZLO,,TIMSA,TERMINAL INTL DE MANZANILLO (TIMSA),TERMINAL INTL DE MANZANILLO S.A. DE C.V. TIMSA,,2004-05-31,,https://hutchisonportstimsa.com/en/,"Instalación de Usos Múltiples II, Recinto Portuario de San Pedrito, 28250 Manzanillo, Colima, Mexico",,"19.060278, -104.293056"
MYBKI,,SBCP,SAPANGAR BAY CONTAINER PORT (SBCP),SABAH PORTS SDN. BHD.,,2021-11-01,,https://www.spsb.com.my/,"Jalan Sapangar, Sapangar Bay, 88450 Kota Kinabalu, Sabah, Malaysia",,"6.070556, 116.117778"
MYBTU,,BICT,BINTULU INTERNATIONAL CONTAINER TERMINAL (BICT),BINTULU PORT SDN. BHD.,,2021-11-01,,https://bintuluport.com.my/,"12th Mile Tanjung Kidurong Road, 97008 Bintulu, Sarawak, Malaysia",,"3.264444, 113.074444"
MYKCH,,SENA,SENARI TERMINAL KUCHING,KUCHING PORT AUTHORITY (KPA),,2021-11-01,,https://www.kpa.gov.my/,"Jalan Pelabuhan, 93450 Kuching, Sarawak, Malaysia",,"1.615833, 110.452222"
MYKUA,,KPCT,KUANTAN PORT CONTAINER TERMINAL,KUANTAN PORT CONSORTIUM SDN BHD,,2024-10-11,,https://www.kuantanport.com.my,"Wisma Kpc, Jalan Tanjung Gelang, Gebeng, 25720 Kuantan, Pahang, Malaysia",,"3.973056, 103.42"
MYLDU,,LDUCT,POIC CONTAINER TERMINAL LAHAD DATU,POIC SABAH SDN. BHD.,,2024-12-09,,https://poic.com.my,"Phase 3B, Mile 7, Jalan Tengah Nipah, 91110 Lahad Datu, Sabah, Malaysia",,"5.010556, 118.393611"
MYPEN,,PENP,PENANG PORT,PENANG PORT SDN. BHD.,,2014-07-10,,https://www.penangport.com.my/,"NBCT Penang Port, 12200 Butterworth, Penang, Malaysia",,"5.421667, 100.361389"
MYPGU,,JPB,JOHOR PORT,JOHOR PORT BERHAD,2019-12-13,2015-06-12,,https://www.johorport.com.my/,"Pasir Gudang Industrial Estate, 81707 Pasir Gudang, Johor, Malaysia",,"1.437222, 103.889722"
MYPKG,,NPM,NORTHPORT MALAYSIA,NORTHPORT MALAYSIA BHD.,,2004-05-31,,https://www.northport.com.my,"Jalan Pelabuhan, Pelabuhan Utara, 42000 Port Klang, Selangor, Malaysia",,"3.037222, 101.357222"
MYPKG,,KMT,WESTPORT KELANG MULTI TERMINAL (KMT),WESTPORTS MALAYSIA SDN. BHD.,2020-01-24,2004-05-31,,https://www.westportsholdings.com/,"P.O. Box 266, Pulau Indah, 42009 Port Klang, Selangor, Malaysia",,"2.935, 101.295"
MYSBW,,RPS,RAJANG PORT SIBU,RAJANG PORT AUTHORITY,,2021-11-01,,https://www.rajangport.gov.my/,"Jalan Pulau, 96000 Sibu, Sarawak, Malaysia",,"2.288056, 111.823611"
MYSDK,,SDKCT,SANDAKAN CONTAINER TERMINAL,SABAH PORTS SDN. BHD.,,2024-12-09,,https://spsb.com.my/,"Jalan Pelabuhan Baru, 90000 Sandakan, Sabah, Malaysia",,"5.809167, 118.083611"
MYTPP,,PTP,PORT OF TANJUNG PELEPAS (PTP),PORT OF TANJUNG PELEPAS SDN. BHD.,,2004-05-31,,https://www.ptp.com.my/,"Block A, Wisma PTP, Jalan Pelabuhan Tanjung Pelepas TST 507, 81560 Gelang Patah, Johor, Malaysia",,"1.3625, 103.545833"
MYTWU,,TWUCT,TAWAU CONTAINER TERMINAL,SABAH PORTS SDN. BHD.,,2024-12-09,,https://spsb.com.my/,"Jalan Utara/Jalan Dunlop, 91000 Tawau, Sabah, Malaysia",,"4.244444, 117.878056"
MZBEW,,BCT,BEIRA CONTAINER TERMINAL (CORNELDER),CORNELDER DE MOZAMBIQUE S.A.,,2022-02-01,,https://www.cornelder.co.mz/,"Porto da Beira, Largo dos CFM, PO Box 236, Beira, Sofala, Mozambique","Berths 2,3,4,5.","-19.819444, 34.834722"
MZMNC,,NCT,NACALA CONTAINER TERMINAL,MOZAMBIQUE PORTS AND RAILWAYS (CFM),,2022-02-01,,https://www.cfm.co.mz/index.php/en/,"Rua do porto, Zona portuaria-Nacala, Nacala, Nampula, Mozambique",,"-14.543611, 40.666667"
MZMPM,,MIPS,DP WORLD MAPUTO,DP WORLD,2020-01-24,2005-09-19,,https://www.dpworld.com/mozambique,"Gate Nr. 9, Praça dos Trabalhadores, PO Box 3203, Maputo, Maputo, Mozambique",MIPS was renamed to DP World Maputo in 2008,"-25.961667, 32.546111"
NALUD,,NAMP,PORT OF LUDERITZ,NAMPORT,,2022-05-01,,https://www.namport.com.na/,"Port of Lüderitz, Hafen Street, Lüderitz, Karas Region, Namibia",,"-26.640556, 15.153889"
NAWVB,,WVB,WALVIS BAY BERTHS 1-8 (NAMPORT),NAMIBIAN PORTS AUTHORITY (NAMPORT),2024-12-09,2015-09-22,,https://www.namport.com.na/ports/welcome-to-the-port-of-walvis-bay/522/,"Port of Walvis Bay, Walvis Bay, Erongo Region, Namibia",,"-22.951111, 14.496667"
NAWVB,,NCT,WALVIS BAY NEW CONTAINER TERMINAL,TERMINAL INVESTMENT NAMIBIA (TIN),,2024-12-09,,https://www.namport.com.na/ports/welcome-to-the-port-of-walvis-bay/522/,"Atlantic Street, Walvis Bay 13013, Erongo Region, Namibia",,"-22.95, 14.485556"
NCNOU,,PON,PORT OF NOUMEA,PORT AUTONOME NOUVELLE CALEDONIE,,2022-01-19,,https://noumeaport.nc/,"18 Avenue James Cook, 98845 Noumea, New Caledonia",,"-22.264722, 166.433333"
NGAPP,,APMTER,APM TERMINALS APAPA,APM TERMINALS APAPA LTD.,2020-01-24,2015-10-09,,https://www.apmterminals.com/en/apapa,"Container Terminal, Apapa Quays, Apapa 102272, Lagos State, Nigeria",,"6.435833, 3.388333"
NGLKK,,LFTL,LEKKI FREEPORT TERMINAL LAGOS,LEKKI FREEPORT TERMINAL LAGOS,,2023-01-01,,https://lft-ng.com/,"Lagos Free Trade Zone, Itoke Village, Ibeju-Lekki 105101, Lagos State, Nigeria",,"6.427222, 4.005278"
NGONN,,OMT,ONNE MULTIPURPOSE TERMINAL (OMT),"INTERNATIONAL CONTAINER TERMINAL SERVICES, INC. (ICTSI)",,2022-01-19,,https://www.omt.ng/,"Federal Ocean Terminal Onne, Port Harcourt 500104, Rivers State, Nigeria",,"4.6675, 7.1525"
NGONN,,APMT,WEST AFRICA CONTAINER TERMINAL (WACT),APM TERMINALS,2022-01-19,2018-09-05,,https://www.apmterminals.com/en/onne,"Federal Ocean Terminal Onne, Port Harcourt 500104, Rivers State, Nigeria",,"4.6725, 7.153333"
NGPHC,,PTOL,PORTS AND TERMINAL OPERATORS (PTOL),PORTS AND TERMINAL OPERATORS NIG. LTD.,,2022-01-19,,https://www.ptolnigeria.com,"11/13 Industry Road by NPA roundabout, Port Harcourt 501101, Rivers State, Nigeria","Terminal A, berths 1-4","4.766389, 7.008056"
NGTIN,,FIVEST,FIVE STAR TERMINAL TIN CAN ISLAND (TERMINAL D),FIVE STAR (TIN CAN ISLAND),2020-12-01,2015-09-22,,https://www.fivestarlogisticsltd.com/,"Tin Can Island Port Complex, Terminal D, Apapa 102272, Lagos State, Nigeria","Terminal D, berths 9,10, RoRo","6.429722, 3.340833"
NGTIN,,TICT,TIN CAN ISLAND CONTAINER TERMINAL TICT (TERMINAL B),TIN CAN ISLAND TERMINAL LTD. / BOLLORE PORTS,2020-12-01,2015-09-22,,https://www.tict-ng.com/,"Tin Can Island Port Complex, Terminal B, Apapa 102272, Lagos State, Nigeria","Terminal B, berths 3,4,4A,5","6.4325, 3.3525"
NGTIN,,TCIPC,TIN CAN ISLAND PORT (TERMINAL C),PORTS & CARGO HANDLING SERVICES LTD.,,2020-12-01,,https://www.sifaxgroup.com/companies/ports-and-cargo-handling-services-limited/,"Tin Can Island Port Complex, Terminal C, 1st gate, Apapa 102272, Lagos State, Nigeria","Terminal C, berths 6,7,7A,8","6.431111, 3.346111"
NGTIN,,PTML,TIN CAN ISLAND PTML TERMINAL,PORTS & TERMINAL MULTISERVICES LTD.,,2022-01-19,,https://www.ptml-nigeria.com/,"Tin Can Island Port Complex, PMTL Terminal, Apapa 102272, Lagos State, Nigeria","New RoRo (BOT), berths 11,12","6.435, 3.333333"
NICIO,,EPN,PORT OF CORINTO,EMPRESA PORTUARIA NACIONAL,,2004-05-31,,https://www.epn.com.ni/index.php/puertos/comerciales/puerto-corinto,"Edificio La Portuaria, Corinto, Dpto. Chinandega, Nicaragua",,"12.4825, -87.167778"
NLALM,,CTTA,CTT ALMELO,COMBI TERMINAL TWENTE B.V.,,2023-10-17,,https://www.ctt-twente.nl/,"Columbus 7, 7609 RM Almelo, The Netherlands",,"52.322222, 6.630556"
NLAMS,,CTVA,CTVREDE AMSTERDAM,CTVREDE B.V.,,2024-03-01,,https://www.ctvrede.nl/,"Corsicaweg 8, Port number 5036A, 1044 AB Amsterdam, The Netherlands",,"52.403056, 4.818056"
NLAMS,,ACT,TMA TERMINAL AMSTERDAM,TMA LOGISTICS,2025-02-01,2009-03-20,,https://www.tmalogistics.nl/en/locations/tma-terminal-amsterdam/,"Ruijgoordweg 100, Port number 7991, 1047 HM Amsterdam, The Netherlands",,"52.421944, 4.766944"
NLHEN,,CTTH,CTT HENGELO,COMBI TERMINAL TWENTE B.V.,,2023-10-17,,https://www.ctt-twente.nl/,"Zuidelijke Havenweg 4, 7554 RR Hengelo, The Netherlands",,"52.247778, 6.785833"
NLMOE,,MCT,MOERDIJK CONTAINER TERMINALS (MCT),MOERDIJK CONTAINER TERMINALS BV (MCT),,2022-01-19,,https://www.cctmoerdijk.com/,"Middenweg 35, 4782 PM Moerdijk, The Netherlands",,"51.681111, 4.593611"
NLRTM,,NLMVII,APM TERMINALS ROTTERDAM MAASVLAKTE 2,APM TERMINALS,2019-11-18,2014-08-26,,https://www.apmterminals.com/en/maasvlakte,"Europaweg 910, Port number 8410, 3199 LC Maasvlakte Rotterdam, The Netherlands",,"51.954167, 4.003333"
NLRTM,,RTMB,BARGE CENTER WAALHAVEN (BCW),WAALHAVEN GROUP,2022-01-19,2005-02-23,,https://www.bargecenterwaalhaven.nl,"Waalhaven West Zijde 62, Port number 2503, 3089 KR Rotterdam, The Netherlands",,"51.881667, 4.435556"
NLRTM,,BDP,BROEKMAN DISTRIPORT,BROEKMAN DISTRIPORT BV,,2023-02-06,,https://www.broekmanlogistics.com/en/offices/rotterdam-broekman-distriport,"Mannheimweg 3, 3197 LR Botlek Rotterdam, The Netherlands",,"51.894444, 4.236111"
NLRTM,,CTTR,CTT ROTTERDAM,COMBI TERMINAL TWENTE B.V.,,2023-10-17,,https://www.ctt-twente.nl/,"Butaanweg 17, 3196 KC Vondelingenplaat Rotterdam, The Netherlands",,"51.893889, 4.368889"
NLRTM,,DBF,ECT DELTA BARGE FEEDER TERMINAL (DBF),HUTCHISON PORTS ECT ROTTERDAM,2024-08-20,2007-10-25,,https://www.ect.nl,"Europaweg 875, Port number 8200, 3199 LD Maasvlakte Rotterdam, The Netherlands",,"51.955556, 4.075"
NLRTM,,DDE,ECT DELTA DEDICATED EAST (DDE),HUTCHISON PORTS ECT ROTTERDAM,2024-08-20,2007-10-25,,https://www.ect.nl,"Europaweg 875, Port number 8200, 3199 LD Maasvlakte Rotterdam, The Netherlands",,"51.950278, 4.064167"
NLRTM,,DDN,ECT DELTA DEDICATED NORTH (DDN),HUTCHISON PORTS ECT ROTTERDAM,2024-08-20,2007-10-25,,https://www.ect.nl,"Europaweg 875, Port number 8200, 3199 LD Maasvlakte Rotterdam, The Netherlands",,"51.958889, 4.064722"
NLRTM,,DCD,ECT DELTA TERMINAL GATE,HUTCHISON PORTS ECT ROTTERDAM,2024-08-20,2016-06-02,,https://www.ect.nl,"Europaweg 875, Port number 8200, 3199 LD Maasvlakte Rotterdam, The Netherlands",Previously DELTA CONTAINER DIVISION (DCD).,"51.954583, 4.028639"
NLRTM,,EMX,ECT EUROMAX TERMINAL (EMX),HUTCHISON PORTS ECT ROTTERDAM,2024-08-20,2007-10-25,,https://www.ect.nl,"Maasvlakteweg 951, Port number 9830, 3199 LZ Maasvlakte Rotterdam, The Netherlands",,"51.974167, 4.038056"
NLRTM,,HPD2,HUTCHISON DELTA II ROTTERDAM,HUTCHISON PORTS DELTA II,,2022-01-19,,https://www.hutchisonportsdelta2.com/,"Coloradoweg 50, Port number 8203, 3199 LA Maasvlakte Rotterdam, The Netherlands",APM Terminals Rotterdam until 2021-05-31.,"51.9575, 4.045833"
NLRTM,,MATR,MATRANS ROTTERDAM TERMINAL,MATRANS ROTTERDAM TERMINAL,,2022-01-19,,https://www.matransrotterdamterminal.com,"Streefwaalseweg 15, Port number 2810, 3195 KN Pernis Rotterdam, The Netherlands",,"51.881667, 4.400833"
NLRTM,,RSN,QTERMINALS KRAMER ROTTERDAM CITY TERMINAL,QTERMINALS KRAMER ROTTERDAM,2024-03-01,2014-08-05,,https://www.Qterminals-KramerRotterdam.com,"Reeweg 35, Port number 2750, 3089 KM Rotterdam, The Netherlands",,"51.880278, 4.423611"
NLRTM,,RSC,RAIL SERVICE CENTER ROTTERDAM,RAIL SERVICE CENTER ROTTERDAM,2019-11-18,2008-11-19,,https://www.rscrotterdam.nl,"Albert Plesmanweg 200-210, 3088 GD Rotterdam, The Netherlands",,"51.872222, 4.428333"
NLRTM,,RBC,RBC TERMINAL ROTTERDAM,R.B.C. TERMINAL B.V.,,2022-06-01,,https://www.rbc-terminal.com/,"Westgeulstraat 6, Port number 4010, 3197 LD Botlek Rotterdam, The Netherlands",,"51.880556, 4.323611"
NLRTM,,KRM,ROTTERDAM CONTAINER TERMINAL (RCT) MAASVLAKTE,QTERMINALS KRAMER ROTTERDAM,2024-03-01,2014-08-05,,https://qterminals-kramerrotterdam.com/rotterdam-container-terminal-rct/,"Missouriweg 17, Port number 7220, 3199 LB Maasvlakte Rotterdam, The Netherlands",,"51.945833, 4.032778"
NLRTM,,RSZ,ROTTERDAM SHORT SEA TERMINAL (RST) SOUTH SIDE,ROTTERDAM SHORT SEA TERMINALS,2019-11-18,2014-08-05,,https://rstshortsea.nl,"Reeweg 35, Port number 2750, 3089 KM Rotterdam, The Netherlands",,"51.878056, 4.42"
NLRTM,,NLSBH,ROTTERDAM STEINWEG BEATRIXHAVEN,STEINWEG BEATRIXHAVEN,2019-11-18,2015-11-01,,https://netherlands.steinweg.com/en/beatrix-terminal/,"Den Hamweg 30, Port number 2732, 3089 KK Rotterdam, The Netherlands",,"51.883611, 4.413889"
NLRTM,,RWG,ROTTERDAM WORLD GATEWAY,ROTTERDAM WORLD GATEWAY,2019-11-18,2014-08-05,,https://www.rwg.nl,"Amoerweg 50, Port number 8970, 3199 KD Maasvlakte Rotterdam, The Netherlands",,"51.953333, 3.991111"
NLRTM,,UMTR,UNIPORT WAALHAVEN TERMINAL,UNIPORT MULTIPURPOSE TERMINALS B.V.,2019-11-18,2016-05-13,,https://www.uniport.nl,"Terminal Pier 5, 6 & 7 Waalhaven, Zaltbommelstraat 10, Port number 2530, 3089 JK Rotterdam, The Netherlands",,"51.889167, 4.427222"
NLRTM,,5049,WAALHAVEN BOTLEK TERMINAL (WBT),WAALHAVEN GROUP,2022-01-19,2005-08-24,,https://www.waalhavenbotlekterminal.nl/terminal/,"Nieuwesluisweg 268, Port number 5049, 3197 KV Rotterdam, The Netherlands",,"51.879722, 4.239722"
NLVLI,,KBV,KLOOSTERBOER VLISSINGEN B.V.,KLOOSTERBOER VLISSINGEN B.V.,,2018-01-22,,https://www.kloosterboer.com,"Finlandweg 10, Port number 4444, 4455 TE Nieuwdorp, The Netherlands",,"51.475, 3.707778"
NLVLI,,VZT,VERBRUGGE ZEELAND TERMINALS BV,VERBRUGGE ZEELAND TERMINALS BV,,2019-02-27,,https://www.verbruggeinternational.com/en/locations/zeeland-terminal-vlissingen-flushing,"Engelandweg 12, Port number 1054, 4389 PC Ritthem, The Netherlands",,"51.464167, 3.686667"
NLZAA,,CTVH,CTVREDE WESTZAAN,CTVREDE B.V.,2025-02-01,2024-03-01,,https://www.ctvrede.nl/,"Achterspring 1, 1551 NR Westzaan, The Netherlands",,"52.430556, 4.757778"
NOAES,,FLAT,BRING TERMINAL FLATHOLMEN ALESUND ,BRING CARGO AS,2024-10-11,2021-10-24,,https://www.bring.no/,"Flatholmen Havn 35, 6002 Aalesund, Norway",Terminal also has ro-ro ramp and harbour crane.,"62.479444, 6.191944"
NOAES,,FRI,FRIGOCARE TERMINAL ALESUND,FRIGOCARE ALESUND AS,2024-10-11,2022-05-01,,https://frigocare.com/,"Breivika Industriveg 31, 6018 Aalesund, Norway",,"62.474167, 6.343056"
NOAES,,SKUTVI,SKUTVIKA TERMINAL ALESUND,TYRHOLM & FARSTAD AS,2024-10-11,2015-03-25,,https://www.tyrholm.no/terminal-lager,"Nedre Strandgate 61, 6005 Aalesund, Norway",,"62.468611, 6.1375"
NOAES,,FLTF,TYRHOLM & FARSTAD TERMINAL FLATHOLMEN ALESUND,TYRHOLM & FARSTAD AS,,2024-10-11,,https://www.tyrholm.no/terminal-lager,"Flatholmen 11, 6002 Aalesund, Norway",,"62.481667, 6.191667"
NOBGO,,BDV,BERGEN DOKKEN VEST,GREENPORT SERVICES AS / WESTPORT BERGEN AS,,2022-02-01,,https://bergenhavn.no/,"O. J. Brochs gate, 5006 Bergen, Norway",,"60.386111, 5.313056"
NOBVK,,NSB,NORTH SEA TERMINAL BREVIK,DFDS LOGISTICS,,2021-10-24,,https://www.dfds.com/nb-no/sjoefrakt/terminaltjenester/brevik-terminal,"Tangenvegen 40, 3950 Brevik, Norway",,"59.065, 9.698611"
NODRM,,DRMT,DRAMMEN TERMINAL,DRAMMEN HAVN AS,,2024-10-11,,https://drammenhavn.no/,"Kjerraten 21, 3013 Drammen, Norway",,"59.7375, 10.238056"
NOEGE,,KAUP,KAUPANES TERMINAL EGERSUND,ERVIK SHIPPING AS,,2022-01-19,,https://ervikship.no/,"Kaupanesveien 50, 4370 Egersund, Norway",,"58.441389, 5.983889"
NOEYD,,ATS,EYDEHAVN CONTAINER TERMINAL,ARENDAL TERMINAL SERVICE AS,,2025-02-10,,https://atsterminal.no/,"Kristen Staksnæs vei 61, 4810 Eydehavn, Norway",,"58.495556, 8.876667"
NOFRK,,OERK,BORG HAVN FREDRIKSTAD-OERA,BORG HAVN IKS,2020-02-29,2007-11-10,,https://www.borg-havn.no/gods-fredrikstad/,"Øraveien 27, 1630 Gamle Fredrikstad, Norway",,"59.182778, 10.954167"
NOFRO,,FUGL,FLORO FUGLESKJAERSKAIA,K. JANSEN AS,,2022-01-19,,https://k-jansen.no/,"Fugleskjærsgata 12, 6900 Florø, Norway",,"61.601389, 5.024444"
NOFUS,,FUSA,FUSA TERMINAL,FRAMO AS,2022-03-01,2022-01-19,,https://www.framo.com/About-Framo/location/framo-fusa/,"Venjanesvegen, 5641 Fusa, Norway",,"60.203611, 5.599444"
NOGJM,,HOGT,HOGSET TERMINAL,HOGSET TERMINALEN AS,,2022-01-19,,https://www.hogsetterminalen.no/,"Ikornesvegen 6, 6633 Gjemnes, Norway",,"62.969167, 7.732778"
NOHAU,,HCT,HAUGESUND CONTAINER TERMINALS HUSOY,HAUGESUND STEVEDORING AS,,2021-10-24,,https://karmsundhavn.no/forretningsomrader/haugesund-cargo-terminals/,"Husøyvegen 250, 4262 Avaldsnes, Norway",,"59.338889, 5.310556"
NOIKR,,IKR,IKORNNES TERMINAL,EKORNES AS,,2025-06-18,,https://www.ekornes.com/,"Industrivegen 1, 6222 Ikornnes, Norway",,"62.386389, 6.557778"
NOKRS,,KRSCT,KRISTIANSAND CONTAINER TERMINAL,GREENCARRIER FREIGHT SERVICES / SEAFRONT PORT SERVICES AS,,2022-01-19,,https://www.portofkristiansand.no/,"Vestre Strandgate 19, 4611 Kristiansand, Norway",,"58.141111, 7.992778"
NOLAR,,NOLCT,LARVIK CONTAINER TERMINAL,GREENPORT SERVICES AS,2022-01-19,2006-01-30,,https://larvik.havn.no/en/,"Revet 2, 3263 Larvik, Norway",,"59.038889, 10.041111"
NOMAY,,TCT,BRING TROLLEBOE CONTAINER TERMINAL (TCT),"BRING CARGO AS, AVD MALOY",,2022-03-01,,https://www.bring.no/,"Ulvesundvegen, 6718 Deknepollen, Norway",,"61.938889, 5.141111"
NOMAY,,ICT,INTERCOM TERMINAL MALOY,"BRING CARGO AS, AVD MALOY",,2021-11-01,,https://www.bring.no/,"Gate 1, 6700 Måløy, Norway",,"61.939167, 5.121944"
NOMQN,,MKT,MO I RANA KOMBI TERMINAL,MO I RANA HAVN KF,,2025-02-10,,https://www.moiranahavn.no/,"Terminalveien 11, 8624 Mo i Rana, Norway",,"66.306111, 14.115556"
NOMSS,,MCT,MOSS CONTAINER TERMINAL,WESTPORT MOSS AS,2025-01-14,2009-09-28,,https://www.moss-havn.no/en-GB/Portarea/ports,"Strandgata 10, 1531 Moss, Norway",,"59.426944, 10.657222"
NOORK,,ORKLA,ORKANGER CONTAINER TERMINAL,ORKLA SHIPPING & TRADING AS,,2021-11-01,,https://trondheimhavn.no/havn/orkanger/,"Industrihavnveien 66, 7300 Orkanger, Norway",,"63.3175, 9.846944"
NOOSL,,NSF,FILIPSTAD QUAY,NORSTEVE AS,2020-02-29,2008-01-16,,https://www.oslohavn.no/no/meny/tjenester/kart-over-oslo-havn/,"Filipstadveien 10, 0250 Oslo, Norway",,"59.907222, 10.715278"
NOOSL,,SCT,SJURSOYA SOUTH QUAY,YILPORT OSLO A/S,2020-02-29,2008-01-16,,https://www.yilport.com/en/ports/default/Oslo-Norway-Nordic-Terminals/86/0/0,"Sjursøya 9, 0193 Oslo, Norway",,"59.886389, 10.752222"
NOSAT,,SALT,SALTEN TERMINAL,SALTEN HAVNESERVICE AS,,2022-01-19,,https://saltenhavneservice.no/,"Straumen gnr 57, 8226 Salten, Norway",,"67.365833, 15.588056"
NOSVE,,EBS,ELKEM BREMANGER TERMINAL,ELKEM BREMANGER,,2022-05-01,,https://www.elkem.com/about-elkem/our-plants-and-locations/worldwide-presence/elkem-bremanger/,"Smelteverk, gnr 37 Bnr 9, 6723 Svelgen, Norway",,"61.773333, 5.294444"
NOTAE,,RIS,WESTPORT TERMINAL RISAVIKA,RISAVIKA TERMINAL AS,2020-04-01,2015-03-25,,https://westport.no/,"Kontinentalveien 19, 4056 Tananger, Norway",,"58.919444, 5.586667"
NZAKL,,PABW,PORTS OF AUCKLAND BLEDISLOE WHARF,PORTS OF AUCKLAND LIMITED,,2004-05-31,,https://www.poal.co.nz/,"Tinley Street, Auckland 1010, New Zealand","Berths B1,B2,B3","-36.841667, 174.7725"
NZAKL,,PAFW,PORTS OF AUCKLAND FERGUSSON WHARF,PORTS OF AUCKLAND LIMITED,,2004-05-31,,https://www.poal.co.nz/,"Tamaki Street, Auckland 1010, New Zealand","Berths FX,FY,FZ","-36.840833, 174.783333"
NZAKL,,PAGW,PORTS OF AUCKLAND GENERAL WHARF,PORTS OF AUCKLAND LIMITED,,2004-05-31,,https://www.poal.co.nz/,"Sunderland Street, Auckland 1010, New Zealand",,"-36.8425, 174.779167"
NZBLU,,BHCT,BLUFF HARBOUR CONTAINER TERMINAL,SOUTH PORT NEW ZEALAND LTD,,2022-01-19,,https://southport.co.nz/,"Island Harbour, 251 Foreshore Road, Bluff 9814, New Zealand",,"-46.593333, 168.335"
NZLYT,,LPC,LYTTELTON PORT COMPANY,LYTTELTON PORT COMPANY LIMITED,,2004-05-31,,https://www.lpc.co.nz/,"Cashin Quay, Lyttelton 8082, New Zealand",,"-43.608889, 172.728333"
NZMAP,,NPT,NORTHPORT TERMINAL,NORTHPORT LIMITED,,2022-01-19,,https://www.northport.co.nz/,"21 Ralph Trimmer Drive, Marsden Point 0171, New Zealand",,"-35.833333, 174.488056"
NZNPE,,NPENZ,NAPIER PORT,PORT OF NAPIER LTD.,2020-01-03,2005-08-02,,https://www.napierport.co.nz/,"818 Breakwater Road, Bluff Hill, Napier 4110, New Zealand",,"-39.475278, 176.916944"
NZNPL,,PTAR,PORT TARANAKI,PORT TARANAKI LTD.,,2014-07-10,,https://www.porttaranaki.co.nz/,"2/8 Bayly Road, Port Taranaki, New Plymouth 4340, New Zealand",,"-39.056944, 174.034167"
NZNSN,,PNEL,PORT NELSON,PORT NELSON LTD.,,2014-07-10,,https://www.portnelson.co.nz/,"8 Vickerman Street, Port Nelson, Nelson 7040, New Zealand",,"-41.261389, 173.271111"
NZPOE,,POOT,PORT CHALMERS,PORT OTAGO LTD.,2020-01-03,2014-02-06,,https://www.portotago.co.nz/marine-and-shipping/berth-facilities/,"15 Beach Street, Port Chalmers 9023, New Zealand",,"-45.8125, 170.625833"
NZTIU,,PTIM,PRIMEPORT TIMARU,PRIMEPORT TIMARU LTD.,2020-12-01,2014-07-10,,https://www.primeport.co.nz/home,"Maritime House, 1 Marine Parade, Timaru 7910, New Zealand","Wharfs 1,1X,2,3. Only for bulk and general cargo.","-44.393333, 171.258056"
NZTIU,,TCTL,TIMARU CONTAINER TERMINAL,PORT OF TAURANGA LTD.,,2020-12-01,,https://www.timarucontainerterminal.co.nz/,"North Mole Central, Marine Parade, Timaru 7910, New Zealand","North Mole Wharf, Inner and Outer Berths.","-44.388611, 171.256389"
NZTRG,,MMP,MOUNT MAUNGANUI PORT,PORT OF TAURANGA LTD.,2020-01-03,2004-05-31,,https://www.port-tauranga.co.nz/,"2 Salisbury Avenue, Mount Maunganui, Tauranga 3116, New Zealand",,"-37.644722, 176.182222"
NZTRG,,TRGCT,TAURANGA CONTAINER TERMINAL (SULPHUR POINT),PORT OF TAURANGA LTD.,2020-01-03,2005-08-03,,https://www.port-tauranga.co.nz/,"66 Mirrielees Road, Sulphur Point, Tauranga 3110, New Zealand",,"-37.6625, 176.174722"
NZWLG,,CPW,CENTREPORT WELLINGTON,CENTREPORT WELLINGTON,,2014-10-27,,https://www.centreport.co.nz/,"1 Hinemoa Street, Harbour Quays, Wellington 6011, New Zealand",,"-41.278889, 174.789444"
OMDQM,,ACTD,ASYAD CONTAINER TERMINAL DUQM,ASYAD PORTS,,2024-08-20,,https://www.portofduqm.om/,"Port of Duqm, Duqm 700, Sultanate of Oman",,"19.676111, 57.726111"
OMSLL,,APMT,APM TERMINALS SALALAH,APM TERMINALS,,2018-10-05,,https://www.apmterminals.com/en/salalah,"Port of Salalah, Salalah 211, Sultanate of Oman",,"16.941389, 53.995278"
OMSOH,,OICT,OMAN INTERNATIONAL CONTAINER TERMINAL (OICT),HUTCHISON PORTS SOHAR,2024-08-20,2015-06-15,,https://www.oict.com.om/index.php,"Terminal C, Sohar Port and Free zone, PO Box 82, Sohar 327, Sultanate of Oman",,"24.515, 56.609444"
PABLB,,PPCBL,PPC CONTAINER TERMINAL BALBOA,HUTCHISON PORTS PPC,2020-08-01,2004-05-31,,https://www.ppc.com.pa/,"Av. Arnulfo Arias Madrid 1501, Balboa, Panamá, Provincia de Panamá, Panama",,"8.96, -79.566667"
PACTB,,PCPPC,PPC CONTAINER TERMINAL CRISTOBAL,HUTCHISON PORTS PPC,2020-08-01,2004-05-31,,https://www.ppc.com.pa/,"Calle 11a, Cristóbal, Colón, Provincia de Colón, Panama",,"9.354167, -79.908889"
PAMIT,,MIT,MANZANILLO INTERNATIONAL TERMINAL (MIT),MANZANILLO INTERNATIONAL TERMINAL PANAMA S.A.,2020-08-01,2004-05-31,,https://www.mitpan.com/en/,"Ave. Molten, Coco Solo Sur, Colón, Provincia de Colón, Panama",,"9.360833, -79.883333"
PAONX,,CCT,COLON CONTAINER TERMINAL (CCT),COLON CONTAINER TERMINAL S.A.,,2020-10-01,,https://www.cct-pa.com/,"Ave. Randolph, Coco Solo Norte, Colón, Provincia de Colón, Panama",,"9.373611, -79.888889"
PAPAM,,PAM,PUERTO ALMIRANTE (AMP),AUTORIDAD MARITIMA DE PANAMA,,2025-02-01,,https://www.amp.gob.pa/,"Puerto Almirante, Almirante, Provincia de Bocas del Toro, Panama",,"9.288056, -82.390833"
PAROD,,PPIT,PSA PANAMA INTERNATIONAL TERMINAL (PPIT),PSA PANAMA INTERNATIONAL TERMINAL S.A.,2020-08-01,2004-05-31,,https://www.psa.com.pa/,"Antigua Estación Naval de Rodman, Cocoli, Arraiján, Provincia de Panamá Oeste, Panama",,"8.958056, -79.575556"
PECHY,,CSP,CSP CHANCAY CONTAINER TERMINAL,COSCO SHIPPING PORTS CHANCAY PERU S.A.,,2024-12-09,,https://coscochancay.pe/,"Calle Marítimo 102-104, 15131 Chancay - Huaral, Lima, Peru",,"-11.593333, -77.277778"
PECLL,,APMCLL,APM TERMINALS CALLAO,APM TERMINALS CALLAO S.A.,2020-01-24,2015-02-23,,https://www.apmterminals.com/en/callao,"Av. Contralmirante Raygada 111, 07021 Callao, Callao, Peru",,"-12.045, -77.144167"
PECLL,,DPCLL,DP WORLD CALLAO,DP WORLD CALLAO S.R.L.,,2004-05-31,,https://www.dpworld.com/en/peru,"Av. Manco Cápac 113, 07021 Callao, Callao, Peru",,"-12.054167, -77.149444"
PEPAI,,TPE,TERMINALES PORTUARIOS EUROANDINOS PAITA (TPE),TERMINALES PORTUARIOS EUROANDINOS PAITA S.A. (TPE) (YILPORT HOLDING INC. / DP WORLD),,2004-05-31,,https://www.puertopaita.com/,"Jr. Ferrocarril 127, 20721 Paita, Piura, Peru",,"-5.081944, -81.108611"
PEPIO,,PDP,PUERTO DE PARACAS,"TERMINAL PORTUARIO PARACAS, S.A.",,2025-02-01,,https://www.pdparacas.com.pe/,"Carretera Punta Pejerrey Km 39, 11550 Paracas - Pisco, Ica, Peru",Also known as Terminal Portuario General San Martin,"-13.803056, -76.291111"
PFPPT,,POPA,PORT OF PAPEETE,PORT AUTONOME DE PAPEETE,,2004-05-31,,https://www.portdepapeete.pf/,"Rte de Motu Uta, Papeete 98714, French Polynesia",,"-17.537222, -149.576111"
PGGUR,,PALO,PORT OF ALOTAU,PNG PORTS CORPORATION LIMITED,,2025-02-01,,https://www.pngports.com.pg/index.php/component/sppagebuilder/page/47,"Alotau Port, Alotau, Milne Bay Province, Papua New Guinea",,"-10.315833, 150.455556"
PGKIM,,PKIM,KIMBE PORT,PNG PORTS CORPORATION LIMITED,,2025-02-01,,https://www.pngports.com.pg/index.php/component/sppagebuilder/page/51,"New Britain Hwy, Kimbe, West New Britain Province, Papua New Guinea",,"-5.549167, 150.1475"
PGLAE,,BTL,BISMARK TERMINAL LAE,BISMARK MARITIME LIMITED,,2025-02-10,,https://bismark.com.pg/,"Montoro Street, Lae, Morobe Province, Papua New Guinea",,"-6.741944, 146.99"
PGLAE,,LMW,LAE MAIN WHARF,PNG PORTS CORPORATION LIMITED,,2025-02-10,,https://www.pngports.com.pg/,"Mangola Street, Lae, Morobe Province, Papua New Guinea",,"-6.740833, 146.984444"
PGLAE,,SPICT,SOUTH PACIFIC INTL CONTAINER TERMINAL (SPICT) LAE,"SOUTH PACIFIC INTERNATIONAL CONTAINER TERMINAL, LTD. (SPICT)",2023-01-01,2022-01-19,,https://www.ictsispl.com/south-pacific-international-container-terminal,"Lae Tidal Basin, International Wharf, Bumbu Road, Lae, Morobe Province, Papua New Guinea",,"-6.733889, 146.978611"
PGMAG,,PMAG,PORT OF MADANG,PNG PORTS CORPORATION LIMITED,,2025-02-01,,https://www.pngports.com.pg/index.php/component/sppagebuilder/page/52,"Main Wharf, Modilon Rd, Madang, Madang Province, Papua New Guinea",,"-5.208333, 145.800556"
PGPOM,,MIT,MOTUKEA INTERNATIONAL TERMINAL (MIT),MOTUKEA INTERNATIONAL TERMINAL LTD. (MIT),,2022-01-19,,https://www.ictsispl.com/motukea-international-terminal,"Porebada Road, 121, Port Moresby, NCD, Papua New Guinea",,"-9.428056, 147.113333"
PGRAB,,PRAB,RABAUL PORT,PNG PORTS CORPORATION LIMITED,,2025-02-01,,https://www.pngports.com.pg/index.php/component/sppagebuilder/page/55,"Blance St, Rabaul, East New Britain Province, Papua New Guinea",,"-4.200833, 152.167222"
PGWWK,,PWWK,PORT OF WEWAK,PNG PORTS CORPORATION LIMITED,,2025-02-01,,https://www.pngports.com.pg/index.php/component/sppagebuilder/page/56,"Wewak Port, Wewak, East Sepik Province, Papua New Guinea",,"-3.568889, 143.6475"
PHBCD,,BPB,BREDCO PORT BACOLOD,BACOLOD REAL ESTATE DEVELOPMENT CORP. (BREDCO),,2025-02-10,,https://bredcoport.com/,"Bredco Port Reclamation Area, Bacolod 6100, Negros Occidental, Philippines",,"10.6825, 122.940556"
PHBTG,,BCT,BATANGAS CONTAINER TERMINAL,ASIAN TERMINALS INC.,,2022-01-19,,https://www.asianterminals.com.ph/ati_batangasport.aspx,"Batangas Port Phase 2, Barangay Santa Clara, Batangas City 4200, Batangas, Philippines",Batangas Port Phase 2,"13.760833, 121.043333"
PHCEB,,CIP,CEBU INTERNATIONAL PORT,CEBU INTERNATIONAL PORT,2020-01-24,2015-06-12,,https://www.cpa.gov.ph/home,"Quezon Blvd, Subangdaku, Mandaue City 6014, Cebu, Philippines",,"10.309167, 123.923889"
PHCEB,,CSHCT,CEBU SOUTH HARBOR & CONTAINER TERMINAL (CSHCT),CEBU SOUTH HARBOR & CONTAINER TERMINAL CORPORATION,,2024-08-20,,,"Bienvenido St, Barangay San Roque, Talisay 6045, Cebu, Philippines",,"10.251944, 123.871389"
PHCGY,,MACA,MACABALAN WHARF CAGAYAN DE ORO,PHILIPPINES PORT AUTHORITY,2025-02-01,2023-01-01,,http://www.pmocdo.ppa.com.ph/,"PMO Building 2, Gate 5, Port Area, Cagayan de Oro 9000, Misamis Oriental, Philippines",,"8.494722, 124.6625"
PHDVO,,DICT,DAVAO INTERNATIONAL CONTAINER TERMINAL (DICT),DAVAO INTERNATIONAL CONTAINER TERMINAL CORP. (DICT),,2022-01-19,,https://www.dict.com.ph/,"Panabo Wharf Rd, Barangay San Pedro, Panabo City 8105, Davao del Norte, Philippines",,"7.294444, 125.716389"
PHDVO,,ILANG,ILANG TERMINAL DAVAO (TEFASCO),TERMINAL FACILITIES AND SERVICES CORPORATION (TEFASCO),,2022-01-19,,https://www.tefasco.net/,"Door 1, ILAIECO Bldg, Barangay Ilang, Davao City 8000, Davao del Sur, Philippines",,"7.171944, 125.656111"
PHDVO,,KTC,KTC CONTAINER TERMINAL,KTC CONTAINER TERMINAL CORPORATION,,2022-01-19,,https://ktcport.com/,"Km 20 Davao-Agusan Road, Buhisan, Tibungco, Davao City 8000, Davao del Sur, Philippines",,"7.209444, 125.649722"
PHDVO,,KUD,KUDOS PORT DAVAO,KUDOS TRUCKING CORPORATION,,2022-05-01,,,"Km 13 Davao City-Panabo City Road, Kudos Port, Barangay Panacan, Davao City 8000, Davao del Sur, Philippines",,"7.145556, 125.663333"
PHDVO,,SASA,SASA WHARF PORT OF DAVAO,GLOBALPORT TERMINALS INC. (GTI),2024-12-09,2022-01-19,,https://globalports.com.ph/,"Km 10 Davao City-Panabo City Road, Sasa Wharf, Barangay Sasa, Davao City 8000, Davao del Sur, Philippines",,"7.128889, 125.663333"
PHGES,,MAKAR,MAKAR WHARF GENERAL SANTOS (SCIPSI),"SOUTH COTABATO INTEGRATED PORT SERVICES, INC. (SCIPSI)",,2022-01-19,,https://www.ictsi.com/our-offering/our-terminals/south-cotabato-integrated-port-services-inc,"Makar Wharf, Port of General Santos, General Santos City 9500, South Cotabato, Philippines",,"6.093611, 125.158056"
PHILO,,VCT,VASAYAS CONTAINER TERMINAL ILOILO,"INTERNATIONAL CONTAINER TERMINAL SERVICES, INC. (ICTSI)",,2025-02-01,,https://www.ictsi.com/our-offering/our-terminals/visayas-container-terminal,"VCT Admin Building, Baseport, Iloilo Commercial Port Complex, Barangay Loboc-Lapuz, Iloilo City 5000, Iloilo, Philippines",,"10.706667, 122.593889"
PHMNL,,MIC,MANILA INTERNATIONAL CONTAINER TERMINAL (MICT),"INTERNATIONAL CONTAINER TERMINAL SERVICES, INC. (ICTSI)",2020-01-24,2015-06-12,,https://www.mict.com.ph/,"MICT South Access Road, Port of Manila, Manila 1012, National Capital Region, Philippines",,"14.601111, 120.954444"
PHMNL,,NHDP,NORTH HARBOR DOMESTIC PORT,PORT OF MANILA,2020-01-24,2015-06-12,,https://www.northport.ph/,"Manila North Harbor, Tondo, Manila 1013, National Capital Region, Philippines",,"14.615833, 120.956944"
PHMNL,,ATI,SOUTH HARBOR CONTAINER TERMINAL,ASIAN TERMINALS INC.,2020-01-24,2005-09-19,,https://www.asianterminals.com.ph/ati_containerterminal.aspx,"Gate 4, Muelle de San Francisco, South Harbour, Port Area, Manila 1018, National Capital Region, Philippines",,"14.586389, 120.966944"
PHSFS,,SBIT,SUBIC BAY INTERNATIONAL TERMINAL (SBIT),SUBIC BAY INTERNATIONAL TERMINAL CORP. (SBITC),,2022-01-19,,https://www.sbitc.ph/,"San Bernardino Road, Subic Port District, Subic Bay Freeport Zone, Olongapo City 2222, Zambales, Philippines",,"14.803056, 120.265"
PHTGO,,MCT,MINDANAO CONTAINER TERMINAL (MCT),"MINDANAO INTERNATIONAL CONTAINER TERMINAL SERVICES, INC. (MICTSI)",,2022-01-19,,https://www.mictsi.com/,"Phividec Industrial Estate, Tagoloan 9001, Misamis Oriental, Philippines",,"8.522222, 124.748333"
PKBQM,,QICT,QASIM INTERNATIONAL CONTAINER TERMINAL (QICT),QASIM INTERNATIONAL CONTAINER TERMINAL PAKISTAN LTD,2020-01-24,2005-09-19,,https://www.dpworld.com/en/pakistan,"Berths 5-7, Marginal Wharves, Port Muhammad Bin Qasim. PO Box 6425, Karachi 75020, Pakistan",,"24.764444, 67.327778"
PKKHI,,KICT,KARACHI INTERNATIONAL CONTAINER TERMINAL (KICT),KARACHI INTERNATIONAL CONTAINER TERMINAL,,2004-05-31,,https://www.kictl.com/,"Administration Building, Berths 26-30, Dockyard Road, West Wharf, Karachi 74000, Pakistan",,"24.835833, 66.975278"
PKKHI,,PICT,PAKISTAN INTERNATIONAL CONTAINER TERMINAL (PICT),PAKISTAN INTERNATIONAL CONTAINER TERMINAL LIMITED,,2004-05-31,,https://pict.com.pk/,"Berths 6-9, East Wharf, Karachi Port, Karachi 75620, Pakistan",,"24.825556, 66.975"
PKKHI,,SAPT,SOUTH ASIA PAKISTAN TERMINAL (SAPT),SOUTH ASIA PAKISTAN TERMINAL LTD.,,2021-03-01,,https://www.sapt.com.pk/,"No. 1 Container Port Road, Keamari South, Karachi 75620, Pakistan",,"24.804722, 66.984444"
PLGDN,,DCT,DEEPWATER CONTAINER TERMINAL,DCT GDANSK SA,,2019-05-20,,https://dctgdansk.pl/,"ul. Kontenerowa 7, 80-601 Gdansk, Poland",,"54.383611, 18.715833"
PLGDN,,PLGDA,GDANSKI TERMINAL KONTENEROWY (GTK),PORT OF GDANSK CARGO LOGISTICS SA,2020-02-29,2006-01-16,,https://www.pge.pl/,"Chodackiego 23, 80-555 Gdansk, Poland",Szczecinskie Quay,"54.381944, 18.653333"
PLGDY,,PLBCT,BALTIC CONTAINER TERMINAL GDYNIA (BCT),BALTIC CONTAINER TERMINAL GDYNIA (BCT),2020-02-29,2006-01-27,,https://www.bct.gdynia.pl/en,"Eugeniusza Kwiatkowskiego 60, 81-127 Gdynia, Poland",,"54.544444, 18.511389"
PLGDY,,PLGCT,GDYNIA CONTAINER TERMINAL (GCT),GDYNIA CONTAINER TERMINAL S.A. / HUTCHISON PORTS GDYNIA,2020-02-29,2012-06-01,,https://www.gct.pl/en/,"ul. Energetyków 5, 81-184 Gdynia, Poland",,"54.542778, 18.507778"
PLSZZ,,DPSZ,SZCZECIN CONTAINER TERMINAL,DB PORT SZCZECIN,2020-02-29,2006-01-16,,https://portszczecin.deutschebahn.com/dbportszczecin-en,"Stanislawa Hryniewieckiego 8, 70-606 Szczecin, Poland",,"53.428333, 14.585556"
PRSJU,,IGT,ISLA GRANDE TERMINAL,CROWLEY LOGISTICS,,2025-02-25,,https://www.crowley.com/logistics/,"Calle Lindbergh, Isla Grande Airport, San Juan, PR 00902, Puerto Rico",,"18.45, -66.1"
PRSJU,,LACS,LUIS AYALA COLON TERMINAL,PUERTO NUEVO TERMINALS (PNT),2025-02-25,2016-05-19,,https://pntpr.com/,"Puerto Nuevo Port Zone, San Juan, PR 00920, Puerto Rico","Puerto Nuevo Terminals (PNT) is a joint venture between Luis Ayala Colon (south side, intl. berths C-H) and Puerto Rico Terminals (north side, domestic berths J-M).","18.431944, -66.099722"
PRSJU,,PRT,PUERTO RICO TERMINALS (PRT),PUERTO NUEVO TERMINALS (PNT),,2025-02-25,,https://pntpr.com/,"Pier M Zona Portuaria, C Avenue, San Juan, PR 00920, Puerto Rico","Puerto Nuevo Terminals (PNT) is a joint venture between Luis Ayala Colon (south side, intl. berths C-H) and Puerto Rico Terminals (north side, domestic berths J-M).","18.436111, -66.092778"
PTCNL,,CSP,CANICAL PORT MADEIRA,"ADMINISTRACAO DOS PORTOS DA REGIAO AUTONOMA DA MADEIRA, SA",2020-02-29,2005-10-17,,http://www.apram.pt/site/index.php/en/ports/caracteristicas/port-of-canical,"R. do Porto Caniçal, 9200-041 Caniçal, Portugal",,"32.736667, -16.733333"
PTFDF,,LISC,FIGUEIRA DA FOZ TERMINAL,YIPLORT HOLDING INC.,2020-02-29,2004-05-17,,https://www.yilport.com/en/ports/default/Figueira-Da-Foz-Portugal/112/0/0,"Cais Comercial Da Figueira Da Foz, 3080-183 Figueira Da Foz, Portugal",,"40.146944, -8.8475"
PTFNC,,APRAM,FUNCHAL PORT MADEIRA,"ADMINISTRACAO DOS PORTOS DA REGIAO AUTONOMA DA MADEIRA, SA",2020-02-29,2004-05-17,,http://www.apram.pt/site/index.php/en/ports/caracteristicas/port-of-funchal,"Gare Marítima do Porto do Funchal, 9004-518 Funchal, Portugal","Not a commercial port, is mainly for cruise ships. But has one RORO pier.","32.641944, -16.908889"
PTLEI,,TCLA,LEIXOES CONTAINER TERMINAL,"TERMINAL DE CONTENTORES DE LEIXOES, SA / YILPORT HOLDING INC.",2024-10-11,2009-12-08,,http://www.tcl-leixoes.pt/pt/terminais/,"Rua Mouzinho de Albuquerque 13, 4450-204 Matosinhos, Portugal","North terminal (mainly for island feeders) at N41°11'07"" W008°42'04"" and south terminal at N41°11'36"" W008°41'06"" are connected by an internal road.","41.193333, -8.685"
PTLIS,,TMB,BEATO MULTIPURPOSE TERMINAL (TMB),TERMINAL MULTIUSOS DO BEATO (TMB),2020-02-29,2004-05-17,,http://www.tmb.pt/?lang=en,"Rua Cintura do Porto de Lisboa, Armazém 20 - 2º Piso, 1950-015 Lisbon, Portugal",,"38.731389, -9.104167"
PTLIS,,OLIS,LISBON MULTIPURPOSE TERMINAL (TML),"OPERLIS, SA",2020-02-29,2004-05-17,,https://www.terminal-tsa.pt/,"Terminal Multipurpose de Lisboa, Rua da Cintura do Porto, nº 10, 1900-264 Lisbon, Portugal",,"38.720833, -9.113611"
PTLIS,,LISC,LISCONT CONTAINER TERMINAL,YILPORT HOLDING INC.,2020-02-29,2004-05-17,,https://www.yilport.com/en/ports/default/Liscont-Portugal/111/0/0,"Terminal de Contentores de Alcantara Sul, 1399-002 Lisbon, Portugal","Also known as ""ALCANTARA CONTAINER TERMINAL (TCA)"".","38.699167, -9.168611"
PTLIS,,SOTA,SANTA APOLONIA CONTAINER TERMINAL (TCSA),"SOTAGUS, SA",2020-02-29,2004-05-17,,https://www.yilport.com/en/ports/default/Sotagus-Portugal/113/0/0,"Rua Cintura do Porto de Lisboa, Edifício TCSA, 1900-264 Lisbon, Portugal",,"38.725833, -9.106944"
PTPDL,,PODE,PORT OF PONTA DELGADA,"PORTOS DOS ACORES, SA",,2022-03-01,,https://portosdosacores.pt/portos/porto-de-ponta-delgada/,"Cais Comercial do Porto de Ponta Delgada, P.O. Box 236, 9500-903 Ponta Delgada, Portugal",,"37.734722, -25.664444"
PTPXO,,APRAM,PORTO SANTO PORT,"ADMINISTRACAO DOS PORTOS DA REGIAO AUTONOMA DA MADEIRA, SA",2020-02-29,2004-05-17,,https://www.apram.pt/,"R. do Porto do Porto Santo, 9400-045 Porto Santo, Portugal",,"33.058611, -16.312222"
PTSET,,APSS,MULTI PURPOSE TERMINAL 1 - TERSADO,ADMINISTRACAO DOS PORTOS DE SETUBAL E SESIMBRA,2020-02-29,2004-05-17,,https://www.portodesetubal.pt/setubal/pagina/48/terminal-multiusos-zona-1-tersado,"Terminal Multiusos do Porto de Setúbal, Zona 1, Av. Baía de Setúbal, 2910-793 Setúbal, Portugal",,"38.518889, -8.880278"
PTSET,,SADOP,MULTI PURPOSE TERMINAL 2 - SADOPORT,SADOPORT - TERMINAL MARITIMO DO SADO S.A.,2020-02-29,2010-11-23,,https://www.portodesetubal.pt/setubal/pagina/49/terminal-multiusos-zona-2-sadoport,"Terminal Multiusos do Porto de Setúbal, Zona 2, Av. Baía de Setúbal, 2910-793 Setúbal, Portugal",,"38.513889, -8.871944"
PTSIE,,SCT,SINES CONTAINER TERMINAL,SINES CONTAINER TERMINAL,2020-02-29,2004-05-17,,https://www.apsinesalgarve.pt/portos/porto-de-sines/,"Administracao dos Portos de Sines e do Algarve, SA Apartado 16, EC Sines, 7521-953 Sines, Portugal",,"37.933056, -8.846667"
PWROR,,POPT,PORT OF PALAU TERMINAL KOROR (BTTC),BELAU TRANSFER AND TERMINAL COMPANY (BTTC),,2025-01-14,,https://belautransfer.com/,"Main St., Malakal, Koror, PW 96940, Palau",,"7.331111, 134.4575"
PYASU,PYBCM,CCPMI,PUERTO CAACUPE-MI ASUNCION,SAN FRANCISCO S.A.,2019-11-18,2017-04-27,,https://www.caa.com.py,"Caballero, Asunción 001501, Asunción, Paraguay",,"-25.225833, -57.572222"
PYASU,PYFNX,PFNX,PUERTO FENIX,PUERTO Y ESTIBAJES S.A.,2020-01-03,2017-04-27,,https://www.puertofenix.com.py,"Mariano Roque Alonso, Asunción 111022, Asunción, Paraguay",,"-25.223611, -57.569167"
PYASU,,PSJ,PUERTO SAN JOSE (EMPEDRIL S.A.),CONCRET-MIX S.A.,2020-01-03,2017-04-27,,https://www.puertosanjose.com.py/,"Carlos Antonio López y Mariano Roque Alonso, Asunción 111004, Asunción, Paraguay",,"-25.222222, -57.566667"
PYPIL,,CAP,PUERTO CAACUPE-MI PILAR,CAACUPE-MI,2020-01-03,2019-11-18,,https://www.caa.com.py/puertos/pilar/,"José de Dalinquist, Bado Ñu, Pilar 120112, Dpto. Ñeembucú, Paraguay",,"-26.872222, -58.328611"
PYSAN,PYTER,TERSAN,TERPORT SAN ANTONIO,TERMINALES PORTUARIAS S.A (TERPORT),2020-01-03,2017-04-27,,https://www.terport.com.py/en/san-antonio,"Calle Terport, San Antonio 111315, Dpto. Central, Paraguay",,"-25.444444, -57.549167"
PYVLL,,ANNP,ANNP TERMINAL PORTUARIA VILLETA,ADMINISTRACION NACIONAL DE NAVEGACION Y PUERTOS,2020-01-03,2019-11-18,,https://www.annp.gov.py/,"14 de Mayo, Villeta 111603, Dpto. Central, Paraguay",,"-25.508056, -57.575556"
PYVLL,,PSF,PUERTO SEGURO FLUVIAL,PUERTO SEGURO,2020-01-03,2016-01-12,,https://puertosegurofluvial.com/,"Ruta Villeta - Alberdi Km. 4.5, Villeta 111611, Dpto. Central, Paraguay",,"-25.547778, -57.565278"
PYVLL,,TERVIL,TERPORT VILLETA,TERMINALES PORTUARIAS S.A (TERPORT),2020-01-03,2017-04-27,,https://www.terport.com.py/en/villeta,"Ruta Villeta - Alberdi Km. 13.5, Villeta 111613, Dpto. Central, Paraguay",,"-25.611667, -57.608889"
QAHMD,,HCT,HAMAD CONTAINER TERMINAL (HCT),QTERMINALS,,2018-05-25,,https://qterminals.com/our-business/#port-and-terminals,"Hamad Port, Mesaieed, Al Wakrah, Qatar",CT1 (operational) and CT2 (not fully operational as of Jan 2022),"25.024444, 51.603611"
QAUMS,,CT7,MESAIEED CONTAINER TERMINAL,QATAR PETROLEUM,,2021-03-01,,https://www.mesaieedport.qp.qa,"Mesaieed Port, Container Terminal 7, Berth 7A & 7B, Mesaieed, Al Wakrah, Qatar","Terminal 7, Berths 7A,7B","24.944167, 51.586111"
QAUMS,,QAPCO,QAPCO TERMINAL MESAIEED,QATAR PETROCHEMICAL COMPANY (QAPCO) QPJSC,,2025-02-10,,https://qapco.com/,"QAPCO Terminal, Mesaieed, Al Wakrah, Qatar",,"24.928056, 51.575556"
QAUMS,,QCHEM,QCHEM TERMINAL MESAIEED,QATAR CHEMICAL COMPANY (QCHEM) LTD.,,2025-02-10,,https://www.qchem.com.qa/,"Q-Chem Terminal, Mesaieed, Al Wakrah, Qatar",,"24.8925, 51.549722"
RELPT,,SAMR2,PORT REUNION TERMINAL,GRAND PORT MARITIME DE LA REUNION (GMPDLR),2025-02-10,2018-10-15,,https://reunion.port.fr/,"Voie de Liaison Portuaire, Le Port 97420, Réunion","Berths 10,11","-20.931111, 55.315833"
ROCND,,CSCT,CONSTANTA SOUTH CONTAINER TERMINAL (CSCT),DP WORLD CONSTANTA,2019-12-17,2015-06-12,,https://www.dpworld.com/romania/about-us/who-we-are,"Incinta Port Sud, Constanta 900900, Romania",Berth 121,"44.103333, 28.66"
ROCND,,SOCEP,SOCEP CONTAINER TERMINAL,SOCEP S.A. CONTAINER TERMINAL,2020-01-24,2015-06-12,,https://www.socep.ro/container,"Dana 34 Portul, Constanta 900178, Romania","Berth 51,52","44.151389, 28.645556"
RUKGD,,BSC,BALTIYSK TERMINAL (BSC),LLC BALTIC STEVEDORING COMPANY (BSC),,2022-01-19,,https://www.bscbalt.ru/,"Nizhnee shosse, 17, Baltiysk, Kaliningrad Oblast, 238520, Russian Federation",,"54.636111, 19.924444"
RUKGD,,KSCP,KALININGRAD COMMERCIAL PORT,JSC KALININGRAD SEA COMMERCIAL PORT (KSCP),,2022-01-19,,https://kscport.ru/index.php/en/,"Portovaya Ulitsa, 24, Kaliningrad, Kaliningrad Oblast, 236039, Russian Federation",Terminals located in Volnaya harbour and Industrialnaya harbour.,"54.703611, 20.465556"
RULED,,CTSP,CONTAINER TERMINAL SAINT-PETERSBURG (CTSP),CONTAINER TERMINAL SAINT-PETERSBURG (CTSP),2020-01-03,2014-11-10,,https://www.terminalspb.ru/en/,"Elevatornaya ploschadka, 22, Ugolnaya gavan, Saint-Petersburg, Saint Petersburg, 198096, Russian Federation",,"59.872778, 30.198889"
RULED,,FCT,FIRST CONTAINER TERMINAL (FCT),FIRST CONTAINER TERMINAL,2020-01-03,2003-12-03,,https://www.globalports.com/en/terminals/first-container-terminal/,"Mezhevoy canal, 5, 3rd district, Saint-Petersburg, Saint Petersburg, 198035, Russian Federation",Berths 82-87,"59.881111, 30.199722"
RULED,,MOD,MOBY DIK TERMINAL KRONSHTADT,MOBY DIK CO. LTD.,2020-01-03,2008-01-16,,https://www.globalports.com/en/terminals/moby-dik/,"Sea Port Complex, Kronshtadt, Saint-Petersburg, Saint Petersburg, 197760, Russian Federation",,"60.001389, 29.707222"
RULED,,BRONKA,MSCC PORT BRONKA,MULTIPURPOSE SEA CARGO COMPLEX (MSCC) BRONKA,2020-01-03,2015-12-29,,https://port-bronka.ru/en/,"Krasnoflotskoe highway, 49, Lomonosov, Saint-Petersburg, Saint Petersburg, 198412, Russian Federation",,"59.936944, 29.695278"
RULED,,NVM,NEVA METAL TERMINAL (NMT),NEVA METAL,2020-01-03,2015-07-01,,https://nevametal.com/en/,"Canteen building, 3rd district, Road to Turukhtannye Islands, Saint Petersburg, Saint Petersburg, 198035, Russian Federation",Berths 71-74,"59.885, 30.203333"
RULED,,PLP,PETROLESPORT TERMINAL,PETROLESPORT,2020-01-03,2004-10-12,,https://www.globalports.com/en/terminals/petrolesport/,"Gladky Island, 1, Saint-Petersburg, Saint Petersburg, 198095, Russian Federation","Berths 42,43,46-48,56-58,60-64","59.891111, 30.225556"
RULED,,SFP,SEA FISHING PORT TERMINAL,SEA FISHING PORT,2020-01-03,2014-11-10,,https://www.seafishport.ru/,"Elevator area, building 10, Saint-Petersburg, Saint Petersburg, 198096, Russian Federation",Berths R1-R6,"59.869167, 30.212778"
RUMAG,,MSCP,MAGADAN COMMERCIAL PORT,JSC MAGADAN SEA COMMERCIAL PORT,,2022-01-19,,http://www.magadanport.ru/,"Portovoye shosse, 1, Magadan, Magadan, 685000, Russian Federation",,"59.563889, 150.726111"
RUNJK,,NMRP,NAKHODKA SEA FISHING PORT (NMRP),JSC NAKHODKA SEA FISHING PORT (NMRP),,2022-02-01,,https://dvtg.ru/nmrp/,"Nakhodkinskiy pr, 69, Nakhodka, Primorsky Krai, 692917, Russian Federation",Nakhodkinskiy Morskoy Rybnyy Port (NMRP).,"42.795833, 132.878056"
RUNVS,,NUTEP,NUTEP CONTAINER TERMINAL,DELOPORTS,,2020-02-29,,https://www.nutep.ru/en/,"Sukhumskoe shosse 17A, Novorossiysk, Krasnodar Krai, 353902, Russian Federation",,"44.721667, 37.816111"
RUPKC,,SERO,SEROGLAZKA TERMINAL PETROPAVLOVSK,LLC TERMINAL SEROGLAZKA,,2022-01-19,,https://seroglazka.com/,"Mishennaya Ulitsa, 131, Petropavlovsk-Kamchatskiy, Kamchatka Krai, 683016, Russian Federation",,"53.045556, 158.614722"
RUULU,,ULCT,UST-LUGA CONTAINER TERMINAL (ULCT),GLOBAL PORTS,2020-01-03,2014-11-10,,https://www.globalports.com/en/terminals/ust-luga-container-terminal/,"Ust-Luga Sea Commercial Port, Kingisepp Raion, Ust-Luga, Leningrad Oblast, 188472, Russian Federation",,"59.674167, 28.405833"
RUVVO,,PLCT,PACIFIC LOGISTIC CONTAINER TERMINAL,PACIFIC LOGISTIC LLC,,2020-06-08,,https://www.pacific-logistic.ru/en/,"Dalzavodskaya Ulitsa, 2, korpus 14, Vladivostok, Primorsky Krai, 690001, Russian Federation",Terminal commonly referred to as SOLLERS TERMINAL.,"43.105556, 131.932778"
RUVVO,,VCT,VLADIVOSTOK CONTAINER TERMINAL (VMTP),COMMERCIAL PORT OF VLADIVOSTOK PJSC (VMTP),2022-02-01,2020-06-08,,https://vmtp.ru/en/,"Strelnikova Ulitsa, 9, Vladivostok, Primorsky Krai, 690065, Russian Federation","Berths 14,15,16. Company name in Russian: Vladivostokskiy Morskoy Torgovyy Port (VMTP).","43.090278, 131.868056"
RUVVO,,VSCT,VLADIVOSTOK SEA CONTAINER TERMINAL (VMKT),VLADIVOSTOK SEA CONTAINER TERMINAL LLC (VMKT),2022-02-01,2021-03-01,,https://www.vsct.info/,"Berezovaya Ulitsa, 25, Vladivostok, Primorsky Krai, 690012, Russian Federation",Berths 50-53 of the Vladivostok Sea Fishing Port. Vladivostokskiy Morskoy Konteynernyy Terminal (VMKT),"43.093333, 131.881111"
RUVYP,,VSC,VOSTOCHNAYA STEVEDORING COMPANY (VSC),GLOBAL PORTS,,2020-06-08,,https://www.globalports.com/en/terminals/vostochnaya-stevedoring-company/,"Vnutriportovaya Ulitsa, 24, Nakhodka, Primorsky Krai, 692943, Russian Federation",,"42.735, 133.079444"
SADHU,,DHU,DHUBA PORT,NEOM,,2023-09-07,,https://www.neom.com/en-us/our-business/port-of-neom,"Port of Neom, Al Muwaileh 49524, Kingdom of Saudi Arabia",,"27.56, 35.550833"
SADMM,,FCT,DAMMAM FIRST CONTAINER TERMINAL (FCT),SAUDI GLOBAL PORTS CO. (SGPC),,2020-12-01,,https://saudiglobalports.com.sa/,"Port Gate Complex, Office No. 9 - 2nd floor, Port Road, Al Khadlidiah, Dammam 32211, Kingdom of Saudi Arabia",King Abdul Aziz port in Dammam.,"26.505, 50.196944"
SADMM,,SCT,DAMMAM SECOND CONTAINER TERMINAL (SCT),SAUDI GLOBAL PORTS CO. (SGPC),,2020-12-01,,https://saudiglobalports.com.sa/,"Port Gate Complex, Office No. 9 - 2nd floor, Port Road, Al Khadlidiah, Dammam 32211, Kingdom of Saudi Arabia",King Abdul Aziz port in Dammam.,"26.506667, 50.191667"
SAJEC,,HPJZ,HUTCHISON JAZAN,HUTCHISON PORTS JAZAN,,2023-12-12,,https://hutchisonportsjazan.com/,"Port Authority Building, JCPDI Port, Building No 2478, Jazan 87398, Kingdom of Saudi Arabia",,"17.285833, 42.330556"
SAJED,,DPW,DP WORLD SOUTH CONTAINER TERMINAL JEDDAH (SCT),DP WORLD JEDDAH,2020-02-29,2015-03-25,,https://www.dpworld.sa,"Jeddah Islamic Seaport, Jeddah 22312, Kingdom of Saudi Arabia",,"21.454722, 39.158333"
SAJED,,RSGT,RED SEA GATEWAY TERMINAL (RSGT),RED SEA GATEWAY TERMINAL (RSGT),2020-02-29,2015-03-25,,https://rsgt.com.sa/,"P.O.Box 51327, Jeddah 21543, Kingdom of Saudi Arabia",,"21.484444, 39.154722"
SAJUB,,GSC,JUBAIL COMMERCIAL PORT,GULFTAINER SAUDI ARABIA,2020-02-29,2015-09-21,,https://www.gulftainer.com/terminals/saudi-arabia/jubail-container-terminal/,"Jubail Commercial Port, P.O. Box 1553, Jubail 31951, Kingdom of Saudi Arabia",,"27.0275, 49.682778"
SAKAC,,KACT,KING ABDULLAH NATIONAL CONTAINER TERMINAL (NCT),KING ABDULLAH PORT,2020-02-29,2017-01-17,,https://www.kingabdullahport.com.sa/,"King Abdullah Port, King Abdullah Economic City 23998, Kingdom of Saudi Arabia",,"22.526111, 39.0925"
SBHIR,,HONP,HONIARA PORT,SOLOMON ISLANDS PORT AUTHORITY,,2024-08-20,,https://www.sipa.com.sb/sipa-facilities/ports/honiara-port/,"Dowling Street, Honiara, Solomon Islands",,"-9.4275, 159.959444"
SBNOR,,NORP,NORO PORT,SOLOMON ISLANDS PORT AUTHORITY,,2024-08-20,,https://www.sipa.com.sb/sipa-facilities/ports/noro-port/,"Noro Ports Rd, Noro, Solomon Islands",,"-8.235556, 157.196944"
SCVIC,,VPT,VICTORIA PORT TERMINAL,SEYCHELLES PORTS AUTHORITY,,2025-02-01,,http://www.seyport.sc/,"New Port, Victoria, Mahe, Seychelles",,"-4.626389, 55.463333"
SDPZU,,SPC,SOUTH PORT CONTAINER TERMINAL,SEA PORT CORPORATION,,2019-01-17,,https://sudanports.gov.sd/web/en/,"South Port Container Terminal, Port Sudan, Sudan",,"19.603611, 37.231944"
SEAHU,,AHU,AHUS CONTAINER TERMINAL,AHUS HAMN STUVERI AB,2020-02-29,2015-02-10,,https://www.ahushamn.se/en/index_en/,"Lotsgatan 15, 296 32 Åhus, Sweden",,"55.928056, 14.324444"
SEGOT,,CT1,APM TERMINALS GOTHENBURG,APM TERMINALS GOTHENBURG,2020-02-29,2018-10-25,,https://www.apmterminals.com/en/gothenburg,"Port 4, Indiska Oceanen 11, 418 34 Göteborg, Sweden",,"57.688611, 11.856111"
SEGOT,,CAR,CAR TERMINAL GOTHENBURG,LOGENT PORTS & TERMINALS AB,2020-05-01,2004-12-14,,https://logent.se/index.php/ports-terminals/,"Port 2, Sydatlanten 30, 418 34 Göteborg, Sweden",,"57.691389, 11.867222"
SEGOT,,RTG,RORO TERMINAL GOTHENBURG,DFDS A/S,2020-05-01,2004-12-14,,https://www.dfds.com/en/freight-shipping/terminal-services/gothenburg-terminal,"Ytterhamnsvägen 1, 418 34 Göteborg, Sweden",,"57.690556, 11.835833"
SEGVX,,GVXFS,YILPORT CONTAINER TERMINAL GAVLE,YILPORT GAVLE CONTAINERTERMINAL AB,2018-09-18,2007-10-31,,https://www.yilport.com/en/ports/default/G%C3%A4vle-Nordic-Terminals/87/0/0,"Fredriksskansvägen 64, 805 95 Gävle, Sweden",,"60.692778, 17.222778"
SEGVX,,GVXGU,YILPORT TERMINAL GRANUDDEN,YILPORT GAVLE AB,2018-09-18,2007-10-31,,https://www.yilport.com/en/ports/default/G%C3%A4vle-Nordic-Terminals/87/0/0,"Granuddsvägen 12, 804 23 Gävle, Sweden",,"60.689722, 17.236944"
SEHAD,,KTH,KATTEGAT TERMINAL HALMSTAD,HALLANDS HAMNAR AB,2020-04-01,2008-01-16,,https://www.hallandshamnar.se/,"Sibiriegatan 2, 302 50 Halmstad, Sweden",,"56.651389, 12.850278"
SEHEL,,SKT,SKANE TERMINAL,HELSINGBORGS HAMN AB,2020-02-29,2006-02-27,,https://www.port.helsingborg.se/,"Oljehamnsleden 60, 252 25 Helsingborg, Sweden",,"56.020556, 12.702778"
SEHEL,,VESTHA,WEST HARBOUR,HELSINGBORGS HAMN AB,2020-02-29,2015-06-12,,https://www.port.helsingborg.se/,"Oljehamnsleden 60, 252 25 Helsingborg, Sweden",,"56.030556, 12.693056"
SEKAN,,POK,PORT OF KARLSHAMN,KARLSHAMNS HAMN AB,,2022-01-19,,https://karlshamnshamn.se/en,"Södra Stillerydsvägen 116, 374 21 Karlshamn, Sweden",,"56.1575, 14.820278"
SEKPS,,RTK,RORO TERMINAL KAPELLSKAR,PORTS OF STOCKHOLM,2020-04-01,2006-03-09,,https://www.portsofstockholm.com/kapellskar/,"Hamnterminalen, 760 15 Graddo, Sweden",,"59.721389, 19.065278"
SEMMA,,CMPSE,CMP CONTAINER TERMINAL MALMO,COPENHAGEN MALMO PORT (CMP) NORRA HAMNEN AB,2020-02-29,2006-05-11,,https://www.cmport.com/terminals/malmo/,"Terminalgatan 18, 201 25 Malmö, Sweden",,"55.624722, 12.993333"
SENRK,,SEPCT,PAMPUS CONTAINER TERMINAL,PORT OF NORRKOPING,2020-02-29,2016-09-28,,https://www.norrkopingshamn.se/en/pampus-terminal/,"Oceangatan 16, 602 38 Norrköping, Sweden",Gate B,"58.623056, 16.243333"
SENYN,,RTN,RORO TERMINAL NYNASHAMN,PORT OF NYNASHAMN,2020-04-01,2006-03-09,,https://www.portsofstockholm.com/nynashamn/,"Skytten Hälls väg 10, 149 30 Nynäshamn, Sweden",,"58.906944, 17.956667"
SEPIT,,SHL,SHORELINK PITEA PORT,SHORELINK AB,,2022-01-19,,https://www.piteaportandhub.se/en/,"Haraholmsvägen 645, 941 43 Piteå, Sweden",,"65.236944, 21.625556"
SESKE,,SKE,PORT OF SKELLEFTEA,PORT OF SKELLEFTEA,,2023-09-07,,https://portofskelleftea.se,"Järnvägsleden 81, 932 33 Skelleftehamn, Sweden",,"64.678889, 21.250556"
SESOE,,POS,PORT OF SODERTALJE,PORT OF SODERTALJE,,2021-10-24,,https://www.soeport.se/en/,"Björkuddsvägen 6, 151 02 Södertälje, Sweden",,"59.1625, 17.6625"
SESTO,,CTS,CONTAINER TERMINAL FRIHAMNEN,PORTS OF STOCKHOLM,2020-04-01,2006-03-09,,https://www.portsofstockholm.com/stockholm/port-areas/frihamnen/,"Lindarängsvägen 91, 115 27 Stockholm, Sweden",Will close down in May 2020.,"59.3425, 18.125556"
SESTO,,NCS,CONTAINER TERMINAL STOCKHOLM-NORVIK,HUTCHISON PORTS STOCKHOLM,2020-04-01,2020-05-02,,https://hutchisonportsstockholm.se/en/#/Home,"Norvikvägen 18, 149 45 Nynäshamn, Sweden",,"58.935556, 17.98"
SESTO,,RTF,RORO TERMINAL FRIHAMNEN,PORTS OF STOCKHOLM,2020-04-01,2006-03-09,,https://www.portsofstockholm.com/stockholm/port-areas/frihamnen/,"Frihamnsgatan 21, 102 54 Stockholm, Sweden",,"59.345278, 18.125"
SESTO,,RTS,RORO TERMINAL SILJA (VARTAHAMNEN),PORTS OF STOCKHOLM,2020-04-01,2006-03-09,,https://www.portsofstockholm.com/stockholm/port-areas/vartahamnen/,"Hamnpirsvägen 10, 115 41 Stockholm, Sweden",,"59.3515, 18.114056"
SESTO,,NRS,RORO TERMINAL STOCKHOLM-NORVIK,PORTS OF STOCKHOLM,2020-04-01,2020-09-09,,https://www.portsofstockholm.com/stockholm-norvik/roro-terminal/,"Norvikvägen 18, 149 45 Nynäshamn, Sweden",,"58.940056, 17.978806"
SESTO,,RTV,RORO TERMINAL VIKING (STADSGARDEN),PORTS OF STOCKHOLM,2020-04-01,2006-03-09,,https://www.portsofstockholm.com/stockholm/port-areas/stadsgarden--masthamnen/,"Terminalen Stadsgården, 116 30 Stockholm, Sweden",,"59.316778, 18.095583"
SEVST,,VSTCT,VASTERAS CONTAINER TERMINAL,MALARHAMNAR AB,,2020-10-01,,https://www.malarhamnar.se/startsidan/english/,"Södra Seglargatan 3, 721 32 Västerås, Sweden",,"59.590556, 16.520833"
SGSIN,,PSABT,BRANI TERMINAL,PSA CORPORATION LIMITED,2019-12-13,2015-06-12,,https://www.singaporepsa.com/our-business/terminals,"Brani Terminal Avenue, Singapore 098675, Singapore",,"1.263056, 103.831389"
SGSIN,,JPCT,JURONG PORT,JURONG PORT,,2022-06-01,,https://www.jp.com.sg/,"37 Jurong Port Road, Singapore 619110, Singapore","Berths J15, J16, J17","1.3, 103.718333"
SGSIN,,PSAKT,KEPPEL TERMINAL,PSA CORPORATION LIMITED,2019-12-13,2015-06-12,,https://www.singaporepsa.com/,"Keppel Terminal Avenue, Keppel Terminal, Singapore 089071, Singapore",,"1.268889, 103.835833"
SGSIN,,PSAPPT,PSA PASIR PANJANG TERMINALS,PSA CORPORATION LIMITED,2023-04-13,2023-04-13,,https://www.singaporepsa.com/,"1 Harbour Drive, PSA Horizons, Singapore 117352, Singapore",Re-activate code because PSA Singapore uses it as common code for PSA Pasir Panjang Terminals 1-6.,"1.283333, 103.776667"
SGSIN,,PSATUA,PSA TUAS TERMINALS,PSA CORPORATION LIMITED,,2023-09-07,,https://www.singaporepsa.com/,"71 Tuas S Blvd, Singapore 636743, Singapore",,"1.266389, 103.615556"
SGSIN,,PSASW,SEMBAWANG WHARVES,PSA CORPORATION LIMITED,2019-12-13,2016-03-01,,https://www.singaporepsa.com/,"75 Deptford Road, Singapore 759657, Singapore",,"1.46, 103.8325"
SIKOP,,LUKA,PORT OF KOPER,LUKA KOPER D.D.,2020-10-01,2015-09-22,,https://www.luka-kp.si/eng/,"Vojkovo nabrežje 38, 6501 Koper, Slovenia",,"45.553611, 13.734722"
SLFNA,,FTL,FREETOWN TERMINAL,FREETOWN TERMINAL LIMITED (FTL),,2022-03-01,,https://www.freetownterminal.com/,"Queen Elizabeth II Quay, Cline Town, 232 Freetown, Sierra Leone","Queen Elizabeth II Quay, berths 1-7.","8.493611, -13.214167"
SNDKR,,DPWSN,DP WORLD DAKAR,DP WORLD,2024-12-21,2015-09-22,,https://www.dpworld.com/senegal/ports-and-terminals/dakar-container-terminal,"Terminal a Container mole 8 Zone Nord PAD Dakar, BP 6657, Dakar, Senegal",Cheikh Ibrahima NIASS Container Terminal,"14.687222, -17.426944"
SOBBO,,DPW,DP WORLD BERBERA,DP WORLD,,2022-02-01,,https://www.dpworld.com/somaliland,"Berbera Port Road, Berbera, Somalia",New Berths 7 and 8 are used for container vessels operated using gantries.,"10.436389, 44.993889"
SOKMU,,KCT,KISMAYU CONTAINER TERMINAL,KSCTC,,2022-02-01,,https://www.kismayoseaport.com/,"Gacle Road, Fanole, Kismayo, Somalia",5 berths,"-0.388611, 42.544167"
SOMGQ,,MAP,MOGADISHU ALPORT TERMINAL,ALBAYRAK,,2022-02-01,,https://www.portofmogadishu.com/en/,"Port Road, Mogadishu Port Office, Mogadishu, Somalia",,"2.025278, 45.335556"
SRPBM,,PBM01,PARAMARIBO NIEUWE HAVEN,DP WORLD PARAMARIBO,,2016-10-15,,https://www.dpworld.com/en/paramaribo,"Van 't Hogerhuys St 13-15, Paramaribo, Suriname",,"5.8125, -55.166111"
STTMS,,TMS,PORTO DE SAO TOME,PORTO DE SAO TOME,,2023-12-12,,https://enaport.st/,"Largo das Alfândegas CP 437, Sao Tome, Sao Tome and Principe",,"0.346667, 6.7375"
SVAQJ,,PUACA,PUERTO ACAJUTLA,COMISION EJECUTIVA PORTUARIA AUTONOMA (CEPA),,2004-05-31,,https://www.cepa.gob.sv/,"Zona Industrial, Acajutla, El Salvador",,"13.574722, -89.837778"
SVLUN,,PULUN,PUERTO LA UNION,COMISION EJECUTIVA PORTUARIA AUTONOMA (CEPA),,2004-05-31,,https://www.cepa.gob.sv/tag/puerto-la-union/,"Edificio Administrativo de Puerto Cutuco, Calle Playitas, La Unión, El Salvador",,"13.334722, -87.820278"
SXPHI,,CDCQ,CAPTAIN DAVID CARGO QUAY ST. MAARTEN,DR. AC WATHEY CRUISE & CARGO FACILITIES,,2025-02-25,,https://portstmaarten.com/,"79 Juancho Yrausquin Blvd, Sint Maarten, Sint Maarten",,"18.008056, -63.044444"
SYLTK,,LICT,LATAKIA INTERNATIONAL CONTAINER TERMINAL (LICT),"LATAKIA INTERNATIONAL CONTAINER TERMINAL, LLC (LICT)",,2004-05-31,,http://lattakiaport.gov.sy/,"Latakia Port, P.O. Box 220, Latakia, Latakia Governorate, Syria","Berths 12, 12A, 14, 15.","35.5275, 35.768333"
SYLTK,,MPPT,LATAKIA MULTIPURPOSE TERMINAL,LATAKIA GENERAL PORT CO,,2025-07-16,,http://lattakiaport.gov.sy/,"Latakia Port, P.O. Box 220, Latakia, Latakia Governorate, Syria","Berths 7, 8, 9, 10, 11.","35.520833, 35.769444"
SYTTS,,TICT,TARTOUS INTERNATIONAL CONTAINER TERMINAL,TARTOUS INTERNATIONAL CONTAINER TERMINAL JSC - TICT,,2004-05-31,,,"Almeena Street, Tartous, Tartous Governorate, Syria",,"34.907778, 35.866389"
TGLFW,,LCT,LOME CONTAINER TERMINAL (LCT),TERMINAL INVESTMENT LTD. (TIL) / CHINA MERCHANT INTERNATIONAL HOLDING,,2022-06-01,,https://www.lct-togo.com/,"Bd. du Mono, Rond-Point Foyer des Marins, Zone Portuaire, 09 BP 9103, Lomé, Region Maritime, Togo","Quay length 1050 m, 3 berths.","6.137222, 1.273889"
TGLFW,,TTE,TOGO TERMINAL,AFRICA GLOBAL LOGISTICS (AGL),2026-05-01,2022-06-01,,https://www.aglgroup.com/en/transport-logistique-afrique/Togo,"Mole 2, Port Autonome de Lomé, 09 BP 9192, Lomé, Region Maritime, Togo",,"6.143889, 1.284444"
THBKK,THBMT,BMTP,BANGKOK MODERN TERMINAL (BMTP),BMT PACIFIC LTD.,,2024-08-20,,https://www.bmtp.co.th/,"120 Moo 2, Soi Wat Kae, Suksawad Rd., Pak Khlong Bang Plakod, Phra Samut Chedi, Samut Prakan 10290, Thailand","Geographically accurate location is Samut Prakan, but currently an appropriate UN/LOCODE does not exist. Using THBKK for now.","13.608056, 100.574722"
THBKK,,PAT,"BANGKOK PORT, KHLONG TOEI (PAT)",PORT AUTHORITY OF THAILAND,2020-02-29,2004-05-31,,https://bkp.port.co.th/,"Bangkok Port, Phra Khanong, Khlong Toei, Bangkok 10110, Thailand",,"13.703611, 100.575833"
THBKK,THSCS,SHT,SAHATHAI TERMINAL,SAHAHTHAI TERMINAL PUBLIC COMPANY LTD,2024-08-20,2019-07-05,,https://www.sahathaiterminal.com,"51/1 Moo 3, Poochao Saming Phray Road, Tambon Bang Ya Phraek, Amphoe Phra Pradaeng, Samut Prakan 10130, Thailand",,"13.658333, 100.543889"
THBKK,,SSW,SUKSAWAT TERMINAL,"SUKSAWAT TERMINAL CO., LTD.",,2024-08-20,,https://www.ssw.co.th/,"88/1 Moo 4 Suksawat Rd, Bangchak Phrapradang, Samut Prakan 10130, Thailand","Geographically accurate location is Samut Prakan, but currently an appropriate UN/LOCODE does not exist. Using THBKK for now.","13.623333, 100.5425"
THBKK,,TCT,THAI CONNECTIVITY TERMINAL (TCT),"THAI CONNECTIVITY TERMINAL CO., LTD.",,2024-08-20,,https://www.tctport.com/,"98 Moo 3 Poochaosamingprai Rd., Somrongklang Phrapradang, Samut Prakan 10130, Thailand","Geographically accurate location is Samut Prakan, but currently an appropriate UN/LOCODE does not exist. Using THBKK for now.","13.653889, 100.555833"
THBKK,THUCT,UTCT,UNITHAI CONTAINER TERMINAL (UTCT),UNITED THAI SHIPPING CORP. LTD.,2024-08-20,2021-10-24,,https://www.unithai.com/services/shipping-logistics/container-terminal/,"430 Thai Ban, Pak Nam, Amphoe Mueang Samut Prakan, Samut Prakan 10270, Thailand",,"13.580278, 100.589167"
THLCH,,ESCO,"EASTERN SEA LAEM CHABANG TERMINAL (ESCO), B3","EASTERN SEA LAEM CHABANG TERMINAL CO., LTD",2020-02-29,2004-05-31,,https://www.esco.co.th/terminal/,"Laem Chabang Port B3, Tambon Thung Sukhla, Amphoe Si Racha, Chonburi 20230, Thailand",,"13.063611, 100.891389"
THLCH,,LCHB2,"EVERGREEN CONTAINER TERMINAL, B2",EVERGREEN CONTAINER TERMINAL,2020-02-29,2004-05-31,,https://www.ectt.co.th/,"Laem Chabang Port B2, Tambon Thung Sukhla, Amphoe Si Racha, Chonburi 20230, Thailand",,"13.065, 100.893889"
THLCH,,HLTA3,HUTCHISON LAEM CHABANG TERMINAL A3,HUTCHISON LAEMCHABANG TERMINAL LTD.,,2020-06-08,,https://hutchisonports.co.th/facilities/,"88 Moo 3, Tambon Thung Sukhla, Amphoe Si Racha, Chonburi 20230, Thailand",,"13.066667, 100.888333"
THLCH,,HLTC12,HUTCHISON LAEM CHABANG TERMINAL C1/C2,HUTCHISON LAEMCHABANG TERMINAL LTD.,,2020-06-08,,https://hutchisonports.co.th/facilities/,"88 Moo 3, Tambon Thung Sukhla, Amphoe Si Racha, Chonburi 20230, Thailand",,"13.055, 100.898889"
THLCH,,HLTD,HUTCHISON LAEM CHABANG TERMINAL D,HUTCHISON LAEMCHABANG TERMINAL LTD.,,2020-06-08,,https://hutchisonports.co.th/facilities/,"88 Moo 3, Tambon Thung Sukhla, Amphoe Si Racha, Chonburi 20230, Thailand","Terminal D comprises D1, D2 and D3. As of 2020, D3 is not operational yet.","13.049167, 100.898056"
THLCH,,KSP,KLN SEAPORT TERMINAL,KLN SEAPORT LTD.,2025-06-18,2019-09-13,,https://www.kln.com/,"113/1 Moo 1, Tambon Thung Sukhla, Amphoe Si Racha, Chonburi 20230, Thailand",,"13.138333, 100.876667"
THLCH,,LCIT,"LAEM CHABANG INTERNATIONAL TERMINAL (LCIT), B5/C3","LAEM CHABANG INTERNATIONAL TERMINAL CO., LTD.",2020-02-29,2005-09-19,,https://www.lcit.com/,"LCIT, Tambon Thung Sukhla, Amphoe Si Racha, Chonburi 20231, Thailand","Terminal C3: N 13°03'10"" E 100°53'28"". Terminal B5: N 13°03'39"" E 100°53'11"".","13.052778, 100.891111"
THLCH,,LCHA0,"LAEM CHABANG MARINE TERMINAL (LCMT), A0",LCMT COMPANY LTD.,2020-02-29,2004-05-31,,https://www.lcb1.com/Facility,"LCMT A0, Tambon Thung Sukhla, Amphoe Si Racha, Chonburi 20230, Thailand",,"13.070278, 100.898333"
THLCH,,LCHB1,"LCB CONTAINER TERMINAL 1 (LCB1), B1",LCB CONTAINER TERMINAL 1 LTD.,2020-02-29,2019-09-13,,https://www.lcb1.com/Facility,"1 Sukhumvit Road, Tambon Thung Sukhla, Amphoe Si Racha, Chonburi 20110, Thailand",,"13.066944, 100.896944"
THLCH,,SCSP,SIAM COMMERCIAL SEAPORT,"SIAM COMMERCIAL SEAPORT CO., LTD.",,2025-05-01,,https://www.siamcsp.com/,"113/30 Moo 1, Tambon Thung Sukhla, Amphoe Si Racha, Chonburi 20230, Thailand",,"13.13, 100.877222"
THLCH,,TLTA2,THAI LAEM CHABANG TERMINAL (TLT) A2,"THAI LAEMCHABANG TERMINAL CO., LTD.",,2020-06-08,,https://hutchisonports.co.th/terminal-a2/,"88 Moo 3, Tambon Thung Sukhla, Amphoe Si Racha, Chonburi 20230, Thailand",,"13.068333, 100.891389"
THLCH,,TIPS4,"TIPS CONTAINER TERMINAL, B4","TIPS CO., LTD.",2020-02-29,2014-11-06,,https://www.tips.co.th/,"Laem Chabang Port B4, Tambon Thung Sukhla, Amphoe Si Racha, Chonburi 20230, Thailand",,"13.062778, 100.89"
THSGK,,CTIC,CHAOPHAYA TERMINAL,"CHAOPHAYA TERMINAL INTERNATIONAL CO., LTD.",,2022-01-19,,https://www.ctic.co.th/frontpage,"Tambol Huakao, Amphoe Singhanakorn, Songkhla 90280, Thailand",,"7.229167, 100.571111"
TLDIL,,TBCT,TIBAR BAY CONTAINER TERMINAL,TIMOR PORT SA,,2022-01-19,,https://www.timorport.com/,"Av. Principal de Tibar (Baía de Tibar), Tibar, Município de Liquiçá, Timor-Leste",2 Berths. Greenfield. Opening on 2022-07-01.,"-8.570833, 125.474722"
TNSFA,,SPCT,SFAX PORT CONTAINER TERMINAL,OFFICE DE LA MARINE MARCHANDE ET DES PORTS (OMMP),,2025-02-01,,https://www.ommp.nat.tn/ports/sfax/,"Rue Houcine El Wazen, Sfax, Sfax Governorate, Tunisia","Berths P14,P15,P16,P17","34.725556, 10.770833"
TNTUN,,RAPO,RADES PORT,OFFICE DE LA MARINE MARCHANDE ET DES PORTS (OMMP),,2004-05-31,,https://www.ommp.nat.tn/ports/rades/,"Avenue du 1er juin, La Goulette, Ben Arous Governorate, Tunisia",,"36.804167, 10.265278"
TOTBU,,NUAP,NUKUALOFA PORT,PORTS AUTHORITY TONGA,,2024-08-20,,https://lca.logcluster.org/tonga-211-port-nukualofa,"Queen Salote Wharf, Nuku'alofa, Tonga",,"-21.136667, -175.179722"
TRALI,,NEMPOR,NEMPORT TERMINAL,NEMPORT LIMAN ISLETMELERI VE OZEL ANTREPO NAKLIYE TICARET A.S.,2020-02-29,2015-06-12,,https://www.nemport.com.tr/en/,"Siteler, Nemrut Körfezi, Petrol Ofisi Cd. No: 12, 35800 Aliaga, Izmir, Turkey",,"38.767222, 26.9325"
TRALI,,APMALI,SOCAR ALIAGA TERMINAL,SOCAR ALIAGA LIMAN ISLETMECILIGI A.S.,2020-02-29,2018-02-20,,https://www.socarterminal.com/,"Siteler, Kardeslik Cad No:16, 35800 Aliaga, Izmir, Turkey","Now SOCAR Aliaga Terminal, all APMT shares were acquired by SOCAR Aliaga on 2018-12-27.","38.778333, 26.931944"
TRALI,,TCEEG,TCEEGE CONTAINER TERMINAL,TCEEGE KONTEYNER TERMINAL ISLETMELERI A.S.,2020-02-29,2004-05-31,,http://www.tceege.com.tr/en/default.aspx,"25. Cadde No:2 Cakmakli, 35801 Aliaga, Izmir, Turkey",,"38.758056, 26.928611"
TRAYT,,QTRM,QTERMINALS ANTALYA,QTERMINALS ANTALYA,,2022-05-01,,https://www.qterminals-antalya.com/,"Liman Mah. Liman Caddesi, 07130 Antalya, Antalya, Turkey",,"36.837778, 30.611667"
TRBDM,,CELE,CELEBI BANDIRMA PORT TERMINAL,CELEBI HOLDING ,,2022-05-01,,https://www.portofbandirma.com.tr/,"Mehmet Akif Ersoy Caddesi, Bandirma Limani, 10200 Bandirma, Balikesir, Turkey",,"40.3525, 27.962778"
TRGEM,,BORU,BORUSAN PORT GEMLIK,BORUSAN LOJISTIK DAGITIM DEPOLAMA TASIMACILIK VE TICARET AS,2020-02-29,2004-05-31,,https://www.borusanport.com/en,"Ata Mahallesi 125 Nolu Sokak No:3, 16601 Gemlik, Bursa, Turkey",,"40.415, 29.084722"
TRGEM,,RODA,RODA PORT GEMLIK,RODA LIMAN DEPOLAMA VE LOJISTIK ISLETMELERI AS,2020-02-29,2015-06-12,,https://rodaport.com/,"Ata Mahallesi 146 Nolu Sokak No:5, 16600 Gemlik, Bursa, Turkey",,"40.413889, 29.078611"
TRGEM,,GEMPOR,YILPORT TERMINAL GEMLIK (GEMPORT),YILPORT HOLDING INC.,2020-02-29,2015-06-12,,https://www.yilport.com/en/ports/default/Gemlik-Turkiye-Terminals/32/0/0,"Ata Mahallesi Liman Caddesi 12, 16600 Gemlik, Bursa, Turkey",,"40.417778, 29.114722"
TRGIR,,GIRP,GIRESUN PORT,CAKIROGLU GIRESUN LIMAN ISLETMESI A.S.,,2026-05-01,,https://giresunport.com.tr/,"Sultan Selim Mah., G.M.K Blv. No:9, 28100 Giresun Merkez, Giresun, Turkey",,"40.918611, 38.381944"
TRISK,,ASSAN,ASSAN PORT ISKENDERUN,ASSAN LIMAN ISLETMELERI A.S.,,2022-05-01,,https://www.assanport.com.tr/,"Iskenderun Organize Sanayi Bölgesi, Sariseki, 31200 Iskenderun, Hatay, Turkey",,"36.685833, 36.2"
TRISK,,LIMAK,LIMAKPORT ISKENDERUN,LIMAKPORT ISKENDERUN LIMAN ISL.,2020-02-29,2015-06-12,,https://www.limakports.com.tr/en,"5 Temmuz Caddesi Sonu, 31200 Iskenderun, Hatay, Turkey",,"36.595, 36.190278"
TRIST,TRKMX,KUMLI,KUMPORT TERMINAL,KUMPORT LIMAN HIZMETLERI VE LOJISTIK SANAYI VE TICARET A.S.,2020-02-29,2004-05-31,,https://www.kumport.com.tr/en-US,"Marmara Mahallesi Liman Cad. No:43, 34524 Beylikdüzü, Istanbul, Turkey",,"40.9675, 28.681667"
TRIST,TRMAD,MRD,"MARDAS TERMINAL, AMBARLI PORT",MARDAS MARMARA DENIZ ISLETMECILIGI A.S.,2020-02-29,2015-06-12,,https://www.mardas.com.tr/,"Ambarli Liman Tesisleri Mardas Iskelesi, 34524 Beylikdüzü, Istanbul, Turkey",,"40.963056, 28.676111"
TRIST,TRMPT,MRP,MARPORT TERMINAL,MARPORT LIMAN ISLETMELERI SANAYI VE TICARET A.S.,2020-02-29,2015-06-12,,https://marport.com.tr/,"Marmara Mahallesi Limanlar Yolu Caddesi No:53, 34526 Beylikdüzü, Istanbul, Turkey",Marport consists of the Main Terminal and the West Terminal area.,"40.961944, 28.673611"
TRIZM,,TCDD,TCDD ALSANCAK,TURKIYE CUMHURIYETI DEVLET DEMIRYOLLARI ISLETMESIGENEL MUDURLUGU (TCDD),,2004-05-31,,https://www.tcdd.gov.tr/en/organizational/izmir-port,"Alsancak, Atatürk Cd. 109-1, 35220 Konak, Izmir, Turkey",,"38.445, 27.153333"
TRIZT,TREYP,EVYAP,DP WORLD EVYAP KORFEZ,DP WORLD EVYAP,2026-02-11,2015-11-01,,https://www.dpworld.com/en/ports-terminals/turkiye/korfez,"Kirazliyali, Evyap Liman Tesisleri, 41780 Körfez, Kocaeli, Turkey",,"40.773611, 29.711111"
TRIZT,TRYAR,DPWYAR,DP WORLD EVYAP YARIMCA,DP WORLD EVYAP,2026-02-11,2015-08-11,,https://www.dpworld.com/en/ports-terminals/turkiye/yarimca,"Mimar Sinan, Mehmet Akif Ersoy Cd. No:168, 41780 Körfez, Kocaeli, Turkey",,"40.761667, 29.742778"
TRIZT,TRLMA,LIMP,LIMAS PORT,LIMAS LIMAN ISLETMECILIGI A.S.,2026-02-11,2022-06-01,,https://www.limas.com.tr/en,"Sepetlipinar Mahallesi, Sanayi Cd. No:73, 41275 Basiskele, Kocaeli, Turkey",,"40.715, 29.884167"
TRIZT,TRDRC,SAFI,SAFIPORT DERINCE CONTAINER TERMINAL,SAFI DERINCE ULUSLARARASI LIMAN ISLETMECILIGI A.S.,2026-02-11,2022-05-01,,https://www.safiport.com.tr/,"Deniz Mah. Liman Yolu Caddesi, 41900 Derince, Kocaeli, Turkey",,"40.748333, 29.840556"
TRIZT,TRGEB,YGCT,YILPORT CONTAINER TERMINAL GEBZE,YILPORT HOLDING INC.,2026-02-11,2018-02-20,,https://www.yilport.com/en/ports/default/Gebze-Turkiye-Terminals/30/0/0,"Fatih, Göksu Caddesi, Dilovasi O.S.B., 1. Kisim No:18, 41455 Dilovas, Kocaeli, Turkey",,"40.766111, 29.536111"
TRKSP,,ICKSP,IC KARASU PORT,IC KARASU PORT,,2016-12-30,,https://www.karasuport.com.tr/EN,"Yali, Bati Karadeniz Cd. No:244, 54500 Karasu, Sakarya, Turkey",,"41.119444, 30.672778"
TRMER,,MIP,MERSIN INTERNATIONAL PORT (MIP),MERSIN INTERNATIONAL PORT MANAGEMENT INC. (MIP),2026-05-01,2004-05-31,,https://www.mersinport.com.tr/,"Yani Mahalle 5307 Sokak 101 Cadde No 5, 33010 Mersin, Mersin, Turkey",,"36.801944, 34.641944"
TRSSX,,SAMP,SAMSUN PORT,CEYNAK GROUP,,2022-06-01,,https://www.samsunport.com.tr/en/homepage,"Rihtim Blv., 55100 Ilkadim, Samsun, Turkey",,"41.304444, 36.336667"
TRTEK,,ASYA,ASYAPORT TEKIRDAG,ASYAPORT LIMAN A.S.,,2022-05-01,,https://www.asyaport.com/en-US,"Barbaros - Suleymanpasa, 59020 Tekirdag, Tekirdag, Turkey",,"40.898611, 27.47"
TRTZX,,TLIM,TRABZON PORT TERMINAL,TRABZON LIMAN ISLETMECILIGI A.S.,,2022-05-01,,https://trabzonport.com.tr/,"Iskenderpasa, Trabzon Limani No:32, 61100 Trabzon, Trabzon, Turkey",,"41.0025, 39.740556"
TTPOS,,PPOS,PORT OF PORT OF SPAIN,PORT OF PORT OF SPAIN,,2014-07-10,,https://www.patnt.com/,"Dock Road, Port of Spain, Trinidad & Tobago",,"10.654167, -61.523889"
TTPTS,,TPTS,PORT OF POINT LISAS,PORT OF POINT LISAS,2020-01-24,2016-09-12,,https://www.plipdeco.com/main/index.php?page=marine,"Atlantic Ave, Couva, Trinidad & Tobago",,"10.407778, -61.493889"
TWKEL,,WUDU,CCTC KEELUNG CONTAINER TERMINAL,"CHINA CONTAINER TERMINAL CO., LTD.",2020-05-01,2004-05-31,,https://www.cctcorp.com.tw/terminal_1.php?uuid=0e2ecc5d-1886-4e98-a0f5-b70af798c0ee,"No. 56, Zhongshan 3rd Rd., Zhongshan Dist., Keelung City, 203003, Keelung, Taiwan (R.O.C.)",Berths W19-W21.,"25.146389, 121.752222"
TWKEL,,TIPC,TIPC KEELUNG WEST COAST CONTAINER TERMINAL,"TAIWAN INTERNATIONAL PORTS CO., LTD. (TIPC)",,2022-02-01,,https://kl.twport.com.tw/en/,"No. 24, Zhongshan 4th Rd., Zhongshan Dist., Keelung City, 203003, Keelung, Taiwan (R.O.C.)",Berths W17-W18 (south zone) and berths W22-W26 (north zone).,"25.150556, 121.750278"
TWKEL,,ULIC,ULIC EASTERN PORT TERMINAL,"UNITED LOGISTICS INTERNATIONAL CO., LTD.",2020-05-01,2015-06-12,,http://www.ulic.com.tw/about_e_01.htm,"No. 1-5, Donghai St., Zhongzheng Dist., Keelung City, 202004, Keelung, Taiwan (R.O.C.)",Berths E8-E11.,"25.141389, 121.754722"
TWKHH,,CMAKT,CMA TERMINAL (W68-69),"CMA CGM KAOHSIUNG TERMINAL CO., LTD.",,2022-05-01,,https://kh.twport.com.tw/en/,"No. 10, Yatai Rd., Xiaogang Dist., Kaohsiung City, 812002, Kaohsiung, Taiwan (R.O.C.)","Container Terminal 3, Wharf 68-69","22.561667, 120.318333"
TWKHH,,EMCKC7,EVERGREEN TERMINAL KCC7 (S01-S05),EVERGREEN MARINE CORP. (TAIWAN) LTD.,,2023-09-07,,https://kh.twport.com.tw/en/,"No. 21, Zhougui Rd., Xiaogang Dist., Kaohsiung City, 812051, Kaohsiung, Taiwan (R.O.C.)","Container Terminal 7, Wharf S01-S05","22.536667, 120.315833"
TWKHH,,HJPCT,HMM PACIFIC TERMINAL (W76-W78),"HYUNDAI MERCHANT MARINE PACIFIC CO., LTD. (TAIWAN BRANCH)",2020-01-24,2015-02-12,,https://kh.twport.com.tw/en/,"No. 6, Dong Ya South Rd., Xiaogang Dist., Kaohsiung City, 812002, Kaohsiung, Taiwan (R.O.C.)","Container Terminal 5, Wharf 76-78","22.554722, 120.327778"
TWKHH,,KMCT,KAO MING TERMINAL (W108-W111),KAO MING CONTAINER TERMINAL CORP.,2020-01-24,2015-02-12,,https://kh.twport.com.tw/en/,"No. 2800, Nanxing Rd., Xiaogang Dist., Kaohsiung City, 812051, Kaohsiung, Taiwan (R.O.C.)","Container Terminal 6, Wharf 108-111","22.545278, 120.326389"
TWKHH,,KHHPT,LIEN HAI TERMINAL (W42-W43),LIEN HAI TERMINAL CORP.,2020-01-24,2015-02-12,,https://www.gccports.com/index.php?/directory-details/lien-hai-terminal-stevedoring-co-ltd,"No. 100, Dahua 2nd Rd., Qianzhen Dist., Kaohsiung City, 806011, Kaohsiung, Taiwan (R.O.C.)","Container Terminal 1, Wharf 42-43","22.608333, 120.283056"
TWKHH,,KAOCT,OOCL TERMINAL (W65-W67),"OOCL (TAIWAN) CO., LTD.",2020-01-24,2015-02-12,,https://kh.twport.com.tw/en/,"No. 1-1, Yugang N. 3rd Rd., Qianzhen Dist., Kaohsiung City, 806043, Kaohsiung, Taiwan (R.O.C.)","Container Terminal 2, Wharf 65-67","22.573333, 120.308056"
TWKHH,,TIPC4,TIPC KAOHSIUNG TERMINAL 4 (W120-W121),"TAIWAN INTERNATIONAL PORTS CORP., LTD. (TIPC)",,2025-04-01,,https://kh.twport.com.tw/en/theme/Articles?a=2335,"No. 67, Qijin 1st Rd., Qijin Dist., Kaohsiung City, 805006, Kaohsiung, Taiwan (R.O.C.)","Container Terminal 4, Wharf 120-121","22.568333, 120.305833"
TWKHH,,WHLT,WAN HAI TERMINAL KCT2 (W63-W64),WAN HAI LINES LTD.,2026-05-01,2015-02-12,,https://kh.twport.com.tw/en/,"No. 18, Zhengang Rd., Qianzhen Dist., Kaohsiung City, 806043, Kaohsiung, Taiwan (R.O.C.)","Container Terminal 2, Wharf 63-64","22.577222, 120.305"
TWKHH,,WHLKC5,WAN HAI TERMINAL KCT5 (W79-W81),WAN HAI LINES LTD.,,2026-05-01,,https://kh.twport.com.tw/en/,"No. 68, Guanghe Rd., Xiaogang Dist., Kaohsiung City, 812002, Kaohsiung, Taiwan (R.O.C.)","Container Terminal 5, Wharf 79-81.","22.55, 120.331944"
TWKHH,,YMLT,YANG MING TERMINAL (W70),YANG MING MARINE TRANSPORT CORP.,2020-01-24,2015-02-12,,https://www.yangming.com/About_Us/Group_Profile/Terminals/HongMing.html,"No. 999, Xinsheng Rd., Xiaogang Dist., Kaohsiung City, 812002, Kaohsiung, Taiwan (R.O.C.)","Container Terminal 3, Wharf 70","22.558889, 120.320556"
TWTPE,,TPCT,TAIPEI PORT CONTAINER TERMINAL,"TAIWAN INTERNATIONAL PORTS CORP., LTD. (TIPC)",,2022-02-01,,https://kl.twport.com.tw/en/,"No. 123, Shanggang Rd., Bali Dist., New Taipei City, 249002, New Taipei, Taiwan (R.O.C.)",,"25.163333, 121.386389"
TWTXG,,CCTC,CCTC TERMINAL TAICHUNG (W10-W11),"CHINA CONTAINER TERMINAL CO., LTD.",,2022-01-19,,https://www.cctcorp.com.tw/terminal_1.php?uuid=0a593976-a871-44f0-b1f8-54a34313f726,"No. 15, Zhongheng 13th Rd., Qingshui Dist., Taichung City, 436455, Taichung, Taiwan (R.O.C.)","North Jetty, W10-W11","24.277778, 120.525"
TWTXG,,EVER,EVERGREEN TERMINAL TAICHUNG (W32-W33),EVERGREEN MARINE CORP. (TAIWAN) LTD.,,2022-01-19,,https://www.evergreen-eitc.com.tw/EITCHTDOCS/JSP/c_3/ce_3_0.jsp,"No. 809, Sec. 2, Zhongnan 1st Rd., Wuqi Dist., Taichung City, 435059, Taichung, Taiwan (R.O.C.)","Central South Jetty, Wharf 32-33","24.269167, 120.514167"
TWTXG,,WANH,WAN HAI TERMINAL TAICHUNG (W34-W35),WAN HAI LINES LTD.,,2022-01-19,,https://www.wanhai.com/,"No. 757, Sec. 2, Zhongnan 1st Rd., Wuqi Dist., Taichung City, 435059, Taichung, Taiwan (R.O.C.)","Central South Jetty, Wharf 34-35","24.265, 120.512222"
TZDAR,,CT2,TANZANIA EAST AFRICA GATEWAY TERMINAL (TEAGTL),EAST AFRICA GATEWAY LTD. (EAGL) / ADANI PORTS AND SPECIAL ECONOMIC ZONE (APSEZ),,2025-05-01,,https://teagtl.com/,"Dar es Salaam Port, P.O. Box 71442, Kurasini Ward, Dar es Salaam, 15109, Tanzania","Container Terminal 2, berths 8-11.","-6.839722, 39.296111"
TZDAR,,CT1,TANZANIA PORTS AUTHORITY (TPA),TANZANIA PORTS AUTHORITY (TPA) / DP WORLD,,2025-05-01,,https://www.ports.go.tz/index.php/en/,"One Bandari Road, Kurasini Ward, Dar es Salaam, 15109, Tanzania","Container Terminal 1, berths 4-7.","-6.833333, 39.293333"
TZTGT,,TPA,TANGA TERMINAL (TPA),TANZANIA PORTS AUTHORITY (TPA),,2022-02-01,,https://www.ports.go.tz/index.php/en,"Port Road, P.O. Box 443, Central, Tanga, 21101, Tanzania",2 shallow berths,"-5.066111, 39.105556"
TZZNZ,,MALT,MALINDI TERMINAL ZANZIBAR,ZANZIBAR PORTS CORPORATION (ZPC),,2022-02-01,,https://www.zpc.go.tz/,"Malawi Rd, P.O. Box 263, Malindi, Zanzibar, 71103, Tanzania","1 berth, quay length 240m","-6.155556, 39.192222"
UAILK,,CFP,CHORNOMORSK FISHING PORT CONTAINER TERMINAL,"CHORNOMORSK FISHING PORT, LLC",,2025-02-01,,https://www.imrp.com.ua,"Tsentralna St. 1, Burlacha Balka, Chornomorsk, Odesa oblast, 68094, Ukraine",,"46.329722, 30.663333"
UAODS,,BROOKL,BROOKLYN-KIEV PORT (BKP),"BROOKLYN-KIEV PORT, LTD",2020-02-29,2015-06-12,,https://bkport.com/en,"1 Mytna Square, Odessa, Odesa oblast, 65026, Ukraine","Berths 42,43","46.503611, 30.730556"
UAODS,,CTO,CONTAINER TERMINAL ODESSA (CTO),HHLA INTERNATIONAL GMBH,,2020-04-01,,http://cto.od.ua,"1 Mytna Square, Odessa, Odesa oblast, 65026, Ukraine","Berths 2,1K,2K","46.488889, 30.76"
UAYUZ,,TISCT,TIS CONTAINER TERMINAL,TIS CONTAINER TERMINAL LTD,,2020-01-01,,https://www.tis.ua/,"Oleksiy Stavnitser St., Building 50, Vyzyrka, Odesa oblast, 67543, Ukraine",,"46.656389, 31.01"
USADQ,,KODT,KODIAK TERMINAL,PORT OF KODIAK,,2025-02-10,,https://www.city.kodiak.ak.us/,"Rezanof Dr W, Kodiak, AK 99615, USA","Piers 2,3. USADQ currently lacks function 1 (port), but its addition has been approved by UN/LOCODE for inclusion in the 2025-1 release.","57.781944, -152.435278"
USANC,,POAT,PORT OF ALASKA TERMINAL ANCHORAGE,DON YOUNG PORT OF ALASKA,,2025-01-14,,https://www.portofalaska.com/,"1871 Anchorage Port Rd, Anchorage, AK 99501, USA",,"61.241667, -149.886944"
USBAL,,DMT,DUNDALK MARINE TERMINAL,PORTS AMERICA CHESAPEAKE,,2015-05-07,,https://www.portsamerica.com,"2700 Broening Highway, Baltimore, MD 21224, USA",,"39.2425, -76.525278"
USBAL,,SMT,SEAGIRT MARINE TERMINAL,"PORTS AMERICA BALTIMORE, INC.",,2004-05-31,,https://www.portsamerica.com,"2600 Broening Highway, Baltimore, MD 21224, USA",,"39.255, -76.546667"
USBOS,,PWCMT,CONLEY CONTAINER TERMINAL,MASSACHUSETTS PORT AUTHORITY (MASSPORT),,2021-10-24,,https://www.massport.com/conley-terminal/,"700 Summer St, Boston, MA 02127, USA",,"42.341667, -71.02"
USCHS,USNTS,HLT,HUGH K. LEATHERMAN TERMINAL (HLT),SOUTH CAROLINA STATE PORTS AUTHORITY,,2021-10-24,,https://scspa.com/locations/hugh-k-leatherman-terminal/,"1500 Port Access Road, North Charleston, SC 29405, USA",,"32.84, -79.936111"
USCHS,USNTS,NCMT,NORTH CHARLESTON MARINE TERMINAL,SOUTH CAROLINA STATE PORTS AUTHORITY,2021-10-24,2004-05-31,,https://scspa.com/locations/north-charleston-terminal/,"1000 Remount Rd., North Charleston, SC 29406, USA",,"32.904167, -79.958333"
USCHS,,WWMT,WANDO WELCH MARINE TERMINAL,SOUTH CAROLINA STATE PORTS AUTHORITY,,2004-05-31,,https://scspa.com/locations/wando-welch-terminal/,"400 Long Point Rd., Mt. Pleasant, SC 29464, USA",,"32.833333, -79.890833"
USDUT,,APL,APL DUTCH HARBOR,APL LIMITED,,2022-01-19,,https://www.apl.com/ebusiness/schedules/terminal/detail/USDUT-APL,"1125 East Point Road, Dutch Harbor, AK 99692, USA",,"53.883611, -166.530833"
USDUT,,UMC,UNALASKA MARINE CENTER (UMC),DEPARTMENT OF PORTS AND HARBORS,,2022-01-19,,https://www.ci.unalaska.ak.us/portsandharbors/page/unalaska-marine-center-umc-and-uscg-dock,"748 Ballyhoo Road, Dutch Harbor, AK 99692, USA",,"53.901944, -166.529722"
USFPO,,PFT,PORT FREEPORT TERMINAL,PORT FREEPORT,,2023-04-13,,https://www.portfreeport.com/,"1001 Navigation Blvd., Freeport, TX 77541, USA",Brazos Harbor dock # 7,"28.942778, -95.331111"
USGPT,,POGT,PORT OF GULFPORT TERMINAL,MISSISSIPPI STATE PORT AUTHORITY (MSPA),,2022-01-19,,https://shipmspa.com/,"1000 30th Ave. South Extension, Gulfport, MS 39501, USA",,"30.354722, -89.094722"
USHNL,,HSP1,"HONOLULU TERMINAL, PIER 1",PASHA HAWAII,2020-02-29,2016-05-13,,https://www.pashahawaii.com/services/terminals/honolulu-roro,"Pier 1, Forrest Avenue, Honolulu, HI 96814, USA",,"21.2975, -157.868333"
USHNL,,PASHA,"HONOLULU TERMINAL, PIER 51",PASHA HAWAII,2020-02-29,2017-03-09,,https://www.pashahawaii.com/services/terminals/honolulucontainers,"Pier 51, 1601 Sand Island Parkway, Honolulu, HI 96819, USA",,"21.313333, -157.883056"
USHNL,,MATS,MATSON TERMINAL,MATSON TERMINALS,,2004-05-31,,https://www.matson.com/matnav/ports/honolulu.html,"1411 Sand Island Pkwy, Honolulu, HI 96819, USA",,"21.311667, -157.878333"
USHOU,,BCMT,BARBOURS CUT MARINE TERMINAL,PORT OF HOUSTON AUTHORITY,,2004-05-31,,https://porthouston.com/container-terminals/barbours-cut-container-terminal/,"1515 E. Barbours Cut Boulevard, La Porte, TX 77571, USA",,"29.68, -94.998333"
USHOU,,BPTM,BAYPORT TERMINAL,PORT OF HOUSTON AUTHORITY,2020-02-29,2015-01-29,,https://porthouston.com/container-terminals/bayport-container-terminal/,"12621 Port Road, Pasadena, TX 77586, USA",,"29.612222, -95.005"
USHOU,,JPI,JACINTOPORT,JACINTOPORT INTERNATIONAL LLC,,2020-12-01,,https://www.jacintoport.com/,"16398 Jacintoport Boulevard, Houston, TX 77015, USA",,"29.748611, -95.110278"
USILG,,GTUS,PORT WILMINGTON (DE) TERMINAL,ENSTRUCTURE LLC,2025-01-14,2022-01-19,,https://portwilmington.com/containers/,"1 Hausel Road, Wilmington, DE 19801, USA",,"39.715833, -75.523889"
USILM,,NCSPA,PORT OF WILMINGTON (NC) TERMINAL,NORTH CAROLINA STATE PORT AUTHORITY,2020-02-29,2017-03-09,,https://ncports.com/port-facilities/port-of-wilmington/,"1 Shipyard Boulevard, Wilmington, NC 28401, USA",,"34.192778, -77.955556"
USJAX,,DPJL,DAMES POINT MARINE TERMINAL,"DAMES POINT JACKSONVILLE, LLC",,2023-10-17,,https://www.jaxport.com/cargo/facilities/dames-point-marine-terminal,"9834 New Berlin Road, Berths 16-17, Jacksonville, FL 32226, USA",Berths 16-17,"30.396528, -81.567972"
USJAX,,BLOJX,SSA JACKSONVILLE CONTAINER TERMINAL (JCT),"SSA JACKSONVILLE, LLC",,2025-04-01,,https://www.ssamarine.com/services/container,"5800 William Mills Street, Jacksonville, FL 32226, USA",Berths 34-35. Berth 33 shared with JCL if not used by TOTE.,"30.390167, -81.537222"
USJAX,,TMT,TALLEYRAND MARINE TERMINAL,JACKSONVILLE PORT AUTHORITY (JAXPORT),2020-01-24,2004-05-31,,https://www.jaxport.com/cargo/facilities/talleyrand-marine-terminal,"2831 Talleyrand Ave., Jacksonville, FL 32206, USA",,"30.355, -81.62"
USJAX,,TMG,TOTE TERMINAL BLOUNT ISLAND,FIRST COAST TERMINALS,,2025-04-01,,https://www.firstcoastterminals.com/,"5250 William Mills Street, Jacksonville, FL 32226, USA",Berths 31-33. Berth 33 shared with JCL if not used by TOTE.,"30.389167, -81.543611"
USLAX,,APMT,APM TERMINALS LOS ANGELES PIER 400,APM TERMINALS,2020-01-24,2004-05-31,,https://www.apmterminals.com/en/los-angeles,"2500 Navy Way, Berths 401-406, Terminal Island, CA 90731, USA",Berths 401-406,"33.731389, -118.248611"
USLAX,,ETS,EVERPORT CONTAINER TERMINAL (ETS),"EVERPORT TERMINAL SERVICES, LTD. (ETS)",2020-01-24,2018-12-18,,https://www.etslink.com/,"Everport Terminal Services, 389 Terminal Island Way, Terminal Island, CA 90731, USA",Berths 226-236,"33.744444, -118.271944"
USLAX,,EAGLE,FENIX MARINE CONTAINER TERMINAL (FMS),FENIX MARINE SERVICES,2020-01-24,2015-06-24,,https://www.fenixmarineservices.com/terminal/,"614 Terminal Way, San Pedro, CA 90731, USA",Berths 302-305,"33.733889, -118.253056"
USLAX,,TRAP,TRAPAC CONTAINER TERMINAL,TRAPAC LOS ANGELES,2020-01-24,2004-05-31,,https://losangeles.trapac.com/,"630 West Harry Bridges Blvd, Berths 136-147, Wilmington, CA 90744, USA",Berths 136-147,"33.766111, -118.270833"
USLAX,,WBCT,WEST BASIN CONTAINER TERMINAL (WBCT),WEST BASIN CONTAINER TERMINAL LLC,2020-02-29,2017-03-09,,https://wbct.us/,"2050 John S. Gibson Blvd., San Pedro, CA 90731, USA",China Shipping: berths 100-103. TIL: berths 121-127.,"33.756944, -118.277778"
USLAX,,YUSEN,YUSEN CONTAINER TERMINAL (YTI),YUSEN TERMINALS LLC,2020-01-24,2015-06-24,,https://yti.com/terminal/,"701 New Dock Street, Berths 212-225, Terminal Island, CA 90731, USA",Berths 212-225,"33.755833, -118.261111"
USLGB,,ITS,ITS LONG BEACH (PIER G),INTERNATIONAL TRANSPORTATION SERVICE INC,,2020-02-01,,https://www.itslb.com/,"1281 Pier G Way, Long Beach, CA 90802, USA","Pier G, Berths G226-G236","33.745, -118.195"
USLGB,,LBCT,LONG BEACH CONTAINER TERMINAL (PIER E),LONG BEACH CONTAINER TERMINAL LLC,2020-01-24,2018-12-01,,https://www.lbct.com/,"201 S. Pico Ave., Long Beach, CA 90802, USA","Pier E, Berths E24-E26","33.759167, -118.213611"
USLGB,,SSAPCT,PACIFIC CONTAINER TERMINAL LONG BEACH (PIER J),"PACIFIC MARITIME SERVICES, LLC (SSA/COSCO/TIL)",,2018-12-01,,https://www.ssamarine.com/locations/pacific-container-terminal/,"1521 Pier J Ave E, Long Beach, CA 90802, USA","Pier J, Berths J243-J247, J266-J270 ","33.742222, -118.188889"
USLGB,,SSATA,SSA TERMINALS PIER A,"SSA TERMINALS (PIER A), LLC",,2014-10-03,,https://www.ssamarine.com/locations/terminal-a/,"700 Pier A Plaza, Long Beach, CA 90813, USA","Pier A, Berths A88-A96","33.769167, -118.232222"
USLGB,,MATU,SSA TERMINALS PIER C60 (MATSON),"SSA TERMINALS, LLC",2020-01-24,2016-02-22,,https://www.ssamarine.com/locations/terminal-c60/,"1521 Pier C Street, Long Beach, CA 90813, USA","Pier C, Berths C60-C62","33.77, -118.217222"
USLGB,,TTI,TOTAL TERMINALS INTERNATIONAL (PIER T),"TOTAL TERMINALS INTERNATIONAL, LLC",2020-01-24,2017-04-27,,https://www.totalterminals.com/,"301 Mediterranean Way, Long Beach, CA 90802, USA","Pier T, Berths T132-T140 ","33.754722, -118.233611"
USMIA,,POM,PORT OF MIAMI TERMINAL (POMTOC),PORT OF MIAMI TERMINAL OPERATING COMPANY LLC (POMTOC),2020-10-01,2015-09-22,,http://pomtoc.com/,"635 Australia Way, Miami, FL 33132, USA",Terminal 2,"25.766667, -80.158056"
USMIA,,SML,SEABOARD MARINE TERMINAL,"SEABOARD MARINE, LTD.",,2020-12-01,,https://www.jacintoport.com/,"1630 Port Blvd, Miami, FL 33132, USA",Terminal 3,"25.770278, -80.168056"
USMIA,,SOU,SOUTH FLORIDA CONTAINER TERMINAL (SFCT),SOUTH FLORIDA CONTAINER TERMINAL LLC (SFCT),2020-10-01,2015-09-22,,https://www.southfloridacontainer.com/,"2299 Port Boulevard, Miami, FL 33132, USA",Terminal 1,"25.766389, -80.150833"
USMOB,,APMT,APM TERMINALS MOBILE,APM TERMINALS MOBILE,2020-01-24,2016-05-03,,https://www.apmterminals.com/en/mobile,"901 Ezra Trice Blvd, Mobile, AL 36603, USA",,"30.668056, -88.033889"
USMSY,,NOLA,NAPOLEON CONTAINER TERMINAL,"PORTS AMERICA, LLC",2023-01-01,2005-09-19,,https://www.portnola.com/business/cargo/terminals,"5901 Terminal Dr, New Orleans, LA 70115, USA",,"29.9125, -90.110556"
USMSY,,NOT,NEW ORLEANS TERMINAL (NOT),"NEW ORLEANS TERMINAL, LLC",,2023-01-01,,https://www.notml.com/,"50 Napoleon Avenue, New Orleans, LA 70115, USA",,"29.9125, -90.106111"
USNTD,,HUE,PORT HUENEME,PORT HUENEME,,2014-09-02,,https://www.portofhueneme.org/,"333 Ponoma Street, Port Hueneme, CA 93041, USA",,"34.1475, -119.205556"
USNYC,USEWR,APMT,APM TERMINALS ELIZABETH,APM TERMINALS ELIZABETH,2020-02-29,2016-05-03,,https://www.apmterminals.com/en/port-elizabeth,"5080 McLester Street, Elizabeth, NJ 07207, USA",,"40.66, -74.148889"
USNYC,,GTC,GCT BAYONNE,GLOBAL CONTAINER TERMINALS,2017-08-04,2004-05-31,,https://globalterminalsbayonne.com,"302 Port Jersey Boulevard, Jersey City, NJ 07305, USA",,"40.6725, -74.0825"
USNYC,USUYU,NYCT,GCT NEW YORK,GLOBAL CONTAINER TERMINALS,2019-05-29,2004-05-31,,https://globalterminalsnewyork.com,"300 Western Avenue, Staten Island, NY 10303, USA",,"40.640833, -74.189167"
USNYC,,MAHER,MAHER CONTAINER TERMINAL,"MAHER TERMINALS, LLC",2020-02-29,2014-09-15,,https://www.maherterminals.com/,"Building 1210, Corbin Street, Port Elizabeth, NJ 07201, USA",,"40.683056, -74.153889"
USNYC,USEWR,PNCT,PORT NEWARK CONTAINER TERMINAL,PORTS AMERICA,2020-02-29,2018-10-04,,https://www.pnct.net/content/show/Facilities,"241 Calcutta Street, Port Newark, NJ 07114, USA",,"40.684167, -74.150556"
USNYC,USEWR,RHBT,RED HOOK BARGE TERMINAL NEWARK,RED HOOK TERMINALS,,2022-01-19,,https://www.redhookterminals.com/,"138 Marsh Street, Port Newark, NJ 07114, USA","Sister terminal to the RHCT in Brooklyn, NY. Berth 4 in Port Newark, New Jersey.","40.697222, -74.150556"
USNYC,,RHCT,RED HOOK CONTAINER TERMINAL,RED HOOK TERMINALS,,2021-03-01,,https://www.redhookterminals.com/,"70 Hamilton Avenue, Brooklyn, NY 11231, USA",,"40.685278, -74.01"
USOAK,,BENT,BEN E. NUTTER TERMINAL,"EVERPORT TERMINAL SERVICES, LTD. (ETS)",,2021-10-24,,https://www.oaklandseaport.com/seaport-resources/facilities/,"5190 7th Street, Oakland, CA 94607, USA",Berths 35-38,"37.807222, -122.339444"
USOAK,,MATS,MATSON TERMINAL (B63),"SSA TERMINALS, LLC",,2021-10-24,,https://www.matson.com/matnav/ports/oakland.html,"1579 Middle Harbor Road, Oakland, CA 94607, USA",Berths 60-63,"37.793611, -122.299444"
USOAK,,B58,OAKLAND INTERNATIONAL CONTAINER TERMINAL (OICT),"SSA TERMINALS (OAKLAND), LLC",2020-02-29,2014-09-15,,https://www.ssamarine.com/locations/oakland-international-container-terminal/,"1717 Middle Harbor Road, Oakland, CA 94607, USA",Berths 55-59. West gate: 1999 Middle Harbor Road. East gate: 2505 Middle Harbor Road.,"37.796389, -122.314167"
USOAK,,TPOAK,TRAPAC CONTAINER TERMINAL,TRAPAC,2020-01-24,2014-09-15,,https://oakland.trapac.com/,"Berth 30-32, Oakland, CA 94607, USA",Berths 25-33,"37.81, -122.323056"
USORF,,NIT,NORFOLK INTERNATIONAL TERMINALS (NIT),VIRGINIA PORT AUTHORITY,,2004-05-31,,https://www.portofvirginia.com/capabilities/,"7737 Hampton Blvd., Norfolk, VA 23505, USA",,"36.925833, -76.329167"
USPCV,,CCT,CANAVERAL CARGO TERMINAL,GULFTAINER USA,,2022-01-19,,https://www.gulftainer.com/terminals/usa/port-canaveral/,"9180 Grouper Rd, Port Canaveral, FL 32920, USA",,"28.412778, -80.619167"
USPDX,,PT6,PORTLAND TERMINAL 6,HARBOR INDUSTRIAL SERVICES CORP,2025-09-16,2004-05-31,,https://www.portofportland.com/Terminal6,"7201 N Marine Dr, Portland, OR 97203, USA",,"45.638333, -122.746667"
USPEF,,CRO,CROWLEY TERMINAL,CROWLEY LOGISTICS,,2025-02-25,,https://www.crowley.com/logistics/,"4300 McIntosh Road, Ft. Lauderdale, FL 33316, USA",,"26.066111, -80.116389"
USPEF,,FIT,FLORIDA INTERNATIONAL TERMINAL,"FLORIDA INTERNATIONAL TERMINAL, LLC",,2004-05-31,,https://www.fitpev.com/index.php/en/,"3800 McIntosh Road, Hollywood, FL 33316, USA",,"26.0725, -80.116667"
USPEF,,HYDE,HYDE SHIPPING TERMINAL,HYDE SHIPPING LTD.,,2022-01-19,,https://www.hydeshipping.com/3/default.asp?p=home,"1801 SE 28th St, Fort Lauderdale, FL 33316, USA",,"26.089722, -80.121111"
USPEF,,PET,PORT EVERGLADES TERMINAL,"PORT EVERGLADES TERMINAL, LLC",2020-02-29,2015-09-22,,https://www.petpev.com/,"4200 McIntosh Road, Hollywood, FL 33316, USA",,"26.068333, -80.115833"
USPHL,,PAMT,PACKER AVENUE MARINE TERMINAL,"GREENWICH TERMINALS, LLC",,2004-05-31,,https://www.philaport.com/facilities/packer-avenue-marine-terminal/,"3301 S. Columbus Blvd., Philadelphia, PA 19148, USA",,"39.901667, -75.135"
USPHL,,PSAP,PSA PENN TERMINALS,"PSA PENN TERMINALS, LLC",,2021-03-01,,https://psa-pennterminals.com/,"1 Saville Avenue, Eddystone, PA 19022, USA",,"39.850556, -75.340556"
USPME,,PMT,PORT MANATEE TERMINAL,SEAPORT MANATEE,,2023-04-13,,https://www.seaportmanatee.com/,"1705 Piney Point Rd, Palmetto, FL 34221, USA","Berths 12, 14","27.629722, -82.563056"
USPTM,,PMT,PORTSMOUTH MARINE TERMINAL (PMT),VIRGINIA PORT AUTHORITY,2020-02-29,2014-09-15,,https://www.portofvirginia.com/capabilities/,"2000 Seaboard Ave, Portsmouth, VA 23707, USA",,"36.857222, -76.324722"
USPTM,USORF,VIG,VIRGINIA INTERNATIONAL GATEWAY (VIG),VIRGINIA PORT AUTHORITY,2020-02-29,2015-09-22,,https://www.portofvirginia.com/capabilities/,"1000 Virginia International Gateway Blvd, Portsmouth, VA 23703, USA",,"36.875278, -76.35"
USPWM,,IMT,INTERNATIONAL MARINE TERMINAL (IMT),MAINE PORT AUTHORITY,,2022-01-19,,https://www.maineports.com/international-marine-terminal,"468 Commercial St, Portland, ME 04101, USA",,"43.647222, -70.257778"
USSAN,,TAMT,TENTH AVENUE MARINE TERMINAL,PORT OF SAN DIEGO,,2025-01-14,,https://www.portofsandiego.org/maritime/terminals,"623 Switzer St, San Diego, CA 92101, USA",,"32.699444, -117.159167"
USSAV,,GCMT,GARDEN CITY MARINE TERMINAL,GEORGIA PORTS AUTHORITY,,2004-05-31,,https://gaports.com/facilities/port-of-savannah/garden-city-terminal/,"2 Main Street, Garden City, GA 31408, USA",,"32.128333, -81.14"
USSAV,,OCT,OCEAN TERMINAL SAVANNAH,GEORGIA PORTS AUTHORITY,,2021-03-01,,https://gaports.com/facilities/port-of-savannah/ocean-terminal/,"55 North Lathrop Ave., Savannah, GA 31401, USA",,"32.0925, -81.105278"
USSEA,,SSA18,SSA TERMINAL T18,"SSA TERMINALS (SEATTLE TERMINALS), LLC (SSAT/ST)",,2004-05-31,,https://www.ssamarine.com/locations/terminal-18/,"1050 SW Spokane St., Seattle, WA 98134, USA",,"47.58, -122.346667"
USSEA,,SSA30,SSA TERMINAL T30,"SSA TERMINALS (SEATTLE), LLC (SSAT)",,2021-10-24,,https://www.ssamarine.com/locations/terminal-30/,"2431 East Marginal Way South, Seattle, WA 98134, USA",,"47.583333, -122.342778"
USSEA,,SSA5,SSA TERMINAL T5,"SSA TERMINALS (SEATTLE TERMINALS), LLC (SSAT/ST)",,2022-08-01,,https://www.ssamarine.com/locations/terminal-5/,"3443 W Marginal Way SW, Seattle, WA 98106, USA","T5 reopened after modernization on 2022-01-07, with SSA operating and MSC vessels calling.","47.578333, -122.3625"
USTIW,,HUSKY,HUSKY TERMINAL,"HUSKY TERMINAL & STEVEDORING, INC.",,2021-10-24,,https://www.huskyterminal.com/,"1101 Port of Tacoma Rd. Terminal 4, Tacoma, WA 98421, USA",,"47.273889, -122.409444"
USTIW,,PCT,PIERCE COUNTY TERMINAL (PCT),"EVERPORT TERMINAL SERVICES, LTD. (ETS)",,2014-07-22,,https://www.etslink.com/,"4015 SR-509 N. Frontage Rd., Tacoma, WA 98421, USA",,"47.253333, -122.378056"
USTIW,,WUT,WASHINGTON UNITED TERMINALS (WUT),WASHINGTON UNITED TERMINALS (WUT),,2004-05-31,,https://www.uswut.com/,"1815 Port of Tacoma Rd., Tacoma, WA 98421, USA",,"47.261667, -122.39"
USTIW,,WSIT,WEST SITCUM TERMINAL,"SSA TERMINALS, LLC (WEST SITCUM)",,2022-01-19,,https://www.ssamarine.com/locations/ssa-terminals-tacoma/,"1002 Milwaukee Way, Tacoma, WA 98421, USA",Formerly APM Terminals Tacoma.,"47.268056, -122.4175"
USTPA,,PTCT,TAMPA CONTAINER TERMINAL,PORTS AMERICA,,2022-01-19,,https://www.portsamerica.com/locations/portoftampa-florida,"2999 Guy N. Verger Blvd, Tampa, FL 33605, USA",,"27.911944, -82.429444"
UYMVD,,MONTE,MONTECON,MONTECON SA,,2004-05-31,,https://en.montecon.com.uy/,"Rambla 25 de Agosto S/N, 11000 Montevideo, Dpto. de Montevideo, Uruguay",,"-34.900278, -56.206667"
UYMVD,,TCDP,TERMINAL CUENCA DEL PLATA,TERMINAL CUENCA DEL PLATA SA,,2004-05-31,,https://www.terminaltcp.com.uy/,"Rambla 25 de Agosto de 1825, 11000 Montevideo, Dpto. de Montevideo, Uruguay",,"-34.905278, -56.220278"
UYPTP,,MDP,TERMINAL PORTUARIA PUNTA PEREIRA (TPPP),MONTES DEL PLATA,2020-02-29,2015-06-11,,https://antaresshipping.com/uruguay/punta-pereira/,"Ruta N° 55, 70000 Conchillas, Dpto. de Colonia, Uruguay",,"-34.223889, -58.074167"
VCCRP,,CPCP,CAMPDEN PARK CONTAINER PORT,ST. VINCENT AND THE GRENADINES PORT AUTHORITY,,2023-04-13,,http://www.svgpa.com/,"Campden Park Bay, P.O. Box 1797, Campden Park, St. Vincent and the Grenadines",,"13.17, -61.248333"
VEGUA,,PGUA,PUERTO INTERNACIONAL DE GUARANAO (IAPPEF),INSTITUTO AUTONOMO DE PUERTOS PUBLICOS DEL ESTADO FALCON (IAPPEF),,2025-02-01,,,"Av. Bolivar, Punta Cardón 4125, Falcón, Venezuela",,"11.670833, -70.211944"
VEGUT,,GUTGU,PUERTO DE GUANTA,"BOLIVARIANA DE PUERTOS (BOLIPUERTOS), S.A.",2020-02-29,2017-11-21,,https://www.bolipuertos.gob.ve/,"Av. Raul Leoni, Guanta 6014, Anzoátegui, Venezuela",,"10.245833, -64.595833"
VELAG,,TECLG,TERMINAL ESPECIALIZADA DE CONTENEDORES (TEC),"BOLIVARIANA DE PUERTOS (BOLIPUERTOS), S.A.",2020-02-29,2017-06-09,,https://www.bolipuertos.gob.ve/,"Av. La Playa, Maiquetía 1161, La Guaira, Venezuela",,"10.603056, -66.948889"
VEMAR,,PMAR,PUERTO DE MARACAIBO (BOLIPUERTOS),"BOLIVARIANA DE PUERTOS (BOLIPUERTOS), S.A.",,2025-02-01,,https://www.bolipuertos.gob.ve/,"Av. El Milagro, Maracaibo 4001, Zulia, Venezuela",,"10.636944, -71.603056"
VEPBL,,BOPBL,BOLIPUERTOS PUERTO CABELLO,"BOLIVARIANA DE PUERTOS (BOLIPUERTOS), S.A.",,2004-05-31,,https://www.bolipuertos.gob.ve/,"Avenida 1, Puerto Cabello 2050, Carabobo, Venezuela",,"10.468889, -67.998611"
VGRAD,,PPCT,PORT PURCELL CARGO TERMINAL TORTOLA,BRITISH VIRGIN ISLANDS PORTS AUTHORITY (BVIPA),,2025-02-25,,https://www.bviports.org/,"#2 Port, Purcell Rd, Road Town VG1100, British Virgin Islands",,"18.426389, -64.609444"
VICHA,,CBCP,CROWN BAY CARGO PORT ST. THOMAS,VIRGIN ISLANDS PORT AUTHORITY (VIPA),,2025-02-25,,https://www.viport.com/crown-bay-cargo-port,"Crown Bay Rd, Charlotte Amalie, St. Thomas, VI 00802, US Virgin Islands",,"18.335556, -64.95"
VICTD,,WACP,WILFRED ALLICK CONTAINER PORT ST. CROIX,VIRGIN ISLANDS PORT AUTHORITY (VIPA),,2025-02-25,,https://www.viport.com/wallickstx,"Wilfred Allick Container Port, Christiansted, St. Croix, VI 00823, US Virgin Islands",,"17.696111, -64.754444"
VNC8Q,,CLIP,CHU LAI INTERNATIONAL PORT,TRUONG HAI INTERNATIONAL LOGISTICS LLC (THILOGI),,2026-06-09,,https://thilogi.vn/en/subsidiaries/chu-lai-international-port/,"Khu CN, Nui Thanh Ward, Da Nang, 56000, Da Nang City, Vietnam","Berth 1 (471 m): Bulk, liquid, gas cargo; Berth 2 (365 m): Container cargo","15.476944, 108.628611"
VNDAD,,DNT,DA NANG TERMINAL,DA NANG PORT,,2022-05-01,,https://danangport.com,"1 Yet Kieu Street, Tien Sa Port, Tho Quang Ward, Son Tra Dist., Da Nang, 50412, Da Nang Province, Vietnam",,"16.120278, 108.216944"
VNHLG,,CICT,CAI LAN INTERNATIONAL CONTAINER TERMINAL (CICT),"CAI LAN INTERNATIONAL CONTAINER PORT CO., LTD",,2023-01-01,,https://cict.com.vn/#gsc.tab=0,"No. 1, Cai Lan Road, Bai Chay Ward, Ha Long City, Quang Ninh Province, Vietnam","Berths 2,3,4","20.976389, 107.050833"
VNHPH,,CVP,CHUA VE PORT,PORT OF HAI PHONG JSC - CHUA VE TERMINAL,2020-02-29,2015-06-24,,https://haiphongport.com.vn/en/subsidiaries/chua-ve-terminal.html,"Le Thanh Tong Street, Dong Hai 1 Ward, Hai An Dist., Haiphong City, Haiphong Province, Vietnam",,"20.859722, 106.729167"
VNHPH,,DINHVU,DINH VU PORT,DINH VU PORT INVESTMENT & DEVELOPMENT JOINT STOCK COMPANY,2020-02-29,2015-06-12,,https://dinhvuport.com.vn/,"Dinh Vu Port, Dong Hai 2 Ward, Hai An Dist., Haiphong City, Haiphong Province, Vietnam",,"20.841667, 106.770278"
VNHPH,,DOANXA,DOAN XA PORT,DOAN XA PORT JOINT STOCK COPORATION,2020-02-29,2015-06-12,,https://doanxaport.com.vn/,"15 Ngo Quyen str., Van My Ward, Ngo Quyen Dist., Haiphong City, Haiphong Province, Vietnam",,"20.869167, 106.718056"
VNHPH,,GREEN,GREENPORT,GREENPORT,2020-02-29,2015-06-24,,https://greenport.com.vn/,"No. 1 Ngo Quyen Str., Dong Hai 1 Ward, Hai An Dist., Haiphong City, Haiphong Province, Vietnam","2 berths, 350m length","20.864444, 106.723333"
VNHPH,,HAIAN,HAI AN PORT,"HAI AN PORT CO., LTD.",2020-02-29,2015-06-12,,https://haiants.vn/haian-port-.ltd-co-m12.html,"Dong Hai, Hai An Dist., Haiphong City, Haiphong Province, Vietnam",,"20.849167, 106.753333"
VNHPH,,VNCHL,HAI PHONG INTERNATIONAL CONTAINER TERMINAL (TC-HICT),"HAI PHONG INTERNATIONAL CONTAINER TERMINAL CO., LTD",2020-02-29,2019-04-14,,https://hict.net.vn/Pages/Default.aspx,"Don Luong Area, Cat Hai Town, Cat Hai Dist., Haiphong City, Haiphong Province, Vietnam","Lach Huyen port, berths 1,2","20.799167, 106.9075"
VNHPH,,NP128,HAI PHONG TAN CANG 128,HAI PHONG TAN CANG 128 JSC (TC128),2020-02-29,2015-06-12,,https://saigonnewport.com.vn/en/port-company/tan-cang-128-hai-phong-terminal,"Ha Doan, Dong Hai 2 Ward, Hai An Dist., Haiphong City, Haiphong Province, Vietnam",,"20.855, 106.739722"
VNHPH,,TC189,HAI PHONG TAN CANG 189,HAI PHONG TAN CANG 189 JSC (TC189),,2022-05-01,,https://saigonnewport.com.vn/cang-cong-ty/tan-cang-189-hai-phong,"189 Dinh Vu st., Dong Hai 2 Ward, Hai An Dist., Haiphong City, 187615, Haiphong Province, Vietnam",,"20.846944, 106.760278"
VNHPH,,HTIT,HAIPHONG PORT TIL INTERNATIONAL TERMINAL (HTIT),"HAIPHONG PORT TIL INTERNATIONAL TERMINAL CO., LTD.",,2025-05-26,,https://eport.htit.com.vn/,"Don Luong Quarter, Cat Hai Town, Cat Hai Dist., Haiphong City, Haiphong Province, Vietnam","Lach Huyen port, berths 3,4","20.793611, 106.911111"
VNHPH,,HHIT,HATECO HAIPHONG INTL CONTAINER TERMINAL (HHIT),"HATECO HAIPHONG INTERNATIONAL CONTAINER PORT CO., LTD.",,2025-01-14,,https://hhit.com.vn/,"Berth no 5&6, Lach Huyen Port, Cat Hai Dist., Haiphong City, Haiphong Province, Vietnam","Lach Huyen port, berths 5,6","20.7875, 106.915"
VNHPH,,MAIN,HOANG DIEU PORT (MAIN PORT),PORT OF HAI PHONG JSC - HOANG DIEU TERMINAL,2020-02-29,2022-05-01,,https://haiphongport.com.vn/en/subsidiaries/hoang-dieu-terminal.html,"No. 3 Le Thanh Tong Street, May To Ward, Ngo Quyen Dist., Haiphong City, Haiphong Province, Vietnam",,"20.868333, 106.691111"
VNHPH,,MPC,MPC PORT,MIPEC PORT JOINT STOCK COMPANY,,2024-09-02,,http://www.mpcport.com/,"Dinh Vu - Cat Hai Industrial Zone, Dong Hai 2 Ward, Hai An Dist., Haiphong City, Haiphong Province, Vietnam",,"20.826667, 106.805278"
VNHPH,,NDV,NAM DINH VU PORT,GEMADEPT CORP.,,2022-06-01,,https://ndv.gemadept.com.vn/en/,"Lot CA1, Nam Dinh Vu Industrial Park (Zone 1), Dong Hai 2 Ward, Hai An Dist., Haiphong City, Haiphong Province, Vietnam",Pier length 440m,"20.823611, 106.819167"
VNHPH,,NHDV,NAM HAI DINH VU PORT,NAM HAI DINH VU,2020-02-29,2015-06-12,,https://nhdp.com.vn/en/,"Km 6 Dinh Vu Road, Dong Hai 2 Ward, Hai An Dist., Haiphong City, Haiphong Province, Vietnam",Pier length 450m,"20.830556, 106.786667"
VNHPH,,NAMHAI,NAM HAI PORT,NAM HAI PORT JOINT STOCK COPORATION,2020-02-29,2015-06-12,,https://namhaiport.com.vn/,"201 Ngo Quyen, May Chai Ward, Ngo Quyen Dist., Haiphong City, Haiphong Province, Vietnam",Pier length 145m,"20.870278, 106.716944"
VNHPH,,PTSC,PTSC DINH VU PORT,PETROLEUM SERVICES JOINT STOCK COMPANY (PTSC),,2022-05-01,,https://ptscdinhvu.com.vn/,"Dinh Vu st., Dong Hai 2 Ward, Hai An Dist., Haiphong City, 187615, Haiphong Province, Vietnam",,"20.843056, 106.767778"
VNHPH,,TANVU,TAN VU PORT,PORT OF HAI PHONG JSC - TAN VU TERMINAL,2020-02-29,2015-06-12,,https://haiphongport.com.vn/en/subsidiaries/tan-vu-terminal.html,"Dinh Vu - Cat Hai Economic Zone, Dong Hai 2 Ward, Hai An Dist., Haiphong City, Haiphong Province, Vietnam",,"20.838333, 106.775"
VNHPH,,VIMC,VIMC DINH VU PORT,VIMC DINH VU PORT JOINT STOCK COMPANY,,2022-06-01,,https://vimcdinhvu.com.vn,"Dinh Vu - Cat Hai Economic Zone, Dong Hai 2 Ward, Hai An Dist., Haiphong City, Haiphong Province, Vietnam","Pier 1, length 240m","20.834444, 106.780556"
VNHPH,,VGR,VIP GREENPORT,VIP GREENPORT JOINT STOCK COMPANY,,2022-06-01,,https://vipgreenport.com.vn/,"Dinh Vu - Cat Hai Economic Zone, Dong Hai 2 Ward, Hai An Dist., Haiphong City, Haiphong Province, Vietnam",Pier length 377m,"20.828333, 106.789444"
VNNGH,,NSIP,NGHI SON INTERNATIONAL PORT,"NGHI SON INTERNATIONAL PORT CO., LTD",,2025-07-16,,https://vasport.com.vn/,"Ha Tan Hamlet, Hai Ha Commune, Nghi Son Town, Thanh Hoa Province, Vietnam",,"19.314722, 105.811111"
VNSGN,,SPCT,SAIGON PREMIER CONTAINER TERMINAL (SPCT),SAIGON PREMIER CONTAINER TERMINAL,2020-02-29,2015-03-10,,https://www.spct.vn/en/home-2/,"Lot C-17, Hiep Phuoc Industrial Park, Nha Be Dist., Ho Chi Minh City, Ho Chi Minh City, Vietnam",,"10.64, 106.760556"
VNSGN,,SPITC,SP-ITC INTERNATIONAL CONTAINER TERMINAL,INTERNATIONAL TRANSPORT AND TRADE JOINT STOCK COMPANY (ITC),,2024-08-20,,https://www.sp-itc.com.vn/,"Nguyen Thi Tu Street (old 990), Phu Huu Ward, District 9, Ho Chi Minh City, Ho Chi Minh City, Vietnam",,"10.782778, 106.8175"
VNSGN,,CATLAI,TAN CANG - CAT LAI TERMINAL,TAN CANG GROUP COMPANY,2024-08-20,2015-03-10,,https://saigonnewport.com.vn/en/port-company/tan-cang-cat-lai-terminal-tccl,"722 Dien Bien Phu St., Ward 22, Binh Thanh Dist., Ho Chi Minh City, Ho Chi Minh City, Vietnam",,"10.760833, 106.795"
VNSGN,,TCHP,TAN CANG - HIEP PHUOC TERMINAL (TCHP),TAN CANG GROUP COMPANY,,2024-08-20,,https://saigonnewport.com.vn/en/port-company/tan-cang-hiep-phuoc-terminal-tchp,"Lot A9, Zone A, Hiep Phuoc Industrial Park, Long Thoi Commune, Nha Be Dist., Ho Chi Minh City, Ho Chi Minh City, Vietnam","Considered part of the expanded Tan Cang - Cat Lai Terminal, therefore also referred to as Cat Lai Terminal D.","10.647222, 106.743889"
VNSGN,,TCPH,TAN CANG - PHU HUU TERMINAL (TCPH),TAN CANG GROUP COMPANY,,2024-08-20,,https://saigonnewport.com.vn/en/port-company/tan-cang-phu-huu-terminal-tcph,"Nguyen Thi Tu Street, Phu Huu Ward, Thu Duc City, Ho Chi Minh City, Ho Chi Minh City, Vietnam","Considered part of the expanded Tan Cang - Cat Lai Terminal, therefore also referred to as Cat Lai Terminal C.","10.777778, 106.809167"
VNSGN,,VICT,VIETNAM INTERNATIONAL CONTAINER TERMINALS (VICT),VIETNAM INTERNATIONAL CONTAINER TERMINALS (VICT),,2022-02-01,,https://www.vict-vn.com,"13 Ben Nghe St., Tan Thuan Dong Ward, District 7, Ho Chi Minh City, Ho Chi Minh City, Vietnam",,"10.769167, 106.736389"
VNUIH,,QNT,QUI NHON TERMINAL,QUI NHON PORT JOINT STOCK COMPANY,,2022-05-01,,https://www.quynhonport.vn,"2 Phan Chu Trinh, Hai Cang Ward, Qui Nhon City, Binh Dinh Province, Vietnam",,"13.778889, 109.243889"
VNVUT,,CMIT,CAI MEP INTERNATIONAL TERMINAL (CMIT),"CAI MEP INTERNATIONAL TERMINAL CO., LTD.",2020-02-29,2015-03-10,,https://www.cmit.com.vn/en/home,"Tan Loc Quarter, Phuoc Hoa Ward, Phu My Town, Ba Ria, Ba Ria - Vung Tau Province, Vietnam",,"10.514722, 107.013056"
VNVUT,,GML,GEMALINK INTERNATIONAL PORT (GML),GEMALINK INTERNATIONAL PORT (GML),,2022-02-01,,https://gml.gemadept.com.vn/en/,"Tan Loc Quarter, Phuoc Hoa Ward, Phu My Town, Ba Ria, 78715, Ba Ria - Vung Tau Province, Vietnam",,"10.497778, 107.001389"
VNVUT,,SITV,SAIGON INTERNATIONAL TERMINALS VIETNAM (SITV),HUTCHISON PORTS SITV,,2024-08-20,,https://www.sitv.com.vn/,"Cai Mep - Thi Vai Port Road, Phu My Ward, Phu My Town, Ba Ria, Ba Ria - Vung Tau Province, Vietnam",,"10.598889, 107.023611"
VNVUT,,VNSST,SP-SSA INTERNATIONAL TERMINAL (SSIT),SSA MARINE,2020-02-29,2019-04-14,,https://www.ssit.com.vn/,"Phuoc Loc Quarter, Phuoc Hoa Ward, Phu My Town, Ba Ria, Ba Ria - Vung Tau Province, Vietnam",,"10.505556, 107.006944"
VNVUT,,TCIT,TAN CANG - CAI MEP INTERNATIONAL TERMINAL (TCIT),"TAN CANG - CAI MEP INTERNATIONAL TERMINAL CO., LTD.",2020-02-29,2015-03-10,,https://www.tcit.com.vn/,"7th Floor, Saigon Newport Building, Tan Phuoc Ward, Phu My Town, Ba Ria, Ba Ria - Vung Tau Province, Vietnam",,"10.538333, 107.028889"
VNVUT,,TCTT,TAN CANG - CAI MEP THI VAI TERMINAL (TCTT),"TAN CANG - CAI MEP THI VAI TERMINAL CO., LTD.",,2022-02-01,,https://saigonnewport.com.vn/en/port-company/tan-cang-cai-mep-thi-vai-terminal-tctt,"Road 965, Tan Thanh Commune, Phuoc Hoa Ward, Ba Ria, Ba Ria - Vung Tau Province, Vietnam",,"10.509722, 107.010833"
VUVLI,,LICT,PORT VILA - LAPETASI INTERNATIONAL CT (LICT),IFIRA PORTS DEVELOPMENT & SERVICES CO. LTD. (IPDS),,2024-08-20,,https://lca.logcluster.org/vanuatu-211-port-port-vila,"Wharf Rd, Port Vila, Shefa, Vanuatu",,"-17.755, 168.304722"
WSAPW,,POA,PORT OF APIA,SAMOA PORT AUTHORITY,2020-02-29,2016-08-01,,https://www.spasamoa.ws/apia-port-facilities/main-port,"Beach Rd, Apia, Tuamasaga, Samoa",,"-13.825556, -171.762222"
YEADE,,ACT,ADEN CONTAINER TERMINAL,ADEN CONTAINER TERMINAL,,2021-03-01,,https://www.portofaden.net/en/site/page/12/Aden%20Container%20Terminals,"Aden Container Port, Aden, Aden Governorate, Yemen",,"12.804722, 44.995556"
YEADE,,MCT,MA'ALLA CONTAINER TERMINAL,MA'ALLA CONTAINER TERMINAL,,2021-03-01,,https://www.portofaden.net/en/site/page/13/Ma'alla%20Multipurpose%20Terminal,"Port of Aden, Aden, Aden Governorate, Yemen",,"12.797222, 45.007222"
YEHOD,,HOD,PORT OF HODEIDAH,YEMEN RED SEA PORTS CORPORATION (YRSPC),,2023-09-07,,https://english.yrspc.gov.ye/index.php/port/hodeidahport,"Mina Street, Al Hudaydah, Al Hudaydah Governorate, Yemen",,"14.838611, 42.937778"
YEMKX,,MUK,PORT OF MUKALLA,YEMEN ARABIAN SEA PORTS CORPORATION (YASPC),,2023-09-07,,https://www.yaspc.co/en/ports-of-the-enterprise/port-of-mukalla/,"Mukalla Port, Al-Khalaf, Hadhramaut Governorate, Yemen",,"14.520278, 49.149722"
YTLON,,MCG,LONGONI TERMINAL,MCG MAYOTTE CHANNEL GATEWAY S.A.S.,,2022-02-01,,https://www.mcg-mayotte.com/,"Port de Longoni, BP 553 Kaweni, Mamoudzou, 97600, Mayotte",,"-12.723611, 45.164444"
ZACPT,,FPT,FRESH PRODUCE TERMINAL,FPT GROUP,,2022-06-01,,https://fpt.co.za/cape-town/,"D Berth, Duncan Dock, South Arm Road, Cape Town, 8001, South Africa","Berths B, C & D","-33.9075, 18.427778"
ZACPT,,TNCM,MULTI PURPOSE TERMINAL (MPT),TRANSNET PORT TERMINALS,2020-01-24,2015-10-09,,https://www.transnetportterminals.net/pages/default.aspx,"100 Duncan Rd, Foreshore, Cape Town, 8001, South Africa",,"-33.9125, 18.429167"
ZACPT,,TNCT,TRANSNET PORT TERMINALS CAPE TOWN,TRANSNET PORT TERMINALS,2020-01-24,2004-05-31,,https://www.transnetportterminals.net/pages/default.aspx,"Block 4, Cape Town Habour, Duncan Rd, Foreshore, Cape Town, 8001, South Africa",,"-33.910833, 18.449722"
ZADUR,,MPTP,DURBAN POINT MULTI PURPOSE TERMINAL,TRANSNET PORT TERMINALS,,2025-04-01,,https://www.transnetportterminals.net/pages/default.aspx,"Quayside Rd, South Beach, Durban, 4001, South Africa","Berths C, D, E.","-29.873333, 31.041389"
ZADUR,,TNDRT,DURBAN POINT RORO TERMINAL,TRANSNET PORT TERMINALS,2020-01-24,2015-10-09,,https://www.transnetportterminals.net/pages/default.aspx,"Quayside Rd, South Beach, Durban, 4001, South Africa",,"-29.87, 31.0375"
ZADUR,,GMWT,GRINDROD MAYDON WHARF TERMINALS,GRINDROD MAYDON WHARF TERMINALS,2020-01-24,2004-05-31,,https://www.transnetportterminals.net/pages/default.aspx,"Crabtree Rd, Maydon Wharf, Durban, 4001, South Africa",,"-29.883611, 31.002222"
ZADUR,,TNP1,TRANSNET PORT TERMINALS DURBAN PIER 1,TRANSNET PORT TERMINALS,,2004-05-31,,https://www.transnetportterminals.net/pages/default.aspx,"Bayhead Rd, Bayhead, Durban, 4001, South Africa",,"-29.879722, 31.029722"
ZADUR,,TNP2,TRANSNET PORT TERMINALS DURBAN PIER 2,TRANSNET PORT TERMINALS,,2004-05-31,,https://www.transnetportterminals.net/pages/default.aspx,"Langeberg Rd, Bayhead, Durban, 4001, South Africa",,"-29.880556, 31.0175"
ZAELS,,TNMPT,TPT EAST LONDON MULTI PURPOSE TERMINAL,TRANSNET PORT TERMINALS,,2022-02-01,,https://www.transnetportterminals.net/pages/default.aspx,"1 Hely Hutchinson Road, Quigney, East London, 5211, South Africa",L berth (container/skip operations) 256m,"-33.025556, 27.911389"
ZAPLZ,,TNPE,TRANSNET PORT TERMINALS PORT ELIZABETH,TRANSNET PORT TERMINALS,,2004-05-31,,https://www.transnetportterminals.net/pages/default.aspx,"Green Street, Port Elizabeth, 6001, South Africa",,"-33.958333, 25.638056"
ZAZBA,,TNNQ,TRANSNET PORT TERMINALS NGQURA,TRANSNET PORT TERMINALS,2025-01-14,2004-05-31,,https://www.transnetportterminals.net/pages/default.aspx,"Neptune Road, Port of Ngqura, Port Elizabeth, 6100, South Africa",,"-33.800556, 25.681944"
